Table S7D. Region-level non-redundant HSF motif-coordinate placement metrics across PWM-score thresholds.					
					
Region ID	Region class	Region length (bp)	Relative PWM-score threshold	Non-redundant HSF motif-coordinate placements	Density (placements/kb)
Col0_AT1G11265_ONSEN1_leftLTRcandidate	ONSEN terminal candidate windows	800	0.8	90	112.5
Col0_AT1G11265_ONSEN1_rightLTRcandidate	ONSEN terminal candidate windows	800	0.8	76	95
Col0_AT1G21945_ONSEN7_leftLTRcandidate	ONSEN terminal candidate windows	800	0.8	80	100
Col0_AT1G21945_ONSEN7_rightLTRcandidate	ONSEN terminal candidate windows	800	0.8	66	82.5
Col0_AT1G48710_ONSEN5_leftLTRcandidate	ONSEN terminal candidate windows	800	0.8	90	112.5
Col0_AT1G48710_ONSEN5_rightLTRcandidate	ONSEN terminal candidate windows	800	0.8	83	103.75
Col0_AT1G58140_ONSEN4_leftLTRcandidate	ONSEN terminal candidate windows	800	0.8	72	90
Col0_AT1G58140_ONSEN4_rightLTRcandidate	ONSEN terminal candidate windows	800	0.8	84	105
Col0_AT3G32415_ONSEN8_leftLTRcandidate	ONSEN terminal candidate windows	800	0.8	89	111.25
Col0_AT3G32415_ONSEN8_rightLTRcandidate	ONSEN terminal candidate windows	800	0.8	78	97.5
Col0_AT3G59720_ONSEN6_leftLTRcandidate	ONSEN terminal candidate windows	800	0.8	85	106.25
Col0_AT3G59720_ONSEN6_rightLTRcandidate	ONSEN terminal candidate windows	800	0.8	71	88.75
Col0_AT3G61330_ONSEN2_leftLTRcandidate	ONSEN terminal candidate windows	800	0.8	76	95
Col0_AT3G61330_ONSEN2_rightLTRcandidate	ONSEN terminal candidate windows	800	0.8	89	111.25
Col0_AT5G13205_ONSEN3_leftLTRcandidate	ONSEN terminal candidate windows	800	0.8	86	107.5
Col0_AT5G13205_ONSEN3_rightLTRcandidate	ONSEN terminal candidate windows	800	0.8	100	125
BG_LTR_like_00069	Strict non-ONSEN TE background	1076	0.8	31	28.8104089219331
BG_LTR_like_00321	Strict non-ONSEN TE background	249	0.8	11	44.1767068273092
BG_LTR_like_00382	Strict non-ONSEN TE background	566	0.8	24	42.4028268551237
BG_LTR_like_00544	Strict non-ONSEN TE background	1953	0.8	75	38.4024577572965
BG_LTR_like_00545	Strict non-ONSEN TE background	794	0.8	33	41.5617128463476
BG_LTR_like_00598	Strict non-ONSEN TE background	454	0.8	3	6.6079295154185
BG_LTR_like_00976	Strict non-ONSEN TE background	373	0.8	4	10.7238605898123
BG_LTR_like_00977	Strict non-ONSEN TE background	219	0.8	5	22.8310502283105
BG_LTR_like_00988	Strict non-ONSEN TE background	575	0.8	25	43.4782608695652
BG_LTR_like_01007	Strict non-ONSEN TE background	320	0.8	10	31.25
BG_LTR_like_01035	Strict non-ONSEN TE background	1435	0.8	31	21.602787456446
BG_LTR_like_01083	Strict non-ONSEN TE background	204	0.8	2	9.80392156862745
BG_LTR_like_01139	Strict non-ONSEN TE background	236	0.8	3	12.7118644067797
BG_LTR_like_01218	Strict non-ONSEN TE background	220	0.8	0	0
BG_LTR_like_01304	Strict non-ONSEN TE background	362	0.8	2	5.52486187845304
BG_LTR_like_01309	Strict non-ONSEN TE background	510	0.8	21	41.1764705882353
BG_LTR_like_01341	Strict non-ONSEN TE background	355	0.8	14	39.4366197183099
BG_LTR_like_01399	Strict non-ONSEN TE background	225	0.8	6	26.6666666666667
BG_LTR_like_01400	Strict non-ONSEN TE background	309	0.8	11	35.5987055016181
BG_LTR_like_01528	Strict non-ONSEN TE background	673	0.8	25	37.147102526003
BG_LTR_like_01529	Strict non-ONSEN TE background	967	0.8	33	34.1261633919338
BG_LTR_like_01530	Strict non-ONSEN TE background	400	0.8	14	35
BG_LTR_like_01531	Strict non-ONSEN TE background	236	0.8	1	4.23728813559322
BG_LTR_like_01532	Strict non-ONSEN TE background	203	0.8	2	9.85221674876847
BG_LTR_like_01685	Strict non-ONSEN TE background	296	0.8	12	40.5405405405405
BG_LTR_like_01751	Strict non-ONSEN TE background	651	0.8	27	41.4746543778802
BG_LTR_like_01759	Strict non-ONSEN TE background	285	0.8	24	84.2105263157895
BG_LTR_like_01760	Strict non-ONSEN TE background	226	0.8	1	4.42477876106195
BG_LTR_like_01834	Strict non-ONSEN TE background	1972	0.8	32	16.2271805273834
BG_LTR_like_01871	Strict non-ONSEN TE background	663	0.8	23	34.6907993966817
BG_LTR_like_01872	Strict non-ONSEN TE background	331	0.8	23	69.4864048338369
BG_LTR_like_01873	Strict non-ONSEN TE background	215	0.8	6	27.906976744186
BG_LTR_like_01994	Strict non-ONSEN TE background	273	0.8	1	3.66300366300366
BG_LTR_like_02021	Strict non-ONSEN TE background	200	0.8	2	10
BG_LTR_like_02057	Strict non-ONSEN TE background	224	0.8	8	35.7142857142857
BG_LTR_like_02071	Strict non-ONSEN TE background	1613	0.8	35	21.6986980781153
BG_LTR_like_02081	Strict non-ONSEN TE background	221	0.8	3	13.5746606334842
BG_LTR_like_02102	Strict non-ONSEN TE background	475	0.8	19	40
BG_LTR_like_02114	Strict non-ONSEN TE background	280	0.8	2	7.14285714285714
BG_LTR_like_02135	Strict non-ONSEN TE background	260	0.8	15	57.6923076923077
BG_LTR_like_02136	Strict non-ONSEN TE background	373	0.8	5	13.4048257372654
BG_LTR_like_02139	Strict non-ONSEN TE background	265	0.8	20	75.4716981132075
BG_LTR_like_02143	Strict non-ONSEN TE background	1052	0.8	54	51.3307984790874
BG_LTR_like_02144	Strict non-ONSEN TE background	780	0.8	21	26.9230769230769
BG_LTR_like_02145	Strict non-ONSEN TE background	1759	0.8	43	24.4457077885162
BG_LTR_like_02152	Strict non-ONSEN TE background	586	0.8	48	81.9112627986348
BG_LTR_like_02159	Strict non-ONSEN TE background	639	0.8	23	35.9937402190923
BG_LTR_like_02160	Strict non-ONSEN TE background	280	0.8	15	53.5714285714286
BG_LTR_like_02161	Strict non-ONSEN TE background	1526	0.8	76	49.8034076015727
BG_LTR_like_02164	Strict non-ONSEN TE background	272	0.8	4	14.7058823529412
BG_LTR_like_02169	Strict non-ONSEN TE background	1548	0.8	28	18.0878552971576
BG_LTR_like_02172	Strict non-ONSEN TE background	891	0.8	28	31.4253647586981
BG_LTR_like_02176	Strict non-ONSEN TE background	1731	0.8	53	30.6181398035817
BG_LTR_like_02181	Strict non-ONSEN TE background	210	0.8	7	33.3333333333333
BG_LTR_like_02182	Strict non-ONSEN TE background	232	0.8	14	60.3448275862069
BG_LTR_like_02185	Strict non-ONSEN TE background	807	0.8	8	9.91325898389095
BG_LTR_like_02189	Strict non-ONSEN TE background	1256	0.8	38	30.2547770700637
BG_LTR_like_02190	Strict non-ONSEN TE background	203	0.8	3	14.7783251231527
BG_LTR_like_02191	Strict non-ONSEN TE background	272	0.8	5	18.3823529411765
BG_LTR_like_02192	Strict non-ONSEN TE background	1001	0.8	32	31.968031968032
BG_LTR_like_02202	Strict non-ONSEN TE background	468	0.8	8	17.0940170940171
BG_LTR_like_02231	Strict non-ONSEN TE background	325	0.8	9	27.6923076923077
BG_LTR_like_02232	Strict non-ONSEN TE background	452	0.8	15	33.1858407079646
BG_LTR_like_02233	Strict non-ONSEN TE background	1536	0.8	51	33.203125
BG_LTR_like_02234	Strict non-ONSEN TE background	423	0.8	12	28.3687943262411
BG_LTR_like_02235	Strict non-ONSEN TE background	311	0.8	16	51.4469453376206
BG_LTR_like_02236	Strict non-ONSEN TE background	205	0.8	2	9.75609756097561
BG_LTR_like_02237	Strict non-ONSEN TE background	509	0.8	17	33.3988212180747
BG_LTR_like_02238	Strict non-ONSEN TE background	416	0.8	23	55.2884615384615
BG_LTR_like_02243	Strict non-ONSEN TE background	1640	0.8	29	17.6829268292683
BG_LTR_like_02244	Strict non-ONSEN TE background	800	0.8	38	47.5
BG_LTR_like_02245	Strict non-ONSEN TE background	995	0.8	21	21.105527638191
BG_LTR_like_02250	Strict non-ONSEN TE background	796	0.8	14	17.5879396984925
BG_LTR_like_02251	Strict non-ONSEN TE background	1656	0.8	63	38.0434782608696
BG_LTR_like_02252	Strict non-ONSEN TE background	585	0.8	13	22.2222222222222
BG_LTR_like_02253	Strict non-ONSEN TE background	1662	0.8	65	39.1095066185319
BG_LTR_like_02254	Strict non-ONSEN TE background	211	0.8	29	137.440758293839
BG_LTR_like_02255	Strict non-ONSEN TE background	234	0.8	3	12.8205128205128
BG_LTR_like_02256	Strict non-ONSEN TE background	1232	0.8	59	47.8896103896104
BG_LTR_like_02257	Strict non-ONSEN TE background	1199	0.8	23	19.1826522101751
BG_LTR_like_02260	Strict non-ONSEN TE background	325	0.8	18	55.3846153846154
BG_LTR_like_02261	Strict non-ONSEN TE background	1137	0.8	26	22.8671943711522
BG_LTR_like_02280	Strict non-ONSEN TE background	1617	0.8	37	22.8818800247372
BG_LTR_like_02281	Strict non-ONSEN TE background	1443	0.8	34	23.5620235620236
BG_LTR_like_02288	Strict non-ONSEN TE background	1204	0.8	41	34.0531561461794
BG_LTR_like_02289	Strict non-ONSEN TE background	1136	0.8	49	43.1338028169014
BG_LTR_like_02290	Strict non-ONSEN TE background	717	0.8	18	25.1046025104603
BG_LTR_like_02291	Strict non-ONSEN TE background	837	0.8	36	43.010752688172
BG_LTR_like_02298	Strict non-ONSEN TE background	586	0.8	18	30.7167235494881
BG_LTR_like_02299	Strict non-ONSEN TE background	1118	0.8	43	38.4615384615385
BG_LTR_like_02300	Strict non-ONSEN TE background	214	0.8	9	42.0560747663551
BG_LTR_like_02301	Strict non-ONSEN TE background	1064	0.8	42	39.4736842105263
BG_LTR_like_02304	Strict non-ONSEN TE background	546	0.8	16	29.3040293040293
BG_LTR_like_02305	Strict non-ONSEN TE background	989	0.8	12	12.1334681496461
BG_LTR_like_02308	Strict non-ONSEN TE background	1526	0.8	24	15.7273918741809
BG_LTR_like_02309	Strict non-ONSEN TE background	1791	0.8	23	12.8419877163596
BG_LTR_like_02312	Strict non-ONSEN TE background	684	0.8	14	20.4678362573099
BG_LTR_like_02313	Strict non-ONSEN TE background	270	0.8	9	33.3333333333333
BG_LTR_like_02316	Strict non-ONSEN TE background	1315	0.8	48	36.5019011406844
BG_LTR_like_02317	Strict non-ONSEN TE background	1439	0.8	40	27.7970813064628
BG_LTR_like_02318	Strict non-ONSEN TE background	1389	0.8	46	33.117350611951
BG_LTR_like_02319	Strict non-ONSEN TE background	1068	0.8	19	17.7902621722846
BG_LTR_like_02320	Strict non-ONSEN TE background	606	0.8	30	49.5049504950495
BG_LTR_like_02321	Strict non-ONSEN TE background	1011	0.8	19	18.7932739861523
BG_LTR_like_02322	Strict non-ONSEN TE background	606	0.8	30	49.5049504950495
BG_LTR_like_02323	Strict non-ONSEN TE background	1788	0.8	70	39.1498881431767
BG_LTR_like_02328	Strict non-ONSEN TE background	344	0.8	3	8.72093023255814
BG_LTR_like_02333	Strict non-ONSEN TE background	931	0.8	26	27.9269602577873
BG_LTR_like_02334	Strict non-ONSEN TE background	1579	0.8	25	15.8328055731476
BG_LTR_like_02335	Strict non-ONSEN TE background	1392	0.8	46	33.0459770114943
BG_LTR_like_02338	Strict non-ONSEN TE background	247	0.8	13	52.6315789473684
BG_LTR_like_02339	Strict non-ONSEN TE background	436	0.8	20	45.8715596330275
BG_LTR_like_02340	Strict non-ONSEN TE background	227	0.8	1	4.40528634361233
BG_LTR_like_02341	Strict non-ONSEN TE background	1573	0.8	33	20.979020979021
BG_LTR_like_02342	Strict non-ONSEN TE background	1543	0.8	43	27.8677900194426
BG_LTR_like_02343	Strict non-ONSEN TE background	372	0.8	6	16.1290322580645
BG_LTR_like_02344	Strict non-ONSEN TE background	282	0.8	10	35.4609929078014
BG_LTR_like_02345	Strict non-ONSEN TE background	1608	0.8	38	23.6318407960199
BG_LTR_like_02346	Strict non-ONSEN TE background	631	0.8	27	42.7892234548336
BG_LTR_like_02347	Strict non-ONSEN TE background	281	0.8	7	24.9110320284697
BG_LTR_like_02348	Strict non-ONSEN TE background	1135	0.8	28	24.6696035242291
BG_LTR_like_02349	Strict non-ONSEN TE background	623	0.8	16	25.6821829855538
BG_LTR_like_02350	Strict non-ONSEN TE background	450	0.8	12	26.6666666666667
BG_LTR_like_02351	Strict non-ONSEN TE background	807	0.8	42	52.0446096654275
BG_LTR_like_02352	Strict non-ONSEN TE background	273	0.8	7	25.6410256410256
BG_LTR_like_02353	Strict non-ONSEN TE background	284	0.8	20	70.4225352112676
BG_LTR_like_02356	Strict non-ONSEN TE background	1948	0.8	45	23.1006160164271
BG_LTR_like_02357	Strict non-ONSEN TE background	1318	0.8	68	51.5933232169954
BG_LTR_like_02361	Strict non-ONSEN TE background	211	0.8	3	14.218009478673
BG_LTR_like_02364	Strict non-ONSEN TE background	1210	0.8	30	24.7933884297521
BG_LTR_like_02365	Strict non-ONSEN TE background	1451	0.8	58	39.9724328049621
BG_LTR_like_02366	Strict non-ONSEN TE background	1094	0.8	52	47.5319926873857
BG_LTR_like_02367	Strict non-ONSEN TE background	421	0.8	4	9.50118764845606
BG_LTR_like_02372	Strict non-ONSEN TE background	599	0.8	18	30.0500834724541
BG_LTR_like_02373	Strict non-ONSEN TE background	1216	0.8	27	22.2039473684211
BG_LTR_like_02374	Strict non-ONSEN TE background	1991	0.8	64	32.1446509291813
BG_LTR_like_02375	Strict non-ONSEN TE background	505	0.8	2	3.96039603960396
BG_LTR_like_02376	Strict non-ONSEN TE background	592	0.8	9	15.2027027027027
BG_LTR_like_02377	Strict non-ONSEN TE background	1398	0.8	28	20.0286123032904
BG_LTR_like_02378	Strict non-ONSEN TE background	1635	0.8	28	17.1253822629969
BG_LTR_like_02397	Strict non-ONSEN TE background	409	0.8	35	85.5745721271394
BG_LTR_like_02398	Strict non-ONSEN TE background	405	0.8	19	46.9135802469136
BG_LTR_like_02399	Strict non-ONSEN TE background	1648	0.8	33	20.0242718446602
BG_LTR_like_02400	Strict non-ONSEN TE background	1544	0.8	28	18.1347150259067
BG_LTR_like_02401	Strict non-ONSEN TE background	597	0.8	9	15.0753768844221
BG_LTR_like_02402	Strict non-ONSEN TE background	380	0.8	37	97.3684210526316
BG_LTR_like_02405	Strict non-ONSEN TE background	1191	0.8	24	20.1511335012594
BG_LTR_like_02406	Strict non-ONSEN TE background	483	0.8	8	16.5631469979296
BG_LTR_like_02407	Strict non-ONSEN TE background	486	0.8	16	32.9218106995885
BG_LTR_like_02408	Strict non-ONSEN TE background	253	0.8	18	71.1462450592885
BG_LTR_like_02409	Strict non-ONSEN TE background	210	0.8	9	42.8571428571429
BG_LTR_like_02410	Strict non-ONSEN TE background	1130	0.8	59	52.212389380531
BG_LTR_like_02411	Strict non-ONSEN TE background	870	0.8	21	24.1379310344828
BG_LTR_like_02412	Strict non-ONSEN TE background	798	0.8	15	18.796992481203
BG_LTR_like_02413	Strict non-ONSEN TE background	461	0.8	6	13.0151843817787
BG_LTR_like_02414	Strict non-ONSEN TE background	485	0.8	14	28.8659793814433
BG_LTR_like_02415	Strict non-ONSEN TE background	241	0.8	11	45.643153526971
BG_LTR_like_02416	Strict non-ONSEN TE background	1157	0.8	31	26.7934312878133
BG_LTR_like_02417	Strict non-ONSEN TE background	823	0.8	26	31.591737545565
BG_LTR_like_02418	Strict non-ONSEN TE background	577	0.8	16	27.7296360485269
BG_LTR_like_02419	Strict non-ONSEN TE background	435	0.8	31	71.2643678160919
BG_LTR_like_02420	Strict non-ONSEN TE background	218	0.8	5	22.9357798165138
BG_LTR_like_02421	Strict non-ONSEN TE background	1690	0.8	40	23.6686390532544
BG_LTR_like_02422	Strict non-ONSEN TE background	506	0.8	17	33.596837944664
BG_LTR_like_02425	Strict non-ONSEN TE background	369	0.8	2	5.42005420054201
BG_LTR_like_02426	Strict non-ONSEN TE background	1442	0.8	34	23.5783633841886
BG_LTR_like_02427	Strict non-ONSEN TE background	1686	0.8	27	16.0142348754448
BG_LTR_like_02428	Strict non-ONSEN TE background	1762	0.8	66	37.4574347332577
BG_LTR_like_02429	Strict non-ONSEN TE background	413	0.8	5	12.1065375302663
BG_LTR_like_02430	Strict non-ONSEN TE background	774	0.8	11	14.2118863049096
BG_LTR_like_02431	Strict non-ONSEN TE background	380	0.8	37	97.3684210526316
BG_LTR_like_02432	Strict non-ONSEN TE background	1191	0.8	24	20.1511335012594
BG_LTR_like_02433	Strict non-ONSEN TE background	483	0.8	8	16.5631469979296
BG_LTR_like_02434	Strict non-ONSEN TE background	486	0.8	16	32.9218106995885
BG_LTR_like_02435	Strict non-ONSEN TE background	253	0.8	18	71.1462450592885
BG_LTR_like_02436	Strict non-ONSEN TE background	210	0.8	9	42.8571428571429
BG_LTR_like_02437	Strict non-ONSEN TE background	1130	0.8	59	52.212389380531
BG_LTR_like_02438	Strict non-ONSEN TE background	870	0.8	21	24.1379310344828
BG_LTR_like_02439	Strict non-ONSEN TE background	798	0.8	15	18.796992481203
BG_LTR_like_02440	Strict non-ONSEN TE background	461	0.8	6	13.0151843817787
BG_LTR_like_02441	Strict non-ONSEN TE background	485	0.8	14	28.8659793814433
BG_LTR_like_02442	Strict non-ONSEN TE background	241	0.8	11	45.643153526971
BG_LTR_like_02443	Strict non-ONSEN TE background	1157	0.8	31	26.7934312878133
BG_LTR_like_02444	Strict non-ONSEN TE background	823	0.8	26	31.591737545565
BG_LTR_like_02445	Strict non-ONSEN TE background	577	0.8	16	27.7296360485269
BG_LTR_like_02446	Strict non-ONSEN TE background	435	0.8	31	71.2643678160919
BG_LTR_like_02447	Strict non-ONSEN TE background	218	0.8	5	22.9357798165138
BG_LTR_like_02448	Strict non-ONSEN TE background	1690	0.8	40	23.6686390532544
BG_LTR_like_02449	Strict non-ONSEN TE background	506	0.8	17	33.596837944664
BG_LTR_like_02452	Strict non-ONSEN TE background	369	0.8	2	5.42005420054201
BG_LTR_like_02453	Strict non-ONSEN TE background	1442	0.8	34	23.5783633841886
BG_LTR_like_02454	Strict non-ONSEN TE background	1686	0.8	27	16.0142348754448
BG_LTR_like_02455	Strict non-ONSEN TE background	604	0.8	33	54.635761589404
BG_LTR_like_02456	Strict non-ONSEN TE background	1733	0.8	34	19.6191575302943
BG_LTR_like_02459	Strict non-ONSEN TE background	421	0.8	37	87.8859857482185
BG_LTR_like_02460	Strict non-ONSEN TE background	1682	0.8	40	23.7812128418549
BG_LTR_like_02463	Strict non-ONSEN TE background	473	0.8	8	16.9133192389006
BG_LTR_like_02464	Strict non-ONSEN TE background	1341	0.8	21	15.6599552572707
BG_LTR_like_02465	Strict non-ONSEN TE background	245	0.8	12	48.9795918367347
BG_LTR_like_02466	Strict non-ONSEN TE background	1111	0.8	29	26.1026102610261
BG_LTR_like_02467	Strict non-ONSEN TE background	776	0.8	27	34.7938144329897
BG_LTR_like_02468	Strict non-ONSEN TE background	335	0.8	7	20.8955223880597
BG_LTR_like_02469	Strict non-ONSEN TE background	443	0.8	29	65.4627539503386
BG_LTR_like_02470	Strict non-ONSEN TE background	1612	0.8	42	26.0545905707196
BG_LTR_like_02471	Strict non-ONSEN TE background	506	0.8	7	13.8339920948617
BG_LTR_like_02472	Strict non-ONSEN TE background	211	0.8	1	4.739336492891
BG_LTR_like_02473	Strict non-ONSEN TE background	1451	0.8	33	22.7429359062715
BG_LTR_like_02474	Strict non-ONSEN TE background	1692	0.8	30	17.7304964539007
BG_LTR_like_02475	Strict non-ONSEN TE background	1801	0.8	50	27.7623542476402
BG_LTR_like_02478	Strict non-ONSEN TE background	1423	0.8	32	22.487702037948
BG_LTR_like_02479	Strict non-ONSEN TE background	1856	0.8	24	12.9310344827586
BG_LTR_like_02480	Strict non-ONSEN TE background	426	0.8	12	28.169014084507
BG_LTR_like_02481	Strict non-ONSEN TE background	300	0.8	7	23.3333333333333
BG_LTR_like_02482	Strict non-ONSEN TE background	669	0.8	19	28.4005979073244
BG_LTR_like_02483	Strict non-ONSEN TE background	321	0.8	6	18.6915887850467
BG_LTR_like_02484	Strict non-ONSEN TE background	1525	0.8	30	19.672131147541
BG_LTR_like_02485	Strict non-ONSEN TE background	874	0.8	9	10.2974828375286
BG_LTR_like_02486	Strict non-ONSEN TE background	1694	0.8	88	51.9480519480519
BG_LTR_like_02489	Strict non-ONSEN TE background	520	0.8	11	21.1538461538462
BG_LTR_like_02494	Strict non-ONSEN TE background	307	0.8	8	26.0586319218241
BG_LTR_like_02495	Strict non-ONSEN TE background	259	0.8	2	7.72200772200772
BG_LTR_like_02496	Strict non-ONSEN TE background	566	0.8	12	21.2014134275618
BG_LTR_like_02499	Strict non-ONSEN TE background	542	0.8	20	36.90036900369
BG_LTR_like_02502	Strict non-ONSEN TE background	1448	0.8	37	25.5524861878453
BG_LTR_like_02503	Strict non-ONSEN TE background	407	0.8	21	51.5970515970516
BG_LTR_like_02507	Strict non-ONSEN TE background	1357	0.8	49	36.1090641120118
BG_LTR_like_02510	Strict non-ONSEN TE background	407	0.8	21	51.5970515970516
BG_LTR_like_02511	Strict non-ONSEN TE background	1978	0.8	45	22.7502527805865
BG_LTR_like_02514	Strict non-ONSEN TE background	1144	0.8	31	27.0979020979021
BG_LTR_like_02515	Strict non-ONSEN TE background	1912	0.8	78	40.7949790794979
BG_LTR_like_02516	Strict non-ONSEN TE background	294	0.8	11	37.4149659863946
BG_LTR_like_02517	Strict non-ONSEN TE background	219	0.8	6	27.3972602739726
BG_LTR_like_02520	Strict non-ONSEN TE background	1116	0.8	65	58.2437275985663
BG_LTR_like_02523	Strict non-ONSEN TE background	941	0.8	39	41.4452709883103
BG_LTR_like_02526	Strict non-ONSEN TE background	1115	0.8	18	16.1434977578475
BG_LTR_like_02527	Strict non-ONSEN TE background	1631	0.8	40	24.5248313917842
BG_LTR_like_02528	Strict non-ONSEN TE background	1194	0.8	76	63.6515912897822
BG_LTR_like_02529	Strict non-ONSEN TE background	1620	0.8	45	27.7777777777778
BG_LTR_like_02530	Strict non-ONSEN TE background	1086	0.8	64	58.9318600368324
BG_LTR_like_02531	Strict non-ONSEN TE background	1305	0.8	28	21.455938697318
BG_LTR_like_02532	Strict non-ONSEN TE background	1659	0.8	49	29.535864978903
BG_LTR_like_02535	Strict non-ONSEN TE background	625	0.8	15	24
BG_LTR_like_02536	Strict non-ONSEN TE background	926	0.8	24	25.9179265658747
BG_LTR_like_02539	Strict non-ONSEN TE background	254	0.8	3	11.8110236220472
BG_LTR_like_02540	Strict non-ONSEN TE background	1302	0.8	29	22.273425499232
BG_LTR_like_02541	Strict non-ONSEN TE background	621	0.8	10	16.1030595813205
BG_LTR_like_02542	Strict non-ONSEN TE background	262	0.8	1	3.81679389312977
BG_LTR_like_02543	Strict non-ONSEN TE background	651	0.8	13	19.9692780337942
BG_LTR_like_02544	Strict non-ONSEN TE background	283	0.8	7	24.7349823321555
BG_LTR_like_02545	Strict non-ONSEN TE background	650	0.8	13	20
BG_LTR_like_02546	Strict non-ONSEN TE background	288	0.8	6	20.8333333333333
BG_LTR_like_02549	Strict non-ONSEN TE background	459	0.8	3	6.5359477124183
BG_LTR_like_02550	Strict non-ONSEN TE background	263	0.8	4	15.2091254752852
BG_LTR_like_02551	Strict non-ONSEN TE background	1650	0.8	90	54.5454545454545
BG_LTR_like_02552	Strict non-ONSEN TE background	1274	0.8	81	63.5792778649922
BG_LTR_like_02553	Strict non-ONSEN TE background	824	0.8	36	43.6893203883495
BG_LTR_like_02556	Strict non-ONSEN TE background	593	0.8	21	35.4131534569983
BG_LTR_like_02557	Strict non-ONSEN TE background	211	0.8	8	37.914691943128
BG_LTR_like_02558	Strict non-ONSEN TE background	258	0.8	4	15.5038759689922
BG_LTR_like_02559	Strict non-ONSEN TE background	1810	0.8	40	22.0994475138122
BG_LTR_like_02560	Strict non-ONSEN TE background	1157	0.8	32	27.6577355229041
BG_LTR_like_02561	Strict non-ONSEN TE background	1215	0.8	38	31.2757201646091
BG_LTR_like_02565	Strict non-ONSEN TE background	1220	0.8	26	21.3114754098361
BG_LTR_like_02566	Strict non-ONSEN TE background	966	0.8	40	41.407867494824
BG_LTR_like_02567	Strict non-ONSEN TE background	200	0.8	20	100
BG_LTR_like_02568	Strict non-ONSEN TE background	1870	0.8	42	22.4598930481283
BG_LTR_like_02569	Strict non-ONSEN TE background	1866	0.8	34	18.2207931404073
BG_LTR_like_02570	Strict non-ONSEN TE background	518	0.8	21	40.5405405405405
BG_LTR_like_02573	Strict non-ONSEN TE background	1656	0.8	30	18.1159420289855
BG_LTR_like_02574	Strict non-ONSEN TE background	280	0.8	15	53.5714285714286
BG_LTR_like_02577	Strict non-ONSEN TE background	353	0.8	31	87.8186968838527
BG_LTR_like_02578	Strict non-ONSEN TE background	1275	0.8	36	28.2352941176471
BG_LTR_like_02581	Strict non-ONSEN TE background	813	0.8	54	66.4206642066421
BG_LTR_like_02582	Strict non-ONSEN TE background	1016	0.8	38	37.4015748031496
BG_LTR_like_02583	Strict non-ONSEN TE background	1943	0.8	16	8.23468862583634
BG_LTR_like_02584	Strict non-ONSEN TE background	1770	0.8	44	24.8587570621469
BG_LTR_like_02585	Strict non-ONSEN TE background	439	0.8	10	22.7790432801822
BG_LTR_like_02586	Strict non-ONSEN TE background	1197	0.8	30	25.062656641604
BG_LTR_like_02587	Strict non-ONSEN TE background	1128	0.8	28	24.822695035461
BG_LTR_like_02588	Strict non-ONSEN TE background	1130	0.8	41	36.283185840708
BG_LTR_like_02589	Strict non-ONSEN TE background	1579	0.8	43	27.2324255858138
BG_LTR_like_02590	Strict non-ONSEN TE background	620	0.8	25	40.3225806451613
BG_LTR_like_02593	Strict non-ONSEN TE background	620	0.8	24	38.7096774193548
BG_LTR_like_02594	Strict non-ONSEN TE background	366	0.8	4	10.9289617486339
BG_LTR_like_02595	Strict non-ONSEN TE background	1207	0.8	27	22.3695111847556
BG_LTR_like_02596	Strict non-ONSEN TE background	1532	0.8	31	20.2349869451697
BG_LTR_like_02597	Strict non-ONSEN TE background	201	0.8	6	29.8507462686567
BG_LTR_like_02598	Strict non-ONSEN TE background	279	0.8	11	39.426523297491
BG_LTR_like_02599	Strict non-ONSEN TE background	389	0.8	14	35.9897172236504
BG_LTR_like_02602	Strict non-ONSEN TE background	1234	0.8	60	48.6223662884927
BG_LTR_like_02605	Strict non-ONSEN TE background	905	0.8	49	54.1436464088398
BG_LTR_like_02606	Strict non-ONSEN TE background	900	0.8	30	33.3333333333333
BG_LTR_like_02607	Strict non-ONSEN TE background	894	0.8	11	12.3042505592841
BG_LTR_like_02608	Strict non-ONSEN TE background	528	0.8	27	51.1363636363636
BG_LTR_like_02611	Strict non-ONSEN TE background	693	0.8	21	30.3030303030303
BG_LTR_like_02612	Strict non-ONSEN TE background	1292	0.8	23	17.8018575851393
BG_LTR_like_02613	Strict non-ONSEN TE background	248	0.8	5	20.1612903225806
BG_LTR_like_02616	Strict non-ONSEN TE background	537	0.8	10	18.6219739292365
BG_LTR_like_02617	Strict non-ONSEN TE background	845	0.8	40	47.3372781065089
BG_LTR_like_02618	Strict non-ONSEN TE background	316	0.8	22	69.620253164557
BG_LTR_like_02619	Strict non-ONSEN TE background	345	0.8	16	46.3768115942029
BG_LTR_like_02620	Strict non-ONSEN TE background	1668	0.8	45	26.9784172661871
BG_LTR_like_02621	Strict non-ONSEN TE background	1067	0.8	36	33.7394564198688
BG_LTR_like_02622	Strict non-ONSEN TE background	1362	0.8	49	35.9765051395007
BG_LTR_like_02623	Strict non-ONSEN TE background	1218	0.8	43	35.303776683087
BG_LTR_like_02624	Strict non-ONSEN TE background	1259	0.8	37	29.3884034948372
BG_LTR_like_02625	Strict non-ONSEN TE background	233	0.8	2	8.58369098712446
BG_LTR_like_02626	Strict non-ONSEN TE background	485	0.8	27	55.6701030927835
BG_LTR_like_02627	Strict non-ONSEN TE background	259	0.8	13	50.1930501930502
BG_LTR_like_02632	Strict non-ONSEN TE background	360	0.8	8	22.2222222222222
BG_LTR_like_02633	Strict non-ONSEN TE background	463	0.8	11	23.7580993520518
BG_LTR_like_02634	Strict non-ONSEN TE background	1179	0.8	18	15.2671755725191
BG_LTR_like_02635	Strict non-ONSEN TE background	356	0.8	25	70.2247191011236
BG_LTR_like_02636	Strict non-ONSEN TE background	830	0.8	24	28.9156626506024
BG_LTR_like_02637	Strict non-ONSEN TE background	257	0.8	4	15.5642023346303
BG_LTR_like_02640	Strict non-ONSEN TE background	1210	0.8	24	19.8347107438017
BG_LTR_like_02698	Strict non-ONSEN TE background	201	0.8	21	104.477611940299
BG_LTR_like_02699	Strict non-ONSEN TE background	920	0.8	35	38.0434782608696
BG_LTR_like_02704	Strict non-ONSEN TE background	1093	0.8	23	21.0430009149131
BG_LTR_like_02705	Strict non-ONSEN TE background	884	0.8	15	16.9683257918552
BG_LTR_like_02706	Strict non-ONSEN TE background	675	0.8	7	10.3703703703704
BG_LTR_like_02712	Strict non-ONSEN TE background	369	0.8	3	8.13008130081301
BG_LTR_like_02713	Strict non-ONSEN TE background	1524	0.8	26	17.0603674540682
BG_LTR_like_02714	Strict non-ONSEN TE background	212	0.8	4	18.8679245283019
BG_LTR_like_02715	Strict non-ONSEN TE background	241	0.8	7	29.045643153527
BG_LTR_like_02716	Strict non-ONSEN TE background	1591	0.8	23	14.4563167818982
BG_LTR_like_02717	Strict non-ONSEN TE background	304	0.8	3	9.86842105263158
BG_LTR_like_02718	Strict non-ONSEN TE background	393	0.8	13	33.0788804071247
BG_LTR_like_02719	Strict non-ONSEN TE background	657	0.8	21	31.9634703196347
BG_LTR_like_02720	Strict non-ONSEN TE background	515	0.8	37	71.8446601941748
BG_LTR_like_02721	Strict non-ONSEN TE background	300	0.8	3	10
BG_LTR_like_02722	Strict non-ONSEN TE background	639	0.8	45	70.4225352112676
BG_LTR_like_02723	Strict non-ONSEN TE background	471	0.8	3	6.36942675159236
BG_LTR_like_02726	Strict non-ONSEN TE background	1200	0.8	36	30
BG_LTR_like_02727	Strict non-ONSEN TE background	1207	0.8	18	14.9130074565037
BG_LTR_like_02728	Strict non-ONSEN TE background	851	0.8	21	24.6768507638073
BG_LTR_like_02739	Strict non-ONSEN TE background	717	0.8	32	44.6304044630404
BG_LTR_like_02740	Strict non-ONSEN TE background	346	0.8	0	0
BG_LTR_like_02780	Strict non-ONSEN TE background	323	0.8	10	30.9597523219814
BG_LTR_like_02781	Strict non-ONSEN TE background	233	0.8	3	12.8755364806867
BG_LTR_like_02787	Strict non-ONSEN TE background	555	0.8	21	37.8378378378378
BG_LTR_like_02788	Strict non-ONSEN TE background	258	0.8	3	11.6279069767442
BG_LTR_like_02789	Strict non-ONSEN TE background	216	0.8	11	50.9259259259259
BG_LTR_like_02790	Strict non-ONSEN TE background	228	0.8	1	4.3859649122807
BG_LTR_like_02791	Strict non-ONSEN TE background	463	0.8	19	41.036717062635
BG_LTR_like_02795	Strict non-ONSEN TE background	202	0.8	2	9.9009900990099
BG_LTR_like_02828	Strict non-ONSEN TE background	1024	0.8	23	22.4609375
BG_LTR_like_02843	Strict non-ONSEN TE background	228	0.8	11	48.2456140350877
BG_LTR_like_02846	Strict non-ONSEN TE background	287	0.8	0	0
BG_LTR_like_02847	Strict non-ONSEN TE background	355	0.8	11	30.9859154929577
BG_LTR_like_02848	Strict non-ONSEN TE background	209	0.8	5	23.9234449760766
BG_LTR_like_02849	Strict non-ONSEN TE background	378	0.8	3	7.93650793650794
BG_LTR_like_02870	Strict non-ONSEN TE background	521	0.8	23	44.1458733205374
BG_LTR_like_02874	Strict non-ONSEN TE background	290	0.8	2	6.89655172413793
BG_LTR_like_02875	Strict non-ONSEN TE background	256	0.8	5	19.53125
BG_LTR_like_02876	Strict non-ONSEN TE background	887	0.8	31	34.9492671927847
BG_LTR_like_02879	Strict non-ONSEN TE background	700	0.8	35	50
BG_LTR_like_02883	Strict non-ONSEN TE background	853	0.8	66	77.3739742086753
BG_LTR_like_02901	Strict non-ONSEN TE background	302	0.8	2	6.62251655629139
BG_LTR_like_02902	Strict non-ONSEN TE background	472	0.8	8	16.9491525423729
BG_LTR_like_02929	Strict non-ONSEN TE background	299	0.8	3	10.0334448160535
BG_LTR_like_02937	Strict non-ONSEN TE background	201	0.8	5	24.8756218905473
BG_LTR_like_03130	Strict non-ONSEN TE background	655	0.8	9	13.7404580152672
BG_LTR_like_03131	Strict non-ONSEN TE background	297	0.8	5	16.8350168350168
BG_LTR_like_03153	Strict non-ONSEN TE background	203	0.8	6	29.5566502463054
BG_LTR_like_03154	Strict non-ONSEN TE background	501	0.8	2	3.99201596806387
BG_LTR_like_03155	Strict non-ONSEN TE background	256	0.8	9	35.15625
BG_LTR_like_03182	Strict non-ONSEN TE background	219	0.8	7	31.9634703196347
BG_LTR_like_03190	Strict non-ONSEN TE background	288	0.8	13	45.1388888888889
BG_LTR_like_03191	Strict non-ONSEN TE background	228	0.8	1	4.3859649122807
BG_LTR_like_03276	Strict non-ONSEN TE background	222	0.8	3	13.5135135135135
BG_LTR_like_03289	Strict non-ONSEN TE background	364	0.8	7	19.2307692307692
BG_LTR_like_03290	Strict non-ONSEN TE background	213	0.8	1	4.69483568075117
BG_LTR_like_03293	Strict non-ONSEN TE background	966	0.8	47	48.6542443064182
BG_LTR_like_03294	Strict non-ONSEN TE background	375	0.8	11	29.3333333333333
BG_LTR_like_03319	Strict non-ONSEN TE background	989	0.8	56	56.6228513650152
BG_LTR_like_03345	Strict non-ONSEN TE background	234	0.8	4	17.0940170940171
BG_LTR_like_03362	Strict non-ONSEN TE background	655	0.8	4	6.10687022900763
BG_LTR_like_03389	Strict non-ONSEN TE background	220	0.8	8	36.3636363636364
BG_LTR_like_03390	Strict non-ONSEN TE background	225	0.8	5	22.2222222222222
BG_LTR_like_03448	Strict non-ONSEN TE background	233	0.8	0	0
BG_LTR_like_03451	Strict non-ONSEN TE background	384	0.8	0	0
BG_LTR_like_03501	Strict non-ONSEN TE background	306	0.8	8	26.1437908496732
BG_LTR_like_03511	Strict non-ONSEN TE background	570	0.8	28	49.1228070175439
BG_LTR_like_03512	Strict non-ONSEN TE background	221	0.8	8	36.1990950226244
BG_LTR_like_03513	Strict non-ONSEN TE background	419	0.8	19	45.346062052506
BG_LTR_like_03538	Strict non-ONSEN TE background	207	0.8	2	9.66183574879227
BG_LTR_like_03583	Strict non-ONSEN TE background	202	0.8	2	9.9009900990099
BG_LTR_like_03600	Strict non-ONSEN TE background	246	0.8	1	4.0650406504065
BG_LTR_like_03662	Strict non-ONSEN TE background	440	0.8	7	15.9090909090909
BG_LTR_like_03728	Strict non-ONSEN TE background	226	0.8	7	30.9734513274336
BG_LTR_like_03729	Strict non-ONSEN TE background	352	0.8	11	31.25
BG_LTR_like_03786	Strict non-ONSEN TE background	251	0.8	7	27.8884462151394
BG_LTR_like_03865	Strict non-ONSEN TE background	232	0.8	2	8.62068965517241
BG_LTR_like_03882	Strict non-ONSEN TE background	324	0.8	4	12.3456790123457
BG_LTR_like_03949	Strict non-ONSEN TE background	327	0.8	22	67.2782874617737
BG_LTR_like_04081	Strict non-ONSEN TE background	443	0.8	14	31.6027088036117
BG_LTR_like_04547	Strict non-ONSEN TE background	644	0.8	16	24.8447204968944
BG_LTR_like_04548	Strict non-ONSEN TE background	350	0.8	3	8.57142857142857
BG_LTR_like_04603	Strict non-ONSEN TE background	854	0.8	15	17.5644028103045
BG_LTR_like_04604	Strict non-ONSEN TE background	375	0.8	8	21.3333333333333
BG_LTR_like_04605	Strict non-ONSEN TE background	1451	0.8	52	35.8373535492764
BG_LTR_like_04606	Strict non-ONSEN TE background	692	0.8	17	24.5664739884393
BG_LTR_like_04649	Strict non-ONSEN TE background	444	0.8	10	22.5225225225225
BG_LTR_like_04650	Strict non-ONSEN TE background	1178	0.8	60	50.9337860780985
BG_LTR_like_04651	Strict non-ONSEN TE background	326	0.8	26	79.7546012269939
BG_LTR_like_04652	Strict non-ONSEN TE background	429	0.8	11	25.6410256410256
BG_LTR_like_04653	Strict non-ONSEN TE background	621	0.8	39	62.8019323671498
BG_LTR_like_04654	Strict non-ONSEN TE background	674	0.8	22	32.6409495548961
BG_LTR_like_04659	Strict non-ONSEN TE background	1200	0.8	40	33.3333333333333
BG_LTR_like_04660	Strict non-ONSEN TE background	774	0.8	27	34.8837209302326
BG_LTR_like_04661	Strict non-ONSEN TE background	1221	0.8	63	51.5970515970516
BG_LTR_like_04669	Strict non-ONSEN TE background	708	0.8	43	60.7344632768362
BG_LTR_like_04672	Strict non-ONSEN TE background	291	0.8	15	51.5463917525773
BG_LTR_like_04673	Strict non-ONSEN TE background	1794	0.8	35	19.5094760312152
BG_LTR_like_04699	Strict non-ONSEN TE background	428	0.8	31	72.4299065420561
BG_LTR_like_04700	Strict non-ONSEN TE background	1476	0.8	43	29.1327913279133
BG_LTR_like_04701	Strict non-ONSEN TE background	329	0.8	8	24.3161094224924
BG_LTR_like_04709	Strict non-ONSEN TE background	209	0.8	9	43.0622009569378
BG_LTR_like_04710	Strict non-ONSEN TE background	519	0.8	11	21.1946050096339
BG_LTR_like_04713	Strict non-ONSEN TE background	388	0.8	27	69.5876288659794
BG_LTR_like_04714	Strict non-ONSEN TE background	1179	0.8	70	59.3723494486853
BG_LTR_like_04715	Strict non-ONSEN TE background	364	0.8	11	30.2197802197802
BG_LTR_like_04716	Strict non-ONSEN TE background	430	0.8	16	37.2093023255814
BG_LTR_like_04725	Strict non-ONSEN TE background	498	0.8	23	46.1847389558233
BG_LTR_like_04726	Strict non-ONSEN TE background	1930	0.8	67	34.7150259067358
BG_LTR_like_04761	Strict non-ONSEN TE background	313	0.8	13	41.5335463258786
BG_LTR_like_04764	Strict non-ONSEN TE background	901	0.8	25	27.7469478357381
BG_LTR_like_04765	Strict non-ONSEN TE background	363	0.8	12	33.0578512396694
BG_LTR_like_04766	Strict non-ONSEN TE background	1685	0.8	26	15.4302670623145
BG_LTR_like_04767	Strict non-ONSEN TE background	1842	0.8	21	11.400651465798
BG_LTR_like_04770	Strict non-ONSEN TE background	551	0.8	45	81.6696914700544
BG_LTR_like_04771	Strict non-ONSEN TE background	1181	0.8	75	63.5055038103302
BG_LTR_like_04772	Strict non-ONSEN TE background	618	0.8	14	22.6537216828479
BG_LTR_like_04773	Strict non-ONSEN TE background	717	0.8	15	20.9205020920502
BG_LTR_like_04774	Strict non-ONSEN TE background	1204	0.8	49	40.6976744186047
BG_LTR_like_04775	Strict non-ONSEN TE background	827	0.8	19	22.9746070133011
BG_LTR_like_04776	Strict non-ONSEN TE background	239	0.8	12	50.2092050209205
BG_LTR_like_04777	Strict non-ONSEN TE background	1834	0.8	41	22.3555070883315
BG_LTR_like_04778	Strict non-ONSEN TE background	1993	0.8	28	14.0491721023583
BG_LTR_like_04779	Strict non-ONSEN TE background	239	0.8	3	12.5523012552301
BG_LTR_like_04780	Strict non-ONSEN TE background	779	0.8	24	30.808729139923
BG_LTR_like_04781	Strict non-ONSEN TE background	1205	0.8	72	59.7510373443983
BG_LTR_like_04782	Strict non-ONSEN TE background	1829	0.8	31	16.9491525423729
BG_LTR_like_04783	Strict non-ONSEN TE background	1209	0.8	33	27.2952853598015
BG_LTR_like_04784	Strict non-ONSEN TE background	1569	0.8	32	20.3951561504143
BG_LTR_like_04785	Strict non-ONSEN TE background	1149	0.8	60	52.2193211488251
BG_LTR_like_04788	Strict non-ONSEN TE background	1649	0.8	24	14.5542753183748
BG_LTR_like_04789	Strict non-ONSEN TE background	1629	0.8	43	26.3965623081645
BG_LTR_like_04790	Strict non-ONSEN TE background	403	0.8	18	44.6650124069479
BG_LTR_like_04791	Strict non-ONSEN TE background	1855	0.8	51	27.4932614555256
BG_LTR_like_04792	Strict non-ONSEN TE background	370	0.8	10	27.027027027027
BG_LTR_like_04796	Strict non-ONSEN TE background	1607	0.8	30	18.6683260734287
BG_LTR_like_04797	Strict non-ONSEN TE background	1684	0.8	67	39.7862232779097
BG_LTR_like_04798	Strict non-ONSEN TE background	809	0.8	18	22.2496909765142
BG_LTR_like_04799	Strict non-ONSEN TE background	526	0.8	8	15.2091254752852
BG_LTR_like_04800	Strict non-ONSEN TE background	873	0.8	22	25.2004581901489
BG_LTR_like_04801	Strict non-ONSEN TE background	1335	0.8	36	26.9662921348315
BG_LTR_like_04804	Strict non-ONSEN TE background	1673	0.8	27	16.1386730424387
BG_LTR_like_04807	Strict non-ONSEN TE background	307	0.8	2	6.51465798045603
BG_LTR_like_04808	Strict non-ONSEN TE background	620	0.8	7	11.2903225806452
BG_LTR_like_04809	Strict non-ONSEN TE background	1458	0.8	71	48.6968449931413
BG_LTR_like_04810	Strict non-ONSEN TE background	1346	0.8	48	35.6612184249629
BG_LTR_like_04813	Strict non-ONSEN TE background	1421	0.8	48	33.7790288529205
BG_LTR_like_04814	Strict non-ONSEN TE background	678	0.8	14	20.6489675516224
BG_LTR_like_04817	Strict non-ONSEN TE background	1597	0.8	48	30.0563556668754
BG_LTR_like_04818	Strict non-ONSEN TE background	1224	0.8	21	17.156862745098
BG_LTR_like_04821	Strict non-ONSEN TE background	811	0.8	29	35.7583230579531
BG_LTR_like_04824	Strict non-ONSEN TE background	702	0.8	32	45.5840455840456
BG_LTR_like_04825	Strict non-ONSEN TE background	444	0.8	10	22.5225225225225
BG_LTR_like_04826	Strict non-ONSEN TE background	985	0.8	46	46.7005076142132
BG_LTR_like_04827	Strict non-ONSEN TE background	1588	0.8	111	69.8992443324937
BG_LTR_like_04828	Strict non-ONSEN TE background	1521	0.8	52	34.1880341880342
BG_LTR_like_04831	Strict non-ONSEN TE background	689	0.8	24	34.833091436865
BG_LTR_like_04832	Strict non-ONSEN TE background	414	0.8	30	72.463768115942
BG_LTR_like_04833	Strict non-ONSEN TE background	1030	0.8	61	59.2233009708738
BG_LTR_like_04834	Strict non-ONSEN TE background	399	0.8	30	75.187969924812
BG_LTR_like_04835	Strict non-ONSEN TE background	341	0.8	24	70.3812316715542
BG_LTR_like_04836	Strict non-ONSEN TE background	593	0.8	23	38.7858347386172
BG_LTR_like_04837	Strict non-ONSEN TE background	1234	0.8	63	51.0534846029173
BG_LTR_like_04838	Strict non-ONSEN TE background	1935	0.8	76	39.2764857881137
BG_LTR_like_04839	Strict non-ONSEN TE background	281	0.8	8	28.4697508896797
BG_LTR_like_04840	Strict non-ONSEN TE background	466	0.8	32	68.6695278969957
BG_LTR_like_04845	Strict non-ONSEN TE background	235	0.8	4	17.0212765957447
BG_LTR_like_04846	Strict non-ONSEN TE background	1402	0.8	42	29.9572039942939
BG_LTR_like_04849	Strict non-ONSEN TE background	220	0.8	10	45.4545454545455
BG_LTR_like_04852	Strict non-ONSEN TE background	754	0.8	8	10.6100795755968
BG_LTR_like_04855	Strict non-ONSEN TE background	301	0.8	6	19.9335548172757
BG_LTR_like_04858	Strict non-ONSEN TE background	290	0.8	23	79.3103448275862
BG_LTR_like_04859	Strict non-ONSEN TE background	442	0.8	11	24.8868778280543
BG_LTR_like_04860	Strict non-ONSEN TE background	384	0.8	0	0
BG_LTR_like_04863	Strict non-ONSEN TE background	316	0.8	4	12.6582278481013
BG_LTR_like_04866	Strict non-ONSEN TE background	570	0.8	28	49.1228070175439
BG_LTR_like_04867	Strict non-ONSEN TE background	241	0.8	2	8.29875518672199
BG_LTR_like_04868	Strict non-ONSEN TE background	973	0.8	13	13.360739979445
BG_LTR_like_04873	Strict non-ONSEN TE background	910	0.8	48	52.7472527472527
BG_LTR_like_04876	Strict non-ONSEN TE background	215	0.8	6	27.906976744186
BG_LTR_like_04877	Strict non-ONSEN TE background	313	0.8	16	51.1182108626198
BG_LTR_like_04880	Strict non-ONSEN TE background	837	0.8	19	22.700119474313
BG_LTR_like_04881	Strict non-ONSEN TE background	503	0.8	8	15.9045725646123
BG_LTR_like_04882	Strict non-ONSEN TE background	271	0.8	14	51.660516605166
BG_LTR_like_04883	Strict non-ONSEN TE background	236	0.8	3	12.7118644067797
BG_LTR_like_04884	Strict non-ONSEN TE background	1822	0.8	44	24.1492864983535
BG_LTR_like_04885	Strict non-ONSEN TE background	1762	0.8	43	24.4040862656073
BG_LTR_like_04888	Strict non-ONSEN TE background	1532	0.8	62	40.4699738903394
BG_LTR_like_04889	Strict non-ONSEN TE background	1640	0.8	37	22.5609756097561
BG_LTR_like_04890	Strict non-ONSEN TE background	236	0.8	4	16.9491525423729
BG_LTR_like_04891	Strict non-ONSEN TE background	1801	0.8	39	21.6546363131594
BG_LTR_like_04892	Strict non-ONSEN TE background	1800	0.8	37	20.5555555555556
BG_LTR_like_04893	Strict non-ONSEN TE background	605	0.8	21	34.7107438016529
BG_LTR_like_04894	Strict non-ONSEN TE background	1365	0.8	32	23.4432234432234
BG_LTR_like_04897	Strict non-ONSEN TE background	1611	0.8	38	23.5878336436996
BG_LTR_like_04898	Strict non-ONSEN TE background	915	0.8	23	25.1366120218579
BG_LTR_like_04899	Strict non-ONSEN TE background	583	0.8	17	29.1595197255575
BG_LTR_like_04900	Strict non-ONSEN TE background	1232	0.8	72	58.4415584415584
BG_LTR_like_04901	Strict non-ONSEN TE background	580	0.8	27	46.551724137931
BG_LTR_like_04902	Strict non-ONSEN TE background	622	0.8	24	38.5852090032154
BG_LTR_like_04903	Strict non-ONSEN TE background	635	0.8	20	31.496062992126
BG_LTR_like_04904	Strict non-ONSEN TE background	205	0.8	3	14.6341463414634
BG_LTR_like_04905	Strict non-ONSEN TE background	1152	0.8	54	46.875
BG_LTR_like_04906	Strict non-ONSEN TE background	627	0.8	25	39.8724082934609
BG_LTR_like_04907	Strict non-ONSEN TE background	323	0.8	27	83.5913312693498
BG_LTR_like_04908	Strict non-ONSEN TE background	1004	0.8	19	18.9243027888446
BG_LTR_like_04909	Strict non-ONSEN TE background	1081	0.8	52	48.1036077705828
BG_LTR_like_04910	Strict non-ONSEN TE background	707	0.8	14	19.8019801980198
BG_LTR_like_04911	Strict non-ONSEN TE background	1773	0.8	73	41.1731528482798
BG_LTR_like_04912	Strict non-ONSEN TE background	955	0.8	55	57.5916230366492
BG_LTR_like_04913	Strict non-ONSEN TE background	521	0.8	12	23.0326295585413
BG_LTR_like_04914	Strict non-ONSEN TE background	254	0.8	9	35.4330708661417
BG_LTR_like_04915	Strict non-ONSEN TE background	1166	0.8	92	78.9022298456261
BG_LTR_like_04916	Strict non-ONSEN TE background	600	0.8	3	5
BG_LTR_like_04917	Strict non-ONSEN TE background	1625	0.8	49	30.1538461538462
BG_LTR_like_04920	Strict non-ONSEN TE background	1068	0.8	23	21.5355805243446
BG_LTR_like_04925	Strict non-ONSEN TE background	878	0.8	23	26.1958997722096
BG_LTR_like_04926	Strict non-ONSEN TE background	746	0.8	17	22.7882037533512
BG_LTR_like_04929	Strict non-ONSEN TE background	622	0.8	11	17.6848874598071
BG_LTR_like_04930	Strict non-ONSEN TE background	308	0.8	4	12.987012987013
BG_LTR_like_04931	Strict non-ONSEN TE background	370	0.8	6	16.2162162162162
BG_LTR_like_04932	Strict non-ONSEN TE background	1912	0.8	54	28.2426778242678
BG_LTR_like_04933	Strict non-ONSEN TE background	1595	0.8	44	27.5862068965517
BG_LTR_like_04934	Strict non-ONSEN TE background	1600	0.8	27	16.875
BG_LTR_like_04937	Strict non-ONSEN TE background	1620	0.8	35	21.6049382716049
BG_LTR_like_04938	Strict non-ONSEN TE background	242	0.8	19	78.5123966942149
BG_LTR_like_04939	Strict non-ONSEN TE background	1240	0.8	26	20.9677419354839
BG_LTR_like_04940	Strict non-ONSEN TE background	996	0.8	13	13.0522088353414
BG_LTR_like_04943	Strict non-ONSEN TE background	397	0.8	4	10.0755667506297
BG_LTR_like_04944	Strict non-ONSEN TE background	668	0.8	15	22.4550898203593
BG_LTR_like_04945	Strict non-ONSEN TE background	1601	0.8	40	24.9843847595253
BG_LTR_like_04946	Strict non-ONSEN TE background	1117	0.8	34	30.4386750223814
BG_LTR_like_04947	Strict non-ONSEN TE background	464	0.8	25	53.8793103448276
BG_LTR_like_04948	Strict non-ONSEN TE background	1029	0.8	45	43.731778425656
BG_LTR_like_04949	Strict non-ONSEN TE background	1050	0.8	23	21.9047619047619
BG_LTR_like_04952	Strict non-ONSEN TE background	1807	0.8	34	18.8157166574433
BG_LTR_like_04953	Strict non-ONSEN TE background	1620	0.8	40	24.6913580246914
BG_LTR_like_04956	Strict non-ONSEN TE background	1512	0.8	62	41.005291005291
BG_LTR_like_04957	Strict non-ONSEN TE background	275	0.8	1	3.63636363636364
BG_LTR_like_04958	Strict non-ONSEN TE background	560	0.8	24	42.8571428571429
BG_LTR_like_04959	Strict non-ONSEN TE background	322	0.8	6	18.6335403726708
BG_LTR_like_04960	Strict non-ONSEN TE background	888	0.8	22	24.7747747747748
BG_LTR_like_04961	Strict non-ONSEN TE background	247	0.8	14	56.6801619433198
BG_LTR_like_04962	Strict non-ONSEN TE background	200	0.8	4	20
BG_LTR_like_04963	Strict non-ONSEN TE background	1786	0.8	36	20.1567749160134
BG_LTR_like_04964	Strict non-ONSEN TE background	1615	0.8	26	16.0990712074303
BG_LTR_like_04965	Strict non-ONSEN TE background	692	0.8	23	33.2369942196532
BG_LTR_like_04966	Strict non-ONSEN TE background	1658	0.8	46	27.7442702050663
BG_LTR_like_04967	Strict non-ONSEN TE background	1754	0.8	99	56.442417331813
BG_LTR_like_04972	Strict non-ONSEN TE background	1802	0.8	55	30.5216426193119
BG_LTR_like_04973	Strict non-ONSEN TE background	1740	0.8	32	18.3908045977011
BG_LTR_like_04974	Strict non-ONSEN TE background	1254	0.8	27	21.5311004784689
BG_LTR_like_04975	Strict non-ONSEN TE background	1078	0.8	57	52.8756957328386
BG_LTR_like_04976	Strict non-ONSEN TE background	1273	0.8	35	27.4941084053417
BG_LTR_like_04977	Strict non-ONSEN TE background	523	0.8	36	68.8336520076482
BG_LTR_like_04978	Strict non-ONSEN TE background	1303	0.8	15	11.5118956254797
BG_LTR_like_04979	Strict non-ONSEN TE background	244	0.8	10	40.9836065573771
BG_LTR_like_04980	Strict non-ONSEN TE background	307	0.8	3	9.77198697068404
BG_LTR_like_04981	Strict non-ONSEN TE background	780	0.8	20	25.6410256410256
BG_LTR_like_04982	Strict non-ONSEN TE background	644	0.8	9	13.9751552795031
BG_LTR_like_04983	Strict non-ONSEN TE background	320	0.8	8	25
BG_LTR_like_04984	Strict non-ONSEN TE background	437	0.8	4	9.1533180778032
BG_LTR_like_04985	Strict non-ONSEN TE background	923	0.8	35	37.919826652221
BG_LTR_like_04986	Strict non-ONSEN TE background	1823	0.8	24	13.1651124520022
BG_LTR_like_04989	Strict non-ONSEN TE background	1796	0.8	44	24.4988864142539
BG_LTR_like_04990	Strict non-ONSEN TE background	951	0.8	42	44.1640378548896
BG_LTR_like_04993	Strict non-ONSEN TE background	621	0.8	11	17.7133655394525
BG_LTR_like_04994	Strict non-ONSEN TE background	1697	0.8	42	24.7495580436064
BG_LTR_like_04995	Strict non-ONSEN TE background	763	0.8	29	38.0078636959371
BG_LTR_like_05028	Strict non-ONSEN TE background	1177	0.8	28	23.7892948173322
BG_LTR_like_05029	Strict non-ONSEN TE background	1227	0.8	36	29.3398533007335
BG_LTR_like_05030	Strict non-ONSEN TE background	1514	0.8	57	37.6486129458388
BG_LTR_like_05033	Strict non-ONSEN TE background	1739	0.8	28	16.1012075905693
BG_LTR_like_05038	Strict non-ONSEN TE background	635	0.8	8	12.5984251968504
BG_LTR_like_05039	Strict non-ONSEN TE background	435	0.8	10	22.9885057471264
BG_LTR_like_05042	Strict non-ONSEN TE background	1479	0.8	53	35.8350236646383
BG_LTR_like_05045	Strict non-ONSEN TE background	552	0.8	10	18.1159420289855
BG_LTR_like_05048	Strict non-ONSEN TE background	1865	0.8	54	28.9544235924933
BG_LTR_like_05049	Strict non-ONSEN TE background	1072	0.8	33	30.7835820895522
BG_LTR_like_05050	Strict non-ONSEN TE background	793	0.8	21	26.4817150063052
BG_LTR_like_05051	Strict non-ONSEN TE background	440	0.8	5	11.3636363636364
BG_LTR_like_05052	Strict non-ONSEN TE background	929	0.8	37	39.8277717976319
BG_LTR_like_05053	Strict non-ONSEN TE background	357	0.8	23	64.4257703081232
BG_LTR_like_05054	Strict non-ONSEN TE background	1841	0.8	96	52.1455730581206
BG_LTR_like_05057	Strict non-ONSEN TE background	1678	0.8	51	30.3933253873659
BG_LTR_like_05058	Strict non-ONSEN TE background	1208	0.8	37	30.6291390728477
BG_LTR_like_05059	Strict non-ONSEN TE background	602	0.8	12	19.9335548172757
BG_LTR_like_05060	Strict non-ONSEN TE background	1579	0.8	48	30.3989867004433
BG_LTR_like_05061	Strict non-ONSEN TE background	257	0.8	4	15.5642023346303
BG_LTR_like_05062	Strict non-ONSEN TE background	636	0.8	33	51.8867924528302
BG_LTR_like_05063	Strict non-ONSEN TE background	354	0.8	3	8.47457627118644
BG_LTR_like_05064	Strict non-ONSEN TE background	902	0.8	17	18.8470066518847
BG_LTR_like_05065	Strict non-ONSEN TE background	477	0.8	21	44.0251572327044
BG_LTR_like_05066	Strict non-ONSEN TE background	302	0.8	6	19.8675496688742
BG_LTR_like_05067	Strict non-ONSEN TE background	1172	0.8	43	36.6894197952218
BG_LTR_like_05068	Strict non-ONSEN TE background	227	0.8	2	8.81057268722467
BG_LTR_like_05069	Strict non-ONSEN TE background	618	0.8	16	25.8899676375405
BG_LTR_like_05070	Strict non-ONSEN TE background	200	0.8	1	5
BG_LTR_like_05071	Strict non-ONSEN TE background	1291	0.8	52	40.278853601859
BG_LTR_like_05072	Strict non-ONSEN TE background	1157	0.8	25	21.6076058772688
BG_LTR_like_05073	Strict non-ONSEN TE background	1228	0.8	56	45.6026058631922
BG_LTR_like_05074	Strict non-ONSEN TE background	304	0.8	7	23.0263157894737
BG_LTR_like_05075	Strict non-ONSEN TE background	286	0.8	11	38.4615384615385
BG_LTR_like_05076	Strict non-ONSEN TE background	1185	0.8	50	42.1940928270042
BG_LTR_like_05077	Strict non-ONSEN TE background	1482	0.8	68	45.8839406207827
BG_LTR_like_05078	Strict non-ONSEN TE background	231	0.8	6	25.974025974026
BG_LTR_like_05079	Strict non-ONSEN TE background	1241	0.8	28	22.5624496373892
BG_LTR_like_05080	Strict non-ONSEN TE background	201	0.8	0	0
BG_LTR_like_05081	Strict non-ONSEN TE background	1372	0.8	37	26.9679300291545
BG_LTR_like_05082	Strict non-ONSEN TE background	741	0.8	21	28.3400809716599
BG_LTR_like_05085	Strict non-ONSEN TE background	1517	0.8	61	40.210942649967
BG_LTR_like_05086	Strict non-ONSEN TE background	424	0.8	6	14.1509433962264
BG_LTR_like_05087	Strict non-ONSEN TE background	1632	0.8	54	33.0882352941177
BG_LTR_like_05090	Strict non-ONSEN TE background	339	0.8	18	53.0973451327434
BG_LTR_like_05091	Strict non-ONSEN TE background	259	0.8	3	11.5830115830116
BG_LTR_like_05092	Strict non-ONSEN TE background	295	0.8	11	37.2881355932203
BG_LTR_like_05095	Strict non-ONSEN TE background	1674	0.8	26	15.531660692951
BG_LTR_like_05096	Strict non-ONSEN TE background	310	0.8	6	19.3548387096774
BG_LTR_like_05099	Strict non-ONSEN TE background	261	0.8	11	42.1455938697318
BG_LTR_like_05100	Strict non-ONSEN TE background	211	0.8	9	42.654028436019
BG_LTR_like_05101	Strict non-ONSEN TE background	1379	0.8	29	21.0297316896302
BG_LTR_like_05102	Strict non-ONSEN TE background	1008	0.8	33	32.7380952380952
BG_LTR_like_05103	Strict non-ONSEN TE background	1198	0.8	26	21.7028380634391
BG_LTR_like_05104	Strict non-ONSEN TE background	262	0.8	6	22.9007633587786
BG_LTR_like_05105	Strict non-ONSEN TE background	1059	0.8	21	19.8300283286119
BG_LTR_like_05106	Strict non-ONSEN TE background	531	0.8	11	20.7156308851224
BG_LTR_like_05107	Strict non-ONSEN TE background	784	0.8	23	29.3367346938775
BG_LTR_like_05108	Strict non-ONSEN TE background	218	0.8	7	32.1100917431193
BG_LTR_like_05111	Strict non-ONSEN TE background	1198	0.8	27	22.5375626043406
BG_LTR_like_05114	Strict non-ONSEN TE background	234	0.8	2	8.54700854700855
BG_LTR_like_05115	Strict non-ONSEN TE background	483	0.8	2	4.1407867494824
BG_LTR_like_05116	Strict non-ONSEN TE background	1352	0.8	34	25.1479289940828
BG_LTR_like_05119	Strict non-ONSEN TE background	1628	0.8	28	17.1990171990172
BG_LTR_like_05120	Strict non-ONSEN TE background	1278	0.8	27	21.1267605633803
BG_LTR_like_05121	Strict non-ONSEN TE background	269	0.8	2	7.43494423791822
BG_LTR_like_05122	Strict non-ONSEN TE background	483	0.8	10	20.703933747412
BG_LTR_like_05123	Strict non-ONSEN TE background	1712	0.8	25	14.6028037383178
BG_LTR_like_05124	Strict non-ONSEN TE background	1236	0.8	71	57.4433656957929
BG_LTR_like_05125	Strict non-ONSEN TE background	276	0.8	6	21.7391304347826
BG_LTR_like_05126	Strict non-ONSEN TE background	354	0.8	9	25.4237288135593
BG_LTR_like_05127	Strict non-ONSEN TE background	253	0.8	2	7.90513833992095
BG_LTR_like_05128	Strict non-ONSEN TE background	1368	0.8	27	19.7368421052632
BG_LTR_like_05129	Strict non-ONSEN TE background	446	0.8	5	11.2107623318386
BG_LTR_like_05130	Strict non-ONSEN TE background	948	0.8	23	24.2616033755274
BG_LTR_like_05131	Strict non-ONSEN TE background	446	0.8	5	11.2107623318386
BG_LTR_like_05132	Strict non-ONSEN TE background	1627	0.8	30	18.4388444990781
BG_LTR_like_05135	Strict non-ONSEN TE background	1925	0.8	80	41.5584415584416
BG_LTR_like_05136	Strict non-ONSEN TE background	912	0.8	14	15.3508771929825
BG_LTR_like_05137	Strict non-ONSEN TE background	1323	0.8	56	42.3280423280423
BG_LTR_like_05140	Strict non-ONSEN TE background	752	0.8	10	13.2978723404255
BG_LTR_like_05141	Strict non-ONSEN TE background	411	0.8	8	19.4647201946472
BG_LTR_like_05144	Strict non-ONSEN TE background	1611	0.8	38	23.5878336436996
BG_LTR_like_05145	Strict non-ONSEN TE background	1211	0.8	34	28.0759702725021
BG_LTR_like_05146	Strict non-ONSEN TE background	1176	0.8	37	31.4625850340136
BG_LTR_like_05149	Strict non-ONSEN TE background	1335	0.8	75	56.1797752808989
BG_LTR_like_05154	Strict non-ONSEN TE background	1922	0.8	71	36.9406867845994
BG_LTR_like_05155	Strict non-ONSEN TE background	1696	0.8	36	21.2264150943396
BG_LTR_like_05168	Strict non-ONSEN TE background	430	0.8	24	55.8139534883721
BG_LTR_like_05169	Strict non-ONSEN TE background	618	0.8	24	38.8349514563107
BG_LTR_like_05186	Strict non-ONSEN TE background	308	0.8	9	29.2207792207792
BG_LTR_like_05187	Strict non-ONSEN TE background	1810	0.8	42	23.2044198895028
BG_LTR_like_05188	Strict non-ONSEN TE background	254	0.8	1	3.93700787401575
BG_LTR_like_05189	Strict non-ONSEN TE background	301	0.8	12	39.8671096345515
BG_LTR_like_05206	Strict non-ONSEN TE background	494	0.8	13	26.3157894736842
BG_LTR_like_05207	Strict non-ONSEN TE background	426	0.8	10	23.4741784037559
BG_LTR_like_05208	Strict non-ONSEN TE background	453	0.8	16	35.3200883002207
BG_LTR_like_05211	Strict non-ONSEN TE background	1990	0.8	51	25.6281407035176
BG_LTR_like_05212	Strict non-ONSEN TE background	541	0.8	29	53.6044362292052
BG_LTR_like_05213	Strict non-ONSEN TE background	1239	0.8	63	50.8474576271186
BG_LTR_like_05214	Strict non-ONSEN TE background	984	0.8	57	57.9268292682927
BG_LTR_like_05217	Strict non-ONSEN TE background	1742	0.8	28	16.0734787600459
BG_LTR_like_05220	Strict non-ONSEN TE background	1922	0.8	42	21.8522372528616
BG_LTR_like_05223	Strict non-ONSEN TE background	473	0.8	9	19.0274841437632
BG_LTR_like_05224	Strict non-ONSEN TE background	508	0.8	22	43.3070866141732
BG_LTR_like_05225	Strict non-ONSEN TE background	951	0.8	99	104.10094637224
BG_LTR_like_05226	Strict non-ONSEN TE background	1308	0.8	31	23.7003058103976
BG_LTR_like_05227	Strict non-ONSEN TE background	1133	0.8	62	54.7219770520741
BG_LTR_like_05228	Strict non-ONSEN TE background	419	0.8	9	21.4797136038186
BG_LTR_like_05229	Strict non-ONSEN TE background	389	0.8	8	20.5655526992288
BG_LTR_like_05232	Strict non-ONSEN TE background	726	0.8	14	19.2837465564738
BG_LTR_like_05233	Strict non-ONSEN TE background	323	0.8	7	21.671826625387
BG_LTR_like_05236	Strict non-ONSEN TE background	619	0.8	17	27.4636510500808
BG_LTR_like_05237	Strict non-ONSEN TE background	845	0.8	53	62.7218934911243
BG_LTR_like_05238	Strict non-ONSEN TE background	286	0.8	5	17.4825174825175
BG_LTR_like_05241	Strict non-ONSEN TE background	1399	0.8	39	27.8770550393138
BG_LTR_like_05242	Strict non-ONSEN TE background	1549	0.8	79	51.0006455777921
BG_LTR_like_05244	Strict non-ONSEN TE background	1625	0.8	50	30.7692307692308
BG_LTR_like_05245	Strict non-ONSEN TE background	267	0.8	13	48.689138576779
BG_LTR_like_05246	Strict non-ONSEN TE background	1155	0.8	55	47.6190476190476
BG_LTR_like_05247	Strict non-ONSEN TE background	481	0.8	6	12.4740124740125
BG_LTR_like_05248	Strict non-ONSEN TE background	339	0.8	15	44.2477876106195
BG_LTR_like_05249	Strict non-ONSEN TE background	334	0.8	8	23.9520958083832
BG_LTR_like_05250	Strict non-ONSEN TE background	317	0.8	7	22.0820189274448
BG_LTR_like_05251	Strict non-ONSEN TE background	330	0.8	13	39.3939393939394
BG_LTR_like_05287	Strict non-ONSEN TE background	323	0.8	9	27.8637770897833
BG_LTR_like_05290	Strict non-ONSEN TE background	234	0.8	3	12.8205128205128
BG_LTR_like_05295	Strict non-ONSEN TE background	221	0.8	4	18.0995475113122
BG_LTR_like_05301	Strict non-ONSEN TE background	353	0.8	11	31.1614730878187
BG_LTR_like_05318	Strict non-ONSEN TE background	960	0.8	28	29.1666666666667
BG_LTR_like_05347	Strict non-ONSEN TE background	773	0.8	57	73.738680465718
BG_LTR_like_05367	Strict non-ONSEN TE background	248	0.8	9	36.2903225806452
BG_LTR_like_05442	Strict non-ONSEN TE background	260	0.8	16	61.5384615384615
BG_LTR_like_05473	Strict non-ONSEN TE background	280	0.8	17	60.7142857142857
BG_LTR_like_05478	Strict non-ONSEN TE background	368	0.8	14	38.0434782608696
BG_LTR_like_05494	Strict non-ONSEN TE background	426	0.8	11	25.8215962441315
BG_LTR_like_05495	Strict non-ONSEN TE background	278	0.8	9	32.3741007194245
BG_LTR_like_05525	Strict non-ONSEN TE background	228	0.8	3	13.1578947368421
BG_LTR_like_05526	Strict non-ONSEN TE background	1554	0.8	46	29.6010296010296
BG_LTR_like_05575	Strict non-ONSEN TE background	260	0.8	13	50
BG_LTR_like_05592	Strict non-ONSEN TE background	351	0.8	1	2.84900284900285
BG_LTR_like_05596	Strict non-ONSEN TE background	381	0.8	20	52.49343832021
BG_LTR_like_05628	Strict non-ONSEN TE background	578	0.8	22	38.0622837370242
BG_LTR_like_05644	Strict non-ONSEN TE background	349	0.8	24	68.7679083094556
BG_LTR_like_05689	Strict non-ONSEN TE background	352	0.8	2	5.68181818181818
BG_LTR_like_05740	Strict non-ONSEN TE background	550	0.8	20	36.3636363636364
BG_LTR_like_05741	Strict non-ONSEN TE background	407	0.8	3	7.37100737100737
BG_LTR_like_05757	Strict non-ONSEN TE background	352	0.8	7	19.8863636363636
BG_LTR_like_05758	Strict non-ONSEN TE background	350	0.8	17	48.5714285714286
BG_LTR_like_05771	Strict non-ONSEN TE background	891	0.8	27	30.3030303030303
BG_LTR_like_05793	Strict non-ONSEN TE background	216	0.8	6	27.7777777777778
BG_LTR_like_05794	Strict non-ONSEN TE background	269	0.8	10	37.1747211895911
BG_LTR_like_05802	Strict non-ONSEN TE background	523	0.8	60	114.72275334608
BG_LTR_like_05803	Strict non-ONSEN TE background	660	0.8	31	46.969696969697
BG_LTR_like_05832	Strict non-ONSEN TE background	475	0.8	10	21.0526315789474
BG_LTR_like_05833	Strict non-ONSEN TE background	1230	0.8	29	23.5772357723577
BG_LTR_like_05844	Strict non-ONSEN TE background	333	0.8	9	27.027027027027
BG_LTR_like_05859	Strict non-ONSEN TE background	296	0.8	7	23.6486486486486
BG_LTR_like_05873	Strict non-ONSEN TE background	211	0.8	5	23.696682464455
BG_LTR_like_05874	Strict non-ONSEN TE background	279	0.8	16	57.3476702508961
BG_LTR_like_05903	Strict non-ONSEN TE background	449	0.8	10	22.271714922049
BG_LTR_like_06037	Strict non-ONSEN TE background	265	0.8	5	18.8679245283019
BG_LTR_like_06081	Strict non-ONSEN TE background	281	0.8	10	35.5871886120996
BG_LTR_like_06117	Strict non-ONSEN TE background	355	0.8	13	36.6197183098592
BG_LTR_like_06118	Strict non-ONSEN TE background	467	0.8	15	32.1199143468951
BG_LTR_like_06150	Strict non-ONSEN TE background	510	0.8	11	21.5686274509804
BG_LTR_like_06169	Strict non-ONSEN TE background	393	0.8	1	2.54452926208651
BG_LTR_like_06193	Strict non-ONSEN TE background	228	0.8	6	26.3157894736842
BG_LTR_like_06241	Strict non-ONSEN TE background	224	0.8	9	40.1785714285714
BG_LTR_like_06242	Strict non-ONSEN TE background	430	0.8	4	9.30232558139535
BG_LTR_like_06243	Strict non-ONSEN TE background	268	0.8	2	7.46268656716418
BG_LTR_like_06244	Strict non-ONSEN TE background	768	0.8	23	29.9479166666667
BG_LTR_like_06247	Strict non-ONSEN TE background	805	0.8	26	32.2981366459627
BG_LTR_like_06295	Strict non-ONSEN TE background	243	0.8	8	32.9218106995885
BG_LTR_like_06337	Strict non-ONSEN TE background	266	0.8	4	15.0375939849624
BG_LTR_like_06396	Strict non-ONSEN TE background	541	0.8	20	36.9685767097967
BG_LTR_like_06461	Strict non-ONSEN TE background	306	0.8	22	71.8954248366013
BG_LTR_like_06470	Strict non-ONSEN TE background	799	0.8	23	28.7859824780976
BG_LTR_like_06662	Strict non-ONSEN TE background	231	0.8	4	17.3160173160173
BG_LTR_like_06719	Strict non-ONSEN TE background	246	0.8	2	8.13008130081301
BG_LTR_like_06875	Strict non-ONSEN TE background	202	0.8	9	44.5544554455446
BG_LTR_like_06959	Strict non-ONSEN TE background	1838	0.8	48	26.1153427638738
BG_LTR_like_07118	Strict non-ONSEN TE background	212	0.8	0	0
BG_LTR_like_07177	Strict non-ONSEN TE background	886	0.8	16	18.058690744921
BG_LTR_like_07376	Strict non-ONSEN TE background	204	0.8	7	34.3137254901961
BG_LTR_like_07397	Strict non-ONSEN TE background	302	0.8	4	13.2450331125828
BG_LTR_like_07602	Strict non-ONSEN TE background	314	0.8	3	9.55414012738854
BG_LTR_like_07841	Strict non-ONSEN TE background	290	0.8	0	0
BG_LTR_like_07848	Strict non-ONSEN TE background	1111	0.8	31	27.9027902790279
BG_LTR_like_08022	Strict non-ONSEN TE background	330	0.8	3	9.09090909090909
BG_LTR_like_08064	Strict non-ONSEN TE background	276	0.8	4	14.4927536231884
BG_LTR_like_08118	Strict non-ONSEN TE background	225	0.8	1	4.44444444444444
BG_LTR_like_08149	Strict non-ONSEN TE background	252	0.8	18	71.4285714285714
BG_LTR_like_08150	Strict non-ONSEN TE background	294	0.8	1	3.40136054421769
BG_LTR_like_08191	Strict non-ONSEN TE background	310	0.8	2	6.45161290322581
BG_LTR_like_08208	Strict non-ONSEN TE background	318	0.8	10	31.4465408805031
BG_LTR_like_08244	Strict non-ONSEN TE background	234	0.8	3	12.8205128205128
BG_LTR_like_08245	Strict non-ONSEN TE background	234	0.8	3	12.8205128205128
BG_LTR_like_08246	Strict non-ONSEN TE background	203	0.8	19	93.5960591133005
BG_LTR_like_08256	Strict non-ONSEN TE background	393	0.8	1	2.54452926208651
BG_LTR_like_08268	Strict non-ONSEN TE background	371	0.8	20	53.9083557951482
BG_LTR_like_08328	Strict non-ONSEN TE background	270	0.8	3	11.1111111111111
BG_LTR_like_08329	Strict non-ONSEN TE background	522	0.8	5	9.57854406130268
BG_LTR_like_08341	Strict non-ONSEN TE background	235	0.8	4	17.0212765957447
BG_LTR_like_08346	Strict non-ONSEN TE background	350	0.8	2	5.71428571428571
BG_LTR_like_08355	Strict non-ONSEN TE background	925	0.8	17	18.3783783783784
BG_LTR_like_08370	Strict non-ONSEN TE background	212	0.8	8	37.7358490566038
BG_LTR_like_08371	Strict non-ONSEN TE background	392	0.8	7	17.8571428571429
BG_LTR_like_08396	Strict non-ONSEN TE background	658	0.8	0	0
BG_LTR_like_08417	Strict non-ONSEN TE background	206	0.8	0	0
BG_LTR_like_08418	Strict non-ONSEN TE background	486	0.8	0	0
BG_LTR_like_08419	Strict non-ONSEN TE background	1216	0.8	67	55.0986842105263
BG_LTR_like_08460	Strict non-ONSEN TE background	252	0.8	4	15.8730158730159
BG_LTR_like_08461	Strict non-ONSEN TE background	347	0.8	11	31.700288184438
BG_LTR_like_08462	Strict non-ONSEN TE background	576	0.8	28	48.6111111111111
BG_LTR_like_08465	Strict non-ONSEN TE background	385	0.8	7	18.1818181818182
BG_LTR_like_08530	Strict non-ONSEN TE background	268	0.8	2	7.46268656716418
BG_LTR_like_08531	Strict non-ONSEN TE background	219	0.8	9	41.0958904109589
BG_LTR_like_08548	Strict non-ONSEN TE background	1206	0.8	64	53.0679933665008
BG_LTR_like_08558	Strict non-ONSEN TE background	373	0.8	10	26.8096514745308
BG_LTR_like_08587	Strict non-ONSEN TE background	342	0.8	6	17.5438596491228
BG_LTR_like_08588	Strict non-ONSEN TE background	1594	0.8	63	39.5232120451694
BG_LTR_like_08589	Strict non-ONSEN TE background	345	0.8	1	2.89855072463768
BG_LTR_like_08590	Strict non-ONSEN TE background	592	0.8	20	33.7837837837838
BG_LTR_like_08597	Strict non-ONSEN TE background	280	0.8	13	46.4285714285714
BG_LTR_like_08598	Strict non-ONSEN TE background	676	0.8	67	99.112426035503
BG_LTR_like_08599	Strict non-ONSEN TE background	381	0.8	3	7.8740157480315
BG_LTR_like_08600	Strict non-ONSEN TE background	230	0.8	3	13.0434782608696
BG_LTR_like_08601	Strict non-ONSEN TE background	280	0.8	6	21.4285714285714
BG_LTR_like_08602	Strict non-ONSEN TE background	459	0.8	18	39.2156862745098
BG_LTR_like_08603	Strict non-ONSEN TE background	239	0.8	12	50.2092050209205
BG_LTR_like_08604	Strict non-ONSEN TE background	877	0.8	37	42.1892816419612
BG_LTR_like_08607	Strict non-ONSEN TE background	886	0.8	38	42.8893905191874
BG_LTR_like_08625	Strict non-ONSEN TE background	212	0.8	0	0
BG_LTR_like_08638	Strict non-ONSEN TE background	786	0.8	22	27.9898218829517
BG_LTR_like_08639	Strict non-ONSEN TE background	247	0.8	5	20.2429149797571
BG_LTR_like_08654	Strict non-ONSEN TE background	1935	0.8	66	34.1085271317829
BG_LTR_like_08657	Strict non-ONSEN TE background	439	0.8	7	15.9453302961276
BG_LTR_like_08658	Strict non-ONSEN TE background	304	0.8	7	23.0263157894737
BG_LTR_like_08659	Strict non-ONSEN TE background	1119	0.8	70	62.5558534405719
BG_LTR_like_08660	Strict non-ONSEN TE background	535	0.8	21	39.2523364485981
BG_LTR_like_08661	Strict non-ONSEN TE background	323	0.8	12	37.1517027863777
BG_LTR_like_08662	Strict non-ONSEN TE background	969	0.8	42	43.343653250774
BG_LTR_like_08663	Strict non-ONSEN TE background	1100	0.8	24	21.8181818181818
BG_LTR_like_08692	Strict non-ONSEN TE background	1663	0.8	58	34.8767288033674
BG_LTR_like_08699	Strict non-ONSEN TE background	646	0.8	26	40.2476780185758
BG_LTR_like_08702	Strict non-ONSEN TE background	1060	0.8	39	36.7924528301887
BG_LTR_like_08703	Strict non-ONSEN TE background	598	0.8	22	36.7892976588629
BG_LTR_like_08717	Strict non-ONSEN TE background	1249	0.8	29	23.2185748598879
BG_LTR_like_08718	Strict non-ONSEN TE background	234	0.8	6	25.6410256410256
BG_LTR_like_08719	Strict non-ONSEN TE background	807	0.8	22	27.2614622057001
BG_LTR_like_08720	Strict non-ONSEN TE background	622	0.8	12	19.2926045016077
BG_LTR_like_08725	Strict non-ONSEN TE background	1771	0.8	33	18.6335403726708
BG_LTR_like_08728	Strict non-ONSEN TE background	1207	0.8	24	19.884009942005
BG_LTR_like_08729	Strict non-ONSEN TE background	1027	0.8	37	36.0272638753651
BG_LTR_like_08730	Strict non-ONSEN TE background	242	0.8	6	24.7933884297521
BG_LTR_like_08736	Strict non-ONSEN TE background	963	0.8	29	30.1142263759086
BG_LTR_like_08737	Strict non-ONSEN TE background	863	0.8	22	25.4924681344148
BG_LTR_like_08738	Strict non-ONSEN TE background	231	0.8	2	8.65800865800866
BG_LTR_like_08739	Strict non-ONSEN TE background	455	0.8	20	43.9560439560439
BG_LTR_like_08742	Strict non-ONSEN TE background	1191	0.8	35	29.3870696893367
BG_LTR_like_08743	Strict non-ONSEN TE background	575	0.8	30	52.1739130434783
BG_LTR_like_08744	Strict non-ONSEN TE background	389	0.8	17	43.7017994858612
BG_LTR_like_08745	Strict non-ONSEN TE background	835	0.8	26	31.1377245508982
BG_LTR_like_08746	Strict non-ONSEN TE background	781	0.8	41	52.4967989756722
BG_LTR_like_08749	Strict non-ONSEN TE background	266	0.8	6	22.5563909774436
BG_LTR_like_08750	Strict non-ONSEN TE background	1020	0.8	32	31.3725490196078
BG_LTR_like_08751	Strict non-ONSEN TE background	1352	0.8	40	29.585798816568
BG_LTR_like_08752	Strict non-ONSEN TE background	1152	0.8	44	38.1944444444444
BG_LTR_like_08753	Strict non-ONSEN TE background	617	0.8	30	48.6223662884927
BG_LTR_like_08754	Strict non-ONSEN TE background	1201	0.8	24	19.9833472106578
BG_LTR_like_08758	Strict non-ONSEN TE background	1053	0.8	45	42.7350427350427
BG_LTR_like_08759	Strict non-ONSEN TE background	1884	0.8	28	14.8619957537155
BG_LTR_like_08778	Strict non-ONSEN TE background	403	0.8	9	22.3325062034739
BG_LTR_like_08779	Strict non-ONSEN TE background	1618	0.8	49	30.2843016069221
BG_LTR_like_08780	Strict non-ONSEN TE background	325	0.8	9	27.6923076923077
BG_LTR_like_08781	Strict non-ONSEN TE background	275	0.8	19	69.0909090909091
BG_LTR_like_08782	Strict non-ONSEN TE background	460	0.8	9	19.5652173913043
BG_LTR_like_08783	Strict non-ONSEN TE background	293	0.8	8	27.3037542662116
BG_LTR_like_08784	Strict non-ONSEN TE background	486	0.8	12	24.6913580246914
BG_LTR_like_08785	Strict non-ONSEN TE background	1247	0.8	28	22.4538893344026
BG_LTR_like_08786	Strict non-ONSEN TE background	359	0.8	13	36.2116991643454
BG_LTR_like_08787	Strict non-ONSEN TE background	428	0.8	18	42.0560747663551
BG_LTR_like_08788	Strict non-ONSEN TE background	397	0.8	4	10.0755667506297
BG_LTR_like_08789	Strict non-ONSEN TE background	1780	0.8	51	28.6516853932584
BG_LTR_like_08790	Strict non-ONSEN TE background	208	0.8	2	9.61538461538462
BG_LTR_like_08791	Strict non-ONSEN TE background	257	0.8	5	19.4552529182879
BG_LTR_like_08792	Strict non-ONSEN TE background	346	0.8	3	8.67052023121387
BG_LTR_like_08795	Strict non-ONSEN TE background	1703	0.8	55	32.2959483264827
BG_LTR_like_08796	Strict non-ONSEN TE background	1143	0.8	55	48.1189851268591
BG_LTR_like_08797	Strict non-ONSEN TE background	619	0.8	33	53.3117932148627
BG_LTR_like_08798	Strict non-ONSEN TE background	833	0.8	19	22.8091236494598
BG_LTR_like_08801	Strict non-ONSEN TE background	548	0.8	6	10.9489051094891
BG_LTR_like_08802	Strict non-ONSEN TE background	711	0.8	41	57.6652601969058
BG_LTR_like_08803	Strict non-ONSEN TE background	468	0.8	14	29.9145299145299
BG_LTR_like_08804	Strict non-ONSEN TE background	694	0.8	14	20.1729106628242
BG_LTR_like_08805	Strict non-ONSEN TE background	1524	0.8	26	17.0603674540682
BG_LTR_like_08806	Strict non-ONSEN TE background	1281	0.8	28	21.8579234972678
BG_LTR_like_08807	Strict non-ONSEN TE background	1649	0.8	34	20.6185567010309
BG_LTR_like_08812	Strict non-ONSEN TE background	465	0.8	9	19.3548387096774
BG_LTR_like_08813	Strict non-ONSEN TE background	320	0.8	5	15.625
BG_LTR_like_08814	Strict non-ONSEN TE background	283	0.8	6	21.2014134275618
BG_LTR_like_08815	Strict non-ONSEN TE background	935	0.8	15	16.0427807486631
BG_LTR_like_08818	Strict non-ONSEN TE background	1164	0.8	49	42.0962199312715
BG_LTR_like_08819	Strict non-ONSEN TE background	357	0.8	4	11.2044817927171
BG_LTR_like_08820	Strict non-ONSEN TE background	419	0.8	6	14.3198090692124
BG_LTR_like_08821	Strict non-ONSEN TE background	1226	0.8	44	35.8890701468189
BG_LTR_like_08824	Strict non-ONSEN TE background	516	0.8	25	48.4496124031008
BG_LTR_like_08825	Strict non-ONSEN TE background	1428	0.8	93	65.1260504201681
BG_LTR_like_08826	Strict non-ONSEN TE background	693	0.8	38	54.8340548340548
BG_LTR_like_08827	Strict non-ONSEN TE background	891	0.8	40	44.8933782267116
BG_LTR_like_08828	Strict non-ONSEN TE background	1784	0.8	57	31.9506726457399
BG_LTR_like_08829	Strict non-ONSEN TE background	366	0.8	9	24.5901639344262
BG_LTR_like_08830	Strict non-ONSEN TE background	375	0.8	22	58.6666666666667
BG_LTR_like_08831	Strict non-ONSEN TE background	1050	0.8	41	39.047619047619
BG_LTR_like_08832	Strict non-ONSEN TE background	765	0.8	16	20.9150326797386
BG_LTR_like_08833	Strict non-ONSEN TE background	326	0.8	2	6.13496932515337
BG_LTR_like_08834	Strict non-ONSEN TE background	1622	0.8	51	31.442663378545
BG_LTR_like_08835	Strict non-ONSEN TE background	1148	0.8	72	62.7177700348432
BG_LTR_like_08836	Strict non-ONSEN TE background	459	0.8	7	15.2505446623094
BG_LTR_like_08837	Strict non-ONSEN TE background	1671	0.8	93	55.6552962298025
BG_LTR_like_08838	Strict non-ONSEN TE background	1500	0.8	42	28
BG_LTR_like_08845	Strict non-ONSEN TE background	877	0.8	15	17.1037628278221
BG_LTR_like_08846	Strict non-ONSEN TE background	1293	0.8	24	18.5614849187935
BG_LTR_like_08847	Strict non-ONSEN TE background	1778	0.8	73	41.0573678290214
BG_LTR_like_08848	Strict non-ONSEN TE background	817	0.8	10	12.2399020807834
BG_LTR_like_08849	Strict non-ONSEN TE background	1167	0.8	23	19.7086546700943
BG_LTR_like_08850	Strict non-ONSEN TE background	1143	0.8	46	40.2449693788276
BG_LTR_like_08851	Strict non-ONSEN TE background	1235	0.8	34	27.5303643724696
BG_LTR_like_08852	Strict non-ONSEN TE background	461	0.8	13	28.1995661605206
BG_LTR_like_08857	Strict non-ONSEN TE background	485	0.8	13	26.8041237113402
BG_LTR_like_08860	Strict non-ONSEN TE background	994	0.8	33	33.1991951710262
BG_LTR_like_08861	Strict non-ONSEN TE background	1170	0.8	32	27.3504273504274
BG_LTR_like_08862	Strict non-ONSEN TE background	491	0.8	10	20.3665987780041
BG_LTR_like_08863	Strict non-ONSEN TE background	221	0.8	10	45.2488687782805
BG_LTR_like_08864	Strict non-ONSEN TE background	212	0.8	7	33.0188679245283
BG_LTR_like_08865	Strict non-ONSEN TE background	1289	0.8	45	34.910783553142
BG_LTR_like_08873	Strict non-ONSEN TE background	350	0.8	6	17.1428571428571
BG_LTR_like_08876	Strict non-ONSEN TE background	480	0.8	5	10.4166666666667
BG_LTR_like_08877	Strict non-ONSEN TE background	1147	0.8	71	61.9006102877071
BG_LTR_like_08882	Strict non-ONSEN TE background	262	0.8	1	3.81679389312977
BG_LTR_like_08885	Strict non-ONSEN TE background	921	0.8	30	32.5732899022801
BG_LTR_like_08886	Strict non-ONSEN TE background	1736	0.8	39	22.4654377880184
BG_LTR_like_08887	Strict non-ONSEN TE background	1073	0.8	30	27.9589934762349
BG_LTR_like_08890	Strict non-ONSEN TE background	1165	0.8	58	49.7854077253219
BG_LTR_like_08891	Strict non-ONSEN TE background	1136	0.8	61	53.6971830985916
BG_LTR_like_08893	Strict non-ONSEN TE background	720	0.8	11	15.2777777777778
BG_LTR_like_08894	Strict non-ONSEN TE background	940	0.8	17	18.0851063829787
BG_LTR_like_08897	Strict non-ONSEN TE background	263	0.8	1	3.80228136882129
BG_LTR_like_08898	Strict non-ONSEN TE background	359	0.8	11	30.6406685236769
BG_LTR_like_08899	Strict non-ONSEN TE background	235	0.8	10	42.5531914893617
BG_LTR_like_08900	Strict non-ONSEN TE background	480	0.8	14	29.1666666666667
BG_LTR_like_08901	Strict non-ONSEN TE background	1104	0.8	48	43.4782608695652
BG_LTR_like_08902	Strict non-ONSEN TE background	492	0.8	6	12.1951219512195
BG_LTR_like_08903	Strict non-ONSEN TE background	216	0.8	2	9.25925925925926
BG_LTR_like_08904	Strict non-ONSEN TE background	1048	0.8	23	21.9465648854962
BG_LTR_like_08905	Strict non-ONSEN TE background	460	0.8	8	17.3913043478261
BG_LTR_like_08906	Strict non-ONSEN TE background	252	0.8	10	39.6825396825397
BG_LTR_like_08907	Strict non-ONSEN TE background	1065	0.8	30	28.169014084507
BG_LTR_like_08908	Strict non-ONSEN TE background	486	0.8	13	26.7489711934156
BG_LTR_like_08909	Strict non-ONSEN TE background	1059	0.8	15	14.1643059490085
BG_LTR_like_08910	Strict non-ONSEN TE background	304	0.8	2	6.57894736842105
BG_LTR_like_08911	Strict non-ONSEN TE background	859	0.8	32	37.2526193247963
BG_LTR_like_08912	Strict non-ONSEN TE background	1918	0.8	37	19.2909280500521
BG_LTR_like_08915	Strict non-ONSEN TE background	420	0.8	10	23.8095238095238
BG_LTR_like_08916	Strict non-ONSEN TE background	831	0.8	32	38.5078219013237
BG_LTR_like_08917	Strict non-ONSEN TE background	1783	0.8	36	20.1906898485698
BG_LTR_like_08922	Strict non-ONSEN TE background	1173	0.8	33	28.1329923273657
BG_LTR_like_08923	Strict non-ONSEN TE background	1446	0.8	79	54.6334716459198
BG_LTR_like_08926	Strict non-ONSEN TE background	1078	0.8	29	26.9016697588126
BG_LTR_like_08927	Strict non-ONSEN TE background	859	0.8	35	40.7450523864959
BG_LTR_like_08930	Strict non-ONSEN TE background	1003	0.8	43	42.8713858424726
BG_LTR_like_08931	Strict non-ONSEN TE background	368	0.8	14	38.0434782608696
BG_LTR_like_08932	Strict non-ONSEN TE background	1186	0.8	35	29.5109612141653
BG_LTR_like_08939	Strict non-ONSEN TE background	886	0.8	18	20.3160270880361
BG_LTR_like_08944	Strict non-ONSEN TE background	1165	0.8	44	37.7682403433476
BG_LTR_like_08945	Strict non-ONSEN TE background	263	0.8	11	41.8250950570342
BG_LTR_like_08946	Strict non-ONSEN TE background	901	0.8	54	59.9334073251942
BG_LTR_like_08947	Strict non-ONSEN TE background	443	0.8	24	54.176072234763
BG_LTR_like_08948	Strict non-ONSEN TE background	830	0.8	58	69.8795180722892
BG_LTR_like_08949	Strict non-ONSEN TE background	276	0.8	14	50.7246376811594
BG_LTR_like_08950	Strict non-ONSEN TE background	1078	0.8	25	23.191094619666
BG_LTR_like_08956	Strict non-ONSEN TE background	729	0.8	10	13.7174211248285
BG_LTR_like_08957	Strict non-ONSEN TE background	796	0.8	16	20.1005025125628
BG_LTR_like_08960	Strict non-ONSEN TE background	1119	0.8	32	28.5969615728329
BG_LTR_like_08963	Strict non-ONSEN TE background	1927	0.8	72	37.3637778930981
BG_LTR_like_08964	Strict non-ONSEN TE background	1241	0.8	18	14.5044319097502
BG_LTR_like_08981	Strict non-ONSEN TE background	213	0.8	4	18.7793427230047
BG_LTR_like_08982	Strict non-ONSEN TE background	219	0.8	13	59.3607305936073
BG_LTR_like_08983	Strict non-ONSEN TE background	1014	0.8	40	39.4477317554241
BG_LTR_like_08984	Strict non-ONSEN TE background	1515	0.8	27	17.8217821782178
BG_LTR_like_08985	Strict non-ONSEN TE background	698	0.8	30	42.9799426934097
BG_LTR_like_08986	Strict non-ONSEN TE background	259	0.8	15	57.9150579150579
BG_LTR_like_09001	Strict non-ONSEN TE background	226	0.8	8	35.3982300884956
BG_LTR_like_09002	Strict non-ONSEN TE background	208	0.8	10	48.0769230769231
BG_LTR_like_09003	Strict non-ONSEN TE background	1150	0.8	47	40.8695652173913
BG_LTR_like_09004	Strict non-ONSEN TE background	442	0.8	15	33.9366515837104
BG_LTR_like_09005	Strict non-ONSEN TE background	1543	0.8	69	44.7180816591056
BG_LTR_like_09006	Strict non-ONSEN TE background	441	0.8	6	13.6054421768707
BG_LTR_like_09007	Strict non-ONSEN TE background	651	0.8	23	35.3302611367127
BG_LTR_like_09008	Strict non-ONSEN TE background	552	0.8	10	18.1159420289855
BG_LTR_like_09009	Strict non-ONSEN TE background	356	0.8	19	53.3707865168539
BG_LTR_like_09010	Strict non-ONSEN TE background	1414	0.8	38	26.8741159830269
BG_LTR_like_09011	Strict non-ONSEN TE background	1757	0.8	29	16.505406943654
BG_LTR_like_09014	Strict non-ONSEN TE background	1218	0.8	26	21.3464696223317
BG_LTR_like_09015	Strict non-ONSEN TE background	1888	0.8	36	19.0677966101695
BG_LTR_like_09016	Strict non-ONSEN TE background	1763	0.8	35	19.8525241066364
BG_LTR_like_09019	Strict non-ONSEN TE background	1125	0.8	49	43.5555555555556
BG_LTR_like_09020	Strict non-ONSEN TE background	1999	0.8	59	29.5147573786893
BG_LTR_like_09021	Strict non-ONSEN TE background	1206	0.8	41	33.9966832504146
BG_LTR_like_09022	Strict non-ONSEN TE background	343	0.8	3	8.74635568513119
BG_LTR_like_09023	Strict non-ONSEN TE background	1107	0.8	23	20.776874435411
BG_LTR_like_09026	Strict non-ONSEN TE background	376	0.8	9	23.936170212766
BG_LTR_like_09029	Strict non-ONSEN TE background	300	0.8	4	13.3333333333333
BG_LTR_like_09030	Strict non-ONSEN TE background	401	0.8	1	2.49376558603491
BG_LTR_like_09031	Strict non-ONSEN TE background	514	0.8	19	36.9649805447471
BG_LTR_like_09032	Strict non-ONSEN TE background	1114	0.8	41	36.8043087971275
BG_LTR_like_09033	Strict non-ONSEN TE background	806	0.8	27	33.4987593052109
BG_LTR_like_09034	Strict non-ONSEN TE background	312	0.8	2	6.41025641025641
BG_LTR_like_09035	Strict non-ONSEN TE background	1026	0.8	40	38.9863547758285
BG_LTR_like_09036	Strict non-ONSEN TE background	1499	0.8	59	39.3595730486991
BG_LTR_like_09037	Strict non-ONSEN TE background	1187	0.8	33	27.8011794439764
BG_LTR_like_09040	Strict non-ONSEN TE background	581	0.8	20	34.4234079173838
BG_LTR_like_09041	Strict non-ONSEN TE background	1252	0.8	19	15.1757188498403
BG_LTR_like_09042	Strict non-ONSEN TE background	411	0.8	14	34.0632603406326
BG_LTR_like_09043	Strict non-ONSEN TE background	1255	0.8	25	19.9203187250996
BG_LTR_like_09044	Strict non-ONSEN TE background	358	0.8	12	33.5195530726257
BG_LTR_like_09047	Strict non-ONSEN TE background	297	0.8	20	67.3400673400673
BG_LTR_like_09048	Strict non-ONSEN TE background	1750	0.8	40	22.8571428571429
BG_LTR_like_09049	Strict non-ONSEN TE background	615	0.8	18	29.2682926829268
BG_LTR_like_09050	Strict non-ONSEN TE background	601	0.8	12	19.9667221297837
BG_LTR_like_09051	Strict non-ONSEN TE background	1350	0.8	24	17.7777777777778
BG_LTR_like_09052	Strict non-ONSEN TE background	1350	0.8	24	17.7777777777778
BG_LTR_like_09053	Strict non-ONSEN TE background	470	0.8	6	12.7659574468085
BG_LTR_like_09054	Strict non-ONSEN TE background	1813	0.8	47	25.9238830667402
BG_LTR_like_09055	Strict non-ONSEN TE background	451	0.8	7	15.5210643015521
BG_LTR_like_09056	Strict non-ONSEN TE background	464	0.8	15	32.3275862068965
BG_LTR_like_09057	Strict non-ONSEN TE background	953	0.8	42	44.0713536201469
BG_LTR_like_09060	Strict non-ONSEN TE background	623	0.8	9	14.446227929374
BG_LTR_like_09061	Strict non-ONSEN TE background	648	0.8	9	13.8888888888889
BG_LTR_like_09062	Strict non-ONSEN TE background	537	0.8	7	13.0353817504655
BG_LTR_like_09063	Strict non-ONSEN TE background	1494	0.8	38	25.4350736278447
BG_LTR_like_09064	Strict non-ONSEN TE background	715	0.8	30	41.958041958042
BG_LTR_like_09065	Strict non-ONSEN TE background	839	0.8	36	42.9082240762813
BG_LTR_like_09066	Strict non-ONSEN TE background	1156	0.8	66	57.0934256055363
BG_LTR_like_09067	Strict non-ONSEN TE background	530	0.8	23	43.3962264150943
BG_LTR_like_09068	Strict non-ONSEN TE background	946	0.8	46	48.6257928118393
BG_LTR_like_09069	Strict non-ONSEN TE background	838	0.8	24	28.6396181384248
BG_LTR_like_09070	Strict non-ONSEN TE background	821	0.8	45	54.8112058465286
BG_LTR_like_09071	Strict non-ONSEN TE background	1782	0.8	44	24.6913580246914
BG_LTR_like_09072	Strict non-ONSEN TE background	1196	0.8	22	18.3946488294314
BG_LTR_like_09073	Strict non-ONSEN TE background	848	0.8	26	30.6603773584906
BG_LTR_like_09074	Strict non-ONSEN TE background	701	0.8	9	12.8388017118402
BG_LTR_like_09075	Strict non-ONSEN TE background	1624	0.8	84	51.7241379310345
BG_LTR_like_09076	Strict non-ONSEN TE background	205	0.8	10	48.780487804878
BG_LTR_like_09077	Strict non-ONSEN TE background	382	0.8	6	15.7068062827225
BG_LTR_like_09080	Strict non-ONSEN TE background	654	0.8	13	19.8776758409786
BG_LTR_like_09081	Strict non-ONSEN TE background	444	0.8	8	18.018018018018
BG_LTR_like_09082	Strict non-ONSEN TE background	1878	0.8	24	12.779552715655
BG_LTR_like_09083	Strict non-ONSEN TE background	1484	0.8	33	22.2371967654987
BG_LTR_like_09084	Strict non-ONSEN TE background	203	0.8	6	29.5566502463054
BG_LTR_like_09085	Strict non-ONSEN TE background	1224	0.8	21	17.156862745098
BG_LTR_like_09086	Strict non-ONSEN TE background	352	0.8	15	42.6136363636364
BG_LTR_like_09087	Strict non-ONSEN TE background	1323	0.8	32	24.1874527588813
BG_LTR_like_09088	Strict non-ONSEN TE background	1213	0.8	21	17.3124484748557
BG_LTR_like_09091	Strict non-ONSEN TE background	461	0.8	1	2.16919739696312
BG_LTR_like_09092	Strict non-ONSEN TE background	1324	0.8	29	21.9033232628399
BG_LTR_like_09093	Strict non-ONSEN TE background	1609	0.8	63	39.1547545059043
BG_LTR_like_09096	Strict non-ONSEN TE background	954	0.8	47	49.2662473794549
BG_LTR_like_09097	Strict non-ONSEN TE background	344	0.8	14	40.6976744186047
BG_LTR_like_09098	Strict non-ONSEN TE background	1496	0.8	34	22.7272727272727
BG_LTR_like_09105	Strict non-ONSEN TE background	1148	0.8	45	39.198606271777
BG_LTR_like_09106	Strict non-ONSEN TE background	1632	0.8	31	18.9950980392157
BG_LTR_like_09111	Strict non-ONSEN TE background	1283	0.8	61	47.5448168355417
BG_LTR_like_09112	Strict non-ONSEN TE background	1321	0.8	21	15.8970476911431
BG_LTR_like_09113	Strict non-ONSEN TE background	338	0.8	7	20.7100591715976
BG_LTR_like_09114	Strict non-ONSEN TE background	441	0.8	14	31.7460317460317
BG_LTR_like_09117	Strict non-ONSEN TE background	749	0.8	9	12.0160213618158
BG_LTR_like_09118	Strict non-ONSEN TE background	1744	0.8	94	53.8990825688073
BG_LTR_like_09119	Strict non-ONSEN TE background	464	0.8	16	34.4827586206897
BG_LTR_like_09120	Strict non-ONSEN TE background	411	0.8	9	21.8978102189781
BG_LTR_like_09121	Strict non-ONSEN TE background	1711	0.8	71	41.4962010520164
BG_LTR_like_09124	Strict non-ONSEN TE background	304	0.8	3	9.86842105263158
BG_LTR_like_09128	Strict non-ONSEN TE background	902	0.8	27	29.9334811529933
BG_LTR_like_09129	Strict non-ONSEN TE background	688	0.8	24	34.8837209302326
BG_LTR_like_09132	Strict non-ONSEN TE background	1820	0.8	25	13.7362637362637
BG_LTR_like_09135	Strict non-ONSEN TE background	470	0.8	11	23.4042553191489
BG_LTR_like_09136	Strict non-ONSEN TE background	224	0.8	1	4.46428571428571
BG_LTR_like_09137	Strict non-ONSEN TE background	832	0.8	30	36.0576923076923
BG_LTR_like_09140	Strict non-ONSEN TE background	209	0.8	14	66.9856459330144
BG_LTR_like_09143	Strict non-ONSEN TE background	1293	0.8	44	34.0293890177881
BG_LTR_like_09145	Strict non-ONSEN TE background	1728	0.8	60	34.7222222222222
BG_LTR_like_09146	Strict non-ONSEN TE background	1228	0.8	70	57.0032573289902
BG_LTR_like_09147	Strict non-ONSEN TE background	1212	0.8	21	17.3267326732673
BG_LTR_like_09148	Strict non-ONSEN TE background	389	0.8	15	38.560411311054
BG_LTR_like_09149	Strict non-ONSEN TE background	603	0.8	31	51.4096185737977
BG_LTR_like_09150	Strict non-ONSEN TE background	660	0.8	39	59.0909090909091
BG_LTR_like_09151	Strict non-ONSEN TE background	1412	0.8	59	41.7847025495751
BG_LTR_like_09152	Strict non-ONSEN TE background	399	0.8	15	37.593984962406
BG_LTR_like_09153	Strict non-ONSEN TE background	1556	0.8	22	14.1388174807198
BG_LTR_like_09154	Strict non-ONSEN TE background	610	0.8	14	22.9508196721311
BG_LTR_like_09155	Strict non-ONSEN TE background	1228	0.8	31	25.2442996742671
BG_LTR_like_09156	Strict non-ONSEN TE background	1658	0.8	50	30.1568154402895
BG_LTR_like_09159	Strict non-ONSEN TE background	570	0.8	26	45.6140350877193
BG_LTR_like_09160	Strict non-ONSEN TE background	265	0.8	3	11.3207547169811
BG_LTR_like_09161	Strict non-ONSEN TE background	1912	0.8	62	32.4267782426778
BG_LTR_like_09162	Strict non-ONSEN TE background	445	0.8	5	11.2359550561798
BG_LTR_like_09163	Strict non-ONSEN TE background	1760	0.8	59	33.5227272727273
BG_LTR_like_09164	Strict non-ONSEN TE background	687	0.8	13	18.9228529839884
BG_LTR_like_09165	Strict non-ONSEN TE background	1833	0.8	86	46.9176213857065
BG_LTR_like_09168	Strict non-ONSEN TE background	574	0.8	13	22.6480836236934
BG_LTR_like_09169	Strict non-ONSEN TE background	448	0.8	13	29.0178571428571
BG_LTR_like_09170	Strict non-ONSEN TE background	720	0.8	30	41.6666666666667
BG_LTR_like_09171	Strict non-ONSEN TE background	1798	0.8	71	39.4883203559511
BG_LTR_like_09178	Strict non-ONSEN TE background	293	0.8	8	27.3037542662116
BG_LTR_like_09179	Strict non-ONSEN TE background	1190	0.8	56	47.0588235294118
BG_LTR_like_09180	Strict non-ONSEN TE background	318	0.8	15	47.1698113207547
BG_LTR_like_09183	Strict non-ONSEN TE background	547	0.8	29	53.0164533820841
BG_LTR_like_09184	Strict non-ONSEN TE background	1064	0.8	45	42.2932330827068
BG_LTR_like_09185	Strict non-ONSEN TE background	714	0.8	35	49.0196078431373
BG_LTR_like_09186	Strict non-ONSEN TE background	210	0.8	4	19.047619047619
BG_LTR_like_09187	Strict non-ONSEN TE background	1460	0.8	36	24.6575342465753
BG_LTR_like_09188	Strict non-ONSEN TE background	895	0.8	22	24.5810055865922
BG_LTR_like_09193	Strict non-ONSEN TE background	1421	0.8	32	22.5193525686137
BG_LTR_like_09194	Strict non-ONSEN TE background	319	0.8	8	25.0783699059561
BG_LTR_like_09195	Strict non-ONSEN TE background	1464	0.8	36	24.5901639344262
BG_LTR_like_09200	Strict non-ONSEN TE background	229	0.8	3	13.1004366812227
BG_LTR_like_09201	Strict non-ONSEN TE background	206	0.8	2	9.70873786407767
BG_LTR_like_09202	Strict non-ONSEN TE background	351	0.8	13	37.037037037037
BG_LTR_like_09203	Strict non-ONSEN TE background	825	0.8	28	33.9393939393939
BG_LTR_like_09204	Strict non-ONSEN TE background	1181	0.8	23	19.4750211685013
BG_LTR_like_09207	Strict non-ONSEN TE background	880	0.8	26	29.5454545454545
BG_LTR_like_09212	Strict non-ONSEN TE background	802	0.8	16	19.9501246882793
BG_LTR_like_09213	Strict non-ONSEN TE background	1215	0.8	48	39.5061728395062
BG_LTR_like_09214	Strict non-ONSEN TE background	203	0.8	1	4.92610837438424
BG_LTR_like_09215	Strict non-ONSEN TE background	1209	0.8	16	13.2340777502068
BG_LTR_like_09216	Strict non-ONSEN TE background	300	0.8	10	33.3333333333333
BG_LTR_like_09217	Strict non-ONSEN TE background	1723	0.8	33	19.1526407428903
BG_LTR_like_09220	Strict non-ONSEN TE background	556	0.8	7	12.589928057554
BG_LTR_like_09221	Strict non-ONSEN TE background	1835	0.8	56	30.5177111716621
BG_LTR_like_09222	Strict non-ONSEN TE background	309	0.8	5	16.1812297734628
BG_LTR_like_09229	Strict non-ONSEN TE background	319	0.8	9	28.2131661442006
BG_LTR_like_09230	Strict non-ONSEN TE background	846	0.8	17	20.0945626477541
BG_LTR_like_09231	Strict non-ONSEN TE background	382	0.8	15	39.2670157068063
BG_LTR_like_09232	Strict non-ONSEN TE background	419	0.8	0	0
BG_LTR_like_09233	Strict non-ONSEN TE background	1163	0.8	75	64.4883920894239
BG_LTR_like_09234	Strict non-ONSEN TE background	1130	0.8	16	14.1592920353982
BG_LTR_like_09241	Strict non-ONSEN TE background	229	0.8	3	13.1004366812227
BG_LTR_like_09244	Strict non-ONSEN TE background	335	0.8	12	35.8208955223881
BG_LTR_like_09245	Strict non-ONSEN TE background	411	0.8	25	60.8272506082725
BG_LTR_like_09246	Strict non-ONSEN TE background	210	0.8	13	61.9047619047619
BG_LTR_like_09249	Strict non-ONSEN TE background	514	0.8	21	40.8560311284047
BG_LTR_like_09250	Strict non-ONSEN TE background	235	0.8	5	21.2765957446809
BG_LTR_like_09251	Strict non-ONSEN TE background	698	0.8	8	11.4613180515759
BG_LTR_like_09256	Strict non-ONSEN TE background	728	0.8	28	38.4615384615385
BG_LTR_like_09257	Strict non-ONSEN TE background	1152	0.8	22	19.0972222222222
BG_LTR_like_09258	Strict non-ONSEN TE background	640	0.8	42	65.625
BG_LTR_like_09259	Strict non-ONSEN TE background	216	0.8	10	46.2962962962963
BG_LTR_like_09262	Strict non-ONSEN TE background	718	0.8	20	27.8551532033426
BG_LTR_like_09263	Strict non-ONSEN TE background	419	0.8	5	11.9331742243437
BG_LTR_like_09270	Strict non-ONSEN TE background	333	0.8	11	33.033033033033
BG_LTR_like_09271	Strict non-ONSEN TE background	330	0.8	9	27.2727272727273
BG_LTR_like_09272	Strict non-ONSEN TE background	327	0.8	12	36.697247706422
BG_LTR_like_09273	Strict non-ONSEN TE background	235	0.8	2	8.51063829787234
BG_LTR_like_09274	Strict non-ONSEN TE background	323	0.8	9	27.8637770897833
BG_LTR_like_09284	Strict non-ONSEN TE background	1661	0.8	51	30.7043949428055
BG_LTR_like_09298	Strict non-ONSEN TE background	209	0.8	3	14.3540669856459
BG_LTR_like_09301	Strict non-ONSEN TE background	1305	0.8	68	52.1072796934866
BG_LTR_like_09302	Strict non-ONSEN TE background	437	0.8	16	36.6132723112128
BG_LTR_like_09303	Strict non-ONSEN TE background	1915	0.8	46	24.0208877284595
BG_LTR_like_09306	Strict non-ONSEN TE background	886	0.8	30	33.8600451467269
BG_LTR_like_09310	Strict non-ONSEN TE background	247	0.8	11	44.5344129554656
BG_LTR_like_09311	Strict non-ONSEN TE background	982	0.8	23	23.4215885947047
BG_LTR_like_09316	Strict non-ONSEN TE background	1207	0.8	38	31.4830157415079
BG_LTR_like_09317	Strict non-ONSEN TE background	229	0.8	2	8.73362445414847
BG_LTR_like_09318	Strict non-ONSEN TE background	1544	0.8	38	24.6113989637306
BG_LTR_like_09321	Strict non-ONSEN TE background	1356	0.8	55	40.5604719764012
BG_LTR_like_09326	Strict non-ONSEN TE background	596	0.8	6	10.0671140939597
BG_LTR_like_09327	Strict non-ONSEN TE background	1550	0.8	26	16.7741935483871
BG_LTR_like_09330	Strict non-ONSEN TE background	623	0.8	27	43.338683788122
BG_LTR_like_09337	Strict non-ONSEN TE background	261	0.8	3	11.4942528735632
BG_LTR_like_09338	Strict non-ONSEN TE background	471	0.8	13	27.6008492569002
BG_LTR_like_09369	Strict non-ONSEN TE background	481	0.8	25	51.975051975052
BG_LTR_like_09370	Strict non-ONSEN TE background	233	0.8	2	8.58369098712446
BG_LTR_like_09371	Strict non-ONSEN TE background	1177	0.8	44	37.3831775700935
BG_LTR_like_09394	Strict non-ONSEN TE background	397	0.8	2	5.03778337531486
BG_LTR_like_09395	Strict non-ONSEN TE background	549	0.8	16	29.143897996357
BG_LTR_like_09442	Strict non-ONSEN TE background	224	0.8	6	26.7857142857143
BG_LTR_like_09443	Strict non-ONSEN TE background	291	0.8	11	37.8006872852234
BG_LTR_like_09450	Strict non-ONSEN TE background	238	0.8	0	0
BG_LTR_like_09453	Strict non-ONSEN TE background	1026	0.8	19	18.5185185185185
BG_LTR_like_09454	Strict non-ONSEN TE background	304	0.8	11	36.1842105263158
BG_LTR_like_09479	Strict non-ONSEN TE background	277	0.8	6	21.6606498194946
BG_LTR_like_09486	Strict non-ONSEN TE background	1186	0.8	76	64.0809443507589
BG_LTR_like_09489	Strict non-ONSEN TE background	333	0.8	10	30.03003003003
BG_LTR_like_09490	Strict non-ONSEN TE background	539	0.8	13	24.1187384044527
BG_LTR_like_09520	Strict non-ONSEN TE background	446	0.8	10	22.4215246636771
BG_LTR_like_09530	Strict non-ONSEN TE background	1186	0.8	42	35.4131534569983
BG_LTR_like_09531	Strict non-ONSEN TE background	554	0.8	29	52.3465703971119
BG_LTR_like_09566	Strict non-ONSEN TE background	403	0.8	8	19.8511166253102
BG_LTR_like_09599	Strict non-ONSEN TE background	565	0.8	27	47.787610619469
BG_LTR_like_09600	Strict non-ONSEN TE background	672	0.8	15	22.3214285714286
BG_LTR_like_09603	Strict non-ONSEN TE background	444	0.8	2	4.5045045045045
BG_LTR_like_09616	Strict non-ONSEN TE background	202	0.8	2	9.9009900990099
BG_LTR_like_09623	Strict non-ONSEN TE background	377	0.8	16	42.4403183023873
BG_LTR_like_09624	Strict non-ONSEN TE background	769	0.8	20	26.0078023407022
BG_LTR_like_09716	Strict non-ONSEN TE background	480	0.8	5	10.4166666666667
BG_LTR_like_09717	Strict non-ONSEN TE background	237	0.8	6	25.3164556962025
BG_LTR_like_09720	Strict non-ONSEN TE background	310	0.8	14	45.1612903225806
BG_LTR_like_09721	Strict non-ONSEN TE background	503	0.8	13	25.844930417495
BG_LTR_like_09722	Strict non-ONSEN TE background	286	0.8	6	20.979020979021
BG_LTR_like_09789	Strict non-ONSEN TE background	357	0.8	24	67.2268907563025
BG_LTR_like_09790	Strict non-ONSEN TE background	1438	0.8	68	47.2878998609179
BG_LTR_like_09814	Strict non-ONSEN TE background	223	0.8	0	0
BG_LTR_like_09834	Strict non-ONSEN TE background	203	0.8	12	59.1133004926108
BG_LTR_like_09835	Strict non-ONSEN TE background	407	0.8	14	34.3980343980344
BG_LTR_like_09876	Strict non-ONSEN TE background	280	0.8	13	46.4285714285714
BG_LTR_like_09925	Strict non-ONSEN TE background	945	0.8	35	37.037037037037
BG_LTR_like_09936	Strict non-ONSEN TE background	416	0.8	11	26.4423076923077
BG_LTR_like_09942	Strict non-ONSEN TE background	1532	0.8	41	26.7624020887728
BG_LTR_like_09959	Strict non-ONSEN TE background	1080	0.8	20	18.5185185185185
BG_LTR_like_09960	Strict non-ONSEN TE background	574	0.8	18	31.3588850174216
BG_LTR_like_09961	Strict non-ONSEN TE background	265	0.8	5	18.8679245283019
BG_LTR_like_10193	Strict non-ONSEN TE background	218	0.8	1	4.58715596330275
BG_LTR_like_10300	Strict non-ONSEN TE background	889	0.8	31	34.8706411698538
BG_LTR_like_10377	Strict non-ONSEN TE background	426	0.8	13	30.5164319248826
BG_LTR_like_10401	Strict non-ONSEN TE background	456	0.8	21	46.0526315789474
BG_LTR_like_10402	Strict non-ONSEN TE background	714	0.8	42	58.8235294117647
BG_LTR_like_10413	Strict non-ONSEN TE background	1723	0.8	48	27.8583865351132
BG_LTR_like_10416	Strict non-ONSEN TE background	686	0.8	29	42.2740524781341
BG_LTR_like_10419	Strict non-ONSEN TE background	1401	0.8	51	36.4025695931478
BG_LTR_like_10420	Strict non-ONSEN TE background	275	0.8	2	7.27272727272727
BG_LTR_like_10423	Strict non-ONSEN TE background	1779	0.8	25	14.052838673412
BG_LTR_like_10424	Strict non-ONSEN TE background	891	0.8	20	22.4466891133558
BG_LTR_like_10425	Strict non-ONSEN TE background	1532	0.8	52	33.9425587467363
BG_LTR_like_10432	Strict non-ONSEN TE background	244	0.8	1	4.0983606557377
BG_LTR_like_10435	Strict non-ONSEN TE background	673	0.8	25	37.147102526003
BG_LTR_like_10436	Strict non-ONSEN TE background	1141	0.8	21	18.4049079754601
BG_LTR_like_10437	Strict non-ONSEN TE background	451	0.8	9	19.9556541019956
BG_LTR_like_10438	Strict non-ONSEN TE background	1270	0.8	18	14.1732283464567
BG_LTR_like_10439	Strict non-ONSEN TE background	1697	0.8	56	32.9994107248085
BG_LTR_like_10440	Strict non-ONSEN TE background	236	0.8	2	8.47457627118644
BG_LTR_like_10445	Strict non-ONSEN TE background	972	0.8	33	33.9506172839506
BG_LTR_like_10446	Strict non-ONSEN TE background	1181	0.8	51	43.1837425910246
BG_LTR_like_10447	Strict non-ONSEN TE background	763	0.8	24	31.4547837483617
BG_LTR_like_10450	Strict non-ONSEN TE background	717	0.8	20	27.8940027894003
BG_LTR_like_10451	Strict non-ONSEN TE background	457	0.8	12	26.2582056892779
BG_LTR_like_10452	Strict non-ONSEN TE background	1230	0.8	81	65.8536585365854
BG_LTR_like_10457	Strict non-ONSEN TE background	1157	0.8	56	48.4010371650821
BG_LTR_like_10458	Strict non-ONSEN TE background	348	0.8	9	25.8620689655172
BG_LTR_like_10463	Strict non-ONSEN TE background	251	0.8	4	15.9362549800797
BG_LTR_like_10464	Strict non-ONSEN TE background	267	0.8	5	18.7265917602996
BG_LTR_like_10470	Strict non-ONSEN TE background	227	0.8	0	0
BG_LTR_like_10471	Strict non-ONSEN TE background	248	0.8	6	24.1935483870968
BG_LTR_like_10475	Strict non-ONSEN TE background	425	0.8	24	56.4705882352941
BG_LTR_like_10476	Strict non-ONSEN TE background	203	0.8	0	0
BG_LTR_like_10477	Strict non-ONSEN TE background	807	0.8	20	24.7831474597274
BG_LTR_like_10478	Strict non-ONSEN TE background	983	0.8	37	37.6398779247202
BG_LTR_like_10479	Strict non-ONSEN TE background	308	0.8	15	48.7012987012987
BG_LTR_like_10480	Strict non-ONSEN TE background	497	0.8	22	44.2655935613682
BG_LTR_like_10481	Strict non-ONSEN TE background	884	0.8	22	24.8868778280543
BG_LTR_like_10482	Strict non-ONSEN TE background	1496	0.8	37	24.7326203208556
BG_LTR_like_10485	Strict non-ONSEN TE background	1415	0.8	60	42.4028268551237
BG_LTR_like_10488	Strict non-ONSEN TE background	828	0.8	31	37.43961352657
BG_LTR_like_10495	Strict non-ONSEN TE background	546	0.8	11	20.1465201465201
BG_LTR_like_10496	Strict non-ONSEN TE background	650	0.8	15	23.0769230769231
BG_LTR_like_10497	Strict non-ONSEN TE background	284	0.8	13	45.774647887324
BG_LTR_like_10498	Strict non-ONSEN TE background	273	0.8	4	14.6520146520147
BG_LTR_like_10500	Strict non-ONSEN TE background	1170	0.8	21	17.9487179487179
BG_LTR_like_10503	Strict non-ONSEN TE background	213	0.8	4	18.7793427230047
BG_LTR_like_10504	Strict non-ONSEN TE background	300	0.8	10	33.3333333333333
BG_LTR_like_10505	Strict non-ONSEN TE background	883	0.8	23	26.0475651189128
BG_LTR_like_10506	Strict non-ONSEN TE background	221	0.8	6	27.1493212669683
BG_LTR_like_10509	Strict non-ONSEN TE background	592	0.8	16	27.027027027027
BG_LTR_like_10510	Strict non-ONSEN TE background	1692	0.8	54	31.9148936170213
BG_LTR_like_10511	Strict non-ONSEN TE background	1558	0.8	22	14.1206675224647
BG_LTR_like_10514	Strict non-ONSEN TE background	488	0.8	13	26.6393442622951
BG_LTR_like_10515	Strict non-ONSEN TE background	1456	0.8	32	21.978021978022
BG_LTR_like_10516	Strict non-ONSEN TE background	1721	0.8	85	49.3898895990703
BG_LTR_like_10517	Strict non-ONSEN TE background	395	0.8	5	12.6582278481013
BG_LTR_like_10520	Strict non-ONSEN TE background	302	0.8	13	43.046357615894
BG_LTR_like_10521	Strict non-ONSEN TE background	1383	0.8	27	19.5227765726681
BG_LTR_like_10522	Strict non-ONSEN TE background	589	0.8	42	71.3073005093379
BG_LTR_like_10523	Strict non-ONSEN TE background	280	0.8	14	50
BG_LTR_like_10524	Strict non-ONSEN TE background	1255	0.8	44	35.0597609561753
BG_LTR_like_10525	Strict non-ONSEN TE background	317	0.8	1	3.15457413249211
BG_LTR_like_10526	Strict non-ONSEN TE background	1272	0.8	33	25.9433962264151
BG_LTR_like_10527	Strict non-ONSEN TE background	1246	0.8	40	32.1027287319422
BG_LTR_like_10528	Strict non-ONSEN TE background	896	0.8	42	46.875
BG_LTR_like_10529	Strict non-ONSEN TE background	924	0.8	10	10.8225108225108
BG_LTR_like_10530	Strict non-ONSEN TE background	1255	0.8	44	35.0597609561753
BG_LTR_like_10531	Strict non-ONSEN TE background	641	0.8	8	12.4804992199688
BG_LTR_like_10532	Strict non-ONSEN TE background	1193	0.8	62	51.9698239731769
BG_LTR_like_10533	Strict non-ONSEN TE background	1550	0.8	65	41.9354838709677
BG_LTR_like_10534	Strict non-ONSEN TE background	587	0.8	22	37.4787052810903
BG_LTR_like_10537	Strict non-ONSEN TE background	853	0.8	39	45.7209847596718
BG_LTR_like_10538	Strict non-ONSEN TE background	1482	0.8	21	14.17004048583
BG_LTR_like_10539	Strict non-ONSEN TE background	418	0.8	7	16.7464114832536
BG_LTR_like_10542	Strict non-ONSEN TE background	262	0.8	5	19.0839694656489
BG_LTR_like_10543	Strict non-ONSEN TE background	930	0.8	40	43.010752688172
BG_LTR_like_10544	Strict non-ONSEN TE background	1038	0.8	22	21.1946050096339
BG_LTR_like_10545	Strict non-ONSEN TE background	1225	0.8	57	46.530612244898
BG_LTR_like_10548	Strict non-ONSEN TE background	578	0.8	8	13.840830449827
BG_LTR_like_10549	Strict non-ONSEN TE background	392	0.8	4	10.2040816326531
BG_LTR_like_10550	Strict non-ONSEN TE background	1203	0.8	47	39.0689941812136
BG_LTR_like_10551	Strict non-ONSEN TE background	1184	0.8	27	22.8040540540541
BG_LTR_like_10552	Strict non-ONSEN TE background	1300	0.8	27	20.7692307692308
BG_LTR_like_10553	Strict non-ONSEN TE background	500	0.8	9	18
BG_LTR_like_10554	Strict non-ONSEN TE background	306	0.8	1	3.26797385620915
BG_LTR_like_10555	Strict non-ONSEN TE background	1571	0.8	27	17.1865054105665
BG_LTR_like_10558	Strict non-ONSEN TE background	210	0.8	3	14.2857142857143
BG_LTR_like_10559	Strict non-ONSEN TE background	547	0.8	26	47.5319926873857
BG_LTR_like_10560	Strict non-ONSEN TE background	1279	0.8	24	18.7646598905395
BG_LTR_like_10563	Strict non-ONSEN TE background	524	0.8	14	26.7175572519084
BG_LTR_like_10566	Strict non-ONSEN TE background	708	0.8	12	16.9491525423729
BG_LTR_like_10567	Strict non-ONSEN TE background	581	0.8	8	13.7693631669535
BG_LTR_like_10568	Strict non-ONSEN TE background	637	0.8	33	51.8053375196232
BG_LTR_like_10569	Strict non-ONSEN TE background	1132	0.8	27	23.8515901060071
BG_LTR_like_10570	Strict non-ONSEN TE background	1457	0.8	19	13.0404941660947
BG_LTR_like_10571	Strict non-ONSEN TE background	675	0.8	33	48.8888888888889
BG_LTR_like_10572	Strict non-ONSEN TE background	636	0.8	33	51.8867924528302
BG_LTR_like_10573	Strict non-ONSEN TE background	1026	0.8	21	20.4678362573099
BG_LTR_like_10574	Strict non-ONSEN TE background	332	0.8	2	6.02409638554217
BG_LTR_like_10575	Strict non-ONSEN TE background	801	0.8	20	24.9687890137328
BG_LTR_like_10576	Strict non-ONSEN TE background	1632	0.8	39	23.8970588235294
BG_LTR_like_10577	Strict non-ONSEN TE background	280	0.8	4	14.2857142857143
BG_LTR_like_10578	Strict non-ONSEN TE background	990	0.8	22	22.2222222222222
BG_LTR_like_10579	Strict non-ONSEN TE background	312	0.8	3	9.61538461538462
BG_LTR_like_10580	Strict non-ONSEN TE background	238	0.8	2	8.40336134453782
BG_LTR_like_10587	Strict non-ONSEN TE background	1623	0.8	63	38.8170055452865
BG_LTR_like_10588	Strict non-ONSEN TE background	1571	0.8	39	24.8249522597072
BG_LTR_like_10589	Strict non-ONSEN TE background	1205	0.8	53	43.9834024896266
BG_LTR_like_10596	Strict non-ONSEN TE background	788	0.8	50	63.4517766497462
BG_LTR_like_10597	Strict non-ONSEN TE background	1517	0.8	64	42.188529993408
BG_LTR_like_10598	Strict non-ONSEN TE background	508	0.8	16	31.496062992126
BG_LTR_like_10599	Strict non-ONSEN TE background	807	0.8	20	24.7831474597274
BG_LTR_like_10600	Strict non-ONSEN TE background	1041	0.8	25	24.0153698366955
BG_LTR_like_10601	Strict non-ONSEN TE background	347	0.8	8	23.0547550432277
BG_LTR_like_10602	Strict non-ONSEN TE background	250	0.8	4	16
BG_LTR_like_10603	Strict non-ONSEN TE background	486	0.8	11	22.6337448559671
BG_LTR_like_10606	Strict non-ONSEN TE background	315	0.8	12	38.0952380952381
BG_LTR_like_10607	Strict non-ONSEN TE background	421	0.8	26	61.7577197149644
BG_LTR_like_10608	Strict non-ONSEN TE background	1766	0.8	62	35.1075877689694
BG_LTR_like_10609	Strict non-ONSEN TE background	415	0.8	4	9.63855421686747
BG_LTR_like_10610	Strict non-ONSEN TE background	1784	0.8	37	20.7399103139013
BG_LTR_like_10611	Strict non-ONSEN TE background	927	0.8	51	55.0161812297735
BG_LTR_like_10612	Strict non-ONSEN TE background	1708	0.8	39	22.8337236533958
BG_LTR_like_10615	Strict non-ONSEN TE background	806	0.8	23	28.5359801488834
BG_LTR_like_10616	Strict non-ONSEN TE background	1699	0.8	33	19.4231901118305
BG_LTR_like_10617	Strict non-ONSEN TE background	1144	0.8	48	41.958041958042
BG_LTR_like_10618	Strict non-ONSEN TE background	268	0.8	8	29.8507462686567
BG_LTR_like_10619	Strict non-ONSEN TE background	240	0.8	8	33.3333333333333
BG_LTR_like_10620	Strict non-ONSEN TE background	317	0.8	2	6.30914826498423
BG_LTR_like_10621	Strict non-ONSEN TE background	1129	0.8	60	53.1443755535872
BG_LTR_like_10622	Strict non-ONSEN TE background	557	0.8	12	21.5439856373429
BG_LTR_like_10625	Strict non-ONSEN TE background	458	0.8	17	37.117903930131
BG_LTR_like_10626	Strict non-ONSEN TE background	1812	0.8	76	41.9426048565121
BG_LTR_like_10627	Strict non-ONSEN TE background	590	0.8	21	35.5932203389831
BG_LTR_like_10628	Strict non-ONSEN TE background	270	0.8	1	3.7037037037037
BG_LTR_like_10629	Strict non-ONSEN TE background	223	0.8	10	44.8430493273543
BG_LTR_like_10630	Strict non-ONSEN TE background	452	0.8	26	57.5221238938053
BG_LTR_like_10631	Strict non-ONSEN TE background	249	0.8	4	16.0642570281125
BG_LTR_like_10636	Strict non-ONSEN TE background	486	0.8	20	41.1522633744856
BG_LTR_like_10637	Strict non-ONSEN TE background	1529	0.8	48	31.3930673642904
BG_LTR_like_10638	Strict non-ONSEN TE background	632	0.8	9	14.2405063291139
BG_LTR_like_10641	Strict non-ONSEN TE background	681	0.8	22	32.3054331864905
BG_LTR_like_10644	Strict non-ONSEN TE background	1277	0.8	52	40.7204385277995
BG_LTR_like_10645	Strict non-ONSEN TE background	509	0.8	4	7.85854616895874
BG_LTR_like_10646	Strict non-ONSEN TE background	1742	0.8	49	28.1285878300804
BG_LTR_like_10649	Strict non-ONSEN TE background	329	0.8	3	9.11854103343465
BG_LTR_like_10650	Strict non-ONSEN TE background	1009	0.8	37	36.6699702675917
BG_LTR_like_10651	Strict non-ONSEN TE background	1613	0.8	20	12.3992560446373
BG_LTR_like_10656	Strict non-ONSEN TE background	924	0.8	29	31.3852813852814
BG_LTR_like_10657	Strict non-ONSEN TE background	629	0.8	15	23.8473767885533
BG_LTR_like_10658	Strict non-ONSEN TE background	277	0.8	4	14.4404332129964
BG_LTR_like_10659	Strict non-ONSEN TE background	1418	0.8	21	14.8095909732017
BG_LTR_like_10660	Strict non-ONSEN TE background	1132	0.8	15	13.2508833922262
BG_LTR_like_10661	Strict non-ONSEN TE background	1726	0.8	54	31.2862108922364
BG_LTR_like_10666	Strict non-ONSEN TE background	495	0.8	8	16.1616161616162
BG_LTR_like_10673	Strict non-ONSEN TE background	261	0.8	9	34.4827586206897
BG_LTR_like_10676	Strict non-ONSEN TE background	1468	0.8	38	25.8855585831063
BG_LTR_like_10677	Strict non-ONSEN TE background	1204	0.8	42	34.8837209302326
BG_LTR_like_10678	Strict non-ONSEN TE background	949	0.8	16	16.8598524762908
BG_LTR_like_10681	Strict non-ONSEN TE background	595	0.8	36	60.5042016806723
BG_LTR_like_10682	Strict non-ONSEN TE background	1188	0.8	59	49.6632996632997
BG_LTR_like_10683	Strict non-ONSEN TE background	1715	0.8	56	32.6530612244898
BG_LTR_like_10688	Strict non-ONSEN TE background	1164	0.8	61	52.4054982817869
BG_LTR_like_10689	Strict non-ONSEN TE background	208	0.8	3	14.4230769230769
BG_LTR_like_10690	Strict non-ONSEN TE background	1551	0.8	57	36.7504835589942
BG_LTR_like_10691	Strict non-ONSEN TE background	318	0.8	9	28.3018867924528
BG_LTR_like_10692	Strict non-ONSEN TE background	347	0.8	17	48.9913544668588
BG_LTR_like_10697	Strict non-ONSEN TE background	1457	0.8	26	17.8448867536033
BG_LTR_like_10698	Strict non-ONSEN TE background	249	0.8	7	28.1124497991968
BG_LTR_like_10699	Strict non-ONSEN TE background	1058	0.8	18	17.0132325141777
BG_LTR_like_10700	Strict non-ONSEN TE background	542	0.8	13	23.9852398523985
BG_LTR_like_10701	Strict non-ONSEN TE background	1017	0.8	36	35.3982300884956
BG_LTR_like_10702	Strict non-ONSEN TE background	1535	0.8	65	42.3452768729642
BG_LTR_like_10703	Strict non-ONSEN TE background	1328	0.8	33	24.8493975903614
BG_LTR_like_10704	Strict non-ONSEN TE background	394	0.8	9	22.8426395939086
BG_LTR_like_10705	Strict non-ONSEN TE background	727	0.8	5	6.87757909215956
BG_LTR_like_10706	Strict non-ONSEN TE background	426	0.8	3	7.04225352112676
BG_LTR_like_10707	Strict non-ONSEN TE background	522	0.8	17	32.5670498084291
BG_LTR_like_10708	Strict non-ONSEN TE background	796	0.8	32	40.2010050251256
BG_LTR_like_10711	Strict non-ONSEN TE background	1726	0.8	23	13.3256083429896
BG_LTR_like_10712	Strict non-ONSEN TE background	708	0.8	7	9.88700564971751
BG_LTR_like_10713	Strict non-ONSEN TE background	714	0.8	11	15.406162464986
BG_LTR_like_10714	Strict non-ONSEN TE background	1388	0.8	45	32.4207492795389
BG_LTR_like_10715	Strict non-ONSEN TE background	339	0.8	3	8.84955752212389
BG_LTR_like_10716	Strict non-ONSEN TE background	1662	0.8	35	21.0589651022864
BG_LTR_like_10717	Strict non-ONSEN TE background	544	0.8	25	45.9558823529412
BG_LTR_like_10718	Strict non-ONSEN TE background	1860	0.8	116	62.3655913978495
BG_LTR_like_10719	Strict non-ONSEN TE background	851	0.8	12	14.1010575793185
BG_LTR_like_10720	Strict non-ONSEN TE background	210	0.8	15	71.4285714285714
BG_LTR_like_10723	Strict non-ONSEN TE background	1164	0.8	85	73.0240549828179
BG_LTR_like_10726	Strict non-ONSEN TE background	208	0.8	4	19.2307692307692
BG_LTR_like_10727	Strict non-ONSEN TE background	1906	0.8	69	36.2014690451207
BG_LTR_like_10730	Strict non-ONSEN TE background	974	0.8	32	32.8542094455852
BG_LTR_like_10731	Strict non-ONSEN TE background	1204	0.8	71	58.9700996677741
BG_LTR_like_10734	Strict non-ONSEN TE background	776	0.8	39	50.2577319587629
BG_LTR_like_10735	Strict non-ONSEN TE background	787	0.8	35	44.4726810673443
BG_LTR_like_10738	Strict non-ONSEN TE background	1200	0.8	56	46.6666666666667
BG_LTR_like_10739	Strict non-ONSEN TE background	1529	0.8	44	28.7769784172662
BG_LTR_like_10740	Strict non-ONSEN TE background	1497	0.8	53	35.4041416165665
BG_LTR_like_10741	Strict non-ONSEN TE background	1067	0.8	40	37.4882849109653
BG_LTR_like_10742	Strict non-ONSEN TE background	1645	0.8	43	26.1398176291793
BG_LTR_like_10745	Strict non-ONSEN TE background	720	0.8	7	9.72222222222222
BG_LTR_like_10746	Strict non-ONSEN TE background	611	0.8	55	90.0163666121113
BG_LTR_like_10749	Strict non-ONSEN TE background	213	0.8	0	0
BG_LTR_like_10756	Strict non-ONSEN TE background	568	0.8	11	19.3661971830986
BG_LTR_like_10757	Strict non-ONSEN TE background	506	0.8	20	39.5256916996047
BG_LTR_like_10758	Strict non-ONSEN TE background	1549	0.8	48	30.9877340219496
BG_LTR_like_10759	Strict non-ONSEN TE background	1607	0.8	40	24.8911014312383
BG_LTR_like_10760	Strict non-ONSEN TE background	464	0.8	5	10.7758620689655
BG_LTR_like_10761	Strict non-ONSEN TE background	243	0.8	13	53.4979423868313
BG_LTR_like_10762	Strict non-ONSEN TE background	541	0.8	17	31.4232902033272
BG_LTR_like_10763	Strict non-ONSEN TE background	857	0.8	43	50.1750291715286
BG_LTR_like_10764	Strict non-ONSEN TE background	297	0.8	6	20.2020202020202
BG_LTR_like_10765	Strict non-ONSEN TE background	1550	0.8	26	16.7741935483871
BG_LTR_like_10766	Strict non-ONSEN TE background	1073	0.8	29	27.027027027027
BG_LTR_like_10767	Strict non-ONSEN TE background	574	0.8	37	64.4599303135889
BG_LTR_like_10772	Strict non-ONSEN TE background	230	0.8	6	26.0869565217391
BG_LTR_like_10773	Strict non-ONSEN TE background	475	0.8	18	37.8947368421053
BG_LTR_like_10774	Strict non-ONSEN TE background	1543	0.8	68	44.0699935191186
BG_LTR_like_10775	Strict non-ONSEN TE background	239	0.8	5	20.9205020920502
BG_LTR_like_10776	Strict non-ONSEN TE background	1074	0.8	61	56.7970204841713
BG_LTR_like_10777	Strict non-ONSEN TE background	1064	0.8	39	36.6541353383459
BG_LTR_like_10778	Strict non-ONSEN TE background	317	0.8	16	50.4731861198738
BG_LTR_like_10779	Strict non-ONSEN TE background	599	0.8	21	35.0584307178631
BG_LTR_like_10782	Strict non-ONSEN TE background	1667	0.8	75	44.9910017996401
BG_LTR_like_10783	Strict non-ONSEN TE background	241	0.8	3	12.448132780083
BG_LTR_like_10784	Strict non-ONSEN TE background	272	0.8	9	33.0882352941176
BG_LTR_like_10788	Strict non-ONSEN TE background	1011	0.8	15	14.8367952522255
BG_LTR_like_10789	Strict non-ONSEN TE background	401	0.8	18	44.8877805486284
BG_LTR_like_10792	Strict non-ONSEN TE background	1350	0.8	41	30.3703703703704
BG_LTR_like_10795	Strict non-ONSEN TE background	1577	0.8	45	28.5351934051997
BG_LTR_like_10796	Strict non-ONSEN TE background	1750	0.8	31	17.7142857142857
BG_LTR_like_10797	Strict non-ONSEN TE background	1738	0.8	77	44.3037974683544
BG_LTR_like_10800	Strict non-ONSEN TE background	1140	0.8	35	30.7017543859649
BG_LTR_like_10803	Strict non-ONSEN TE background	1235	0.8	23	18.6234817813765
BG_LTR_like_10804	Strict non-ONSEN TE background	1911	0.8	75	39.2464678178964
BG_LTR_like_10805	Strict non-ONSEN TE background	283	0.8	8	28.2685512367491
BG_LTR_like_10806	Strict non-ONSEN TE background	1647	0.8	74	44.9301760777171
BG_LTR_like_10809	Strict non-ONSEN TE background	1807	0.8	55	30.43718871057
BG_LTR_like_10812	Strict non-ONSEN TE background	1575	0.8	38	24.1269841269841
BG_LTR_like_10815	Strict non-ONSEN TE background	1010	0.8	33	32.6732673267327
BG_LTR_like_10816	Strict non-ONSEN TE background	641	0.8	25	39.0015600624025
BG_LTR_like_10817	Strict non-ONSEN TE background	555	0.8	34	61.2612612612613
BG_LTR_like_10818	Strict non-ONSEN TE background	772	0.8	34	44.0414507772021
BG_LTR_like_10819	Strict non-ONSEN TE background	647	0.8	13	20.0927357032458
BG_LTR_like_10820	Strict non-ONSEN TE background	1590	0.8	30	18.8679245283019
BG_LTR_like_10821	Strict non-ONSEN TE background	651	0.8	8	12.2887864823349
BG_LTR_like_10822	Strict non-ONSEN TE background	1133	0.8	48	42.3654015887026
BG_LTR_like_10823	Strict non-ONSEN TE background	466	0.8	30	64.3776824034335
BG_LTR_like_10824	Strict non-ONSEN TE background	426	0.8	13	30.5164319248826
BG_LTR_like_10825	Strict non-ONSEN TE background	1517	0.8	36	23.731048121292
BG_LTR_like_10826	Strict non-ONSEN TE background	204	0.8	2	9.80392156862745
BG_LTR_like_10827	Strict non-ONSEN TE background	286	0.8	6	20.979020979021
BG_LTR_like_10830	Strict non-ONSEN TE background	1074	0.8	19	17.6908752327747
BG_LTR_like_10833	Strict non-ONSEN TE background	632	0.8	26	41.1392405063291
BG_LTR_like_10834	Strict non-ONSEN TE background	1831	0.8	44	24.0305843801202
BG_LTR_like_10845	Strict non-ONSEN TE background	1174	0.8	81	68.9948892674617
BG_LTR_like_10848	Strict non-ONSEN TE background	229	0.8	2	8.73362445414847
BG_LTR_like_10849	Strict non-ONSEN TE background	330	0.8	5	15.1515151515152
BG_LTR_like_10850	Strict non-ONSEN TE background	212	0.8	7	33.0188679245283
BG_LTR_like_10851	Strict non-ONSEN TE background	549	0.8	26	47.3588342440801
BG_LTR_like_10852	Strict non-ONSEN TE background	334	0.8	18	53.8922155688623
BG_LTR_like_10853	Strict non-ONSEN TE background	1329	0.8	63	47.4040632054176
BG_LTR_like_10854	Strict non-ONSEN TE background	595	0.8	16	26.890756302521
BG_LTR_like_10855	Strict non-ONSEN TE background	1246	0.8	30	24.0770465489567
BG_LTR_like_10856	Strict non-ONSEN TE background	1381	0.8	43	31.1368573497466
BG_LTR_like_10857	Strict non-ONSEN TE background	967	0.8	34	35.1602895553258
BG_LTR_like_10858	Strict non-ONSEN TE background	643	0.8	30	46.656298600311
BG_LTR_like_10859	Strict non-ONSEN TE background	448	0.8	2	4.46428571428571
BG_LTR_like_10860	Strict non-ONSEN TE background	450	0.8	18	40
BG_LTR_like_10865	Strict non-ONSEN TE background	1096	0.8	37	33.7591240875912
BG_LTR_like_10869	Strict non-ONSEN TE background	1001	0.8	33	32.967032967033
BG_LTR_like_10872	Strict non-ONSEN TE background	1902	0.8	65	34.1745531019979
BG_LTR_like_10875	Strict non-ONSEN TE background	219	0.8	3	13.6986301369863
BG_LTR_like_10876	Strict non-ONSEN TE background	321	0.8	14	43.613707165109
BG_LTR_like_10879	Strict non-ONSEN TE background	292	0.8	20	68.4931506849315
BG_LTR_like_10880	Strict non-ONSEN TE background	715	0.8	7	9.79020979020979
BG_LTR_like_10891	Strict non-ONSEN TE background	207	0.8	3	14.4927536231884
BG_LTR_like_10892	Strict non-ONSEN TE background	342	0.8	9	26.3157894736842
BG_LTR_like_10893	Strict non-ONSEN TE background	452	0.8	14	30.9734513274336
BG_LTR_like_10894	Strict non-ONSEN TE background	250	0.8	4	16
BG_LTR_like_10895	Strict non-ONSEN TE background	250	0.8	4	16
BG_LTR_like_10896	Strict non-ONSEN TE background	250	0.8	3	12
BG_LTR_like_10897	Strict non-ONSEN TE background	484	0.8	26	53.7190082644628
BG_LTR_like_10900	Strict non-ONSEN TE background	808	0.8	24	29.7029702970297
BG_LTR_like_10913	Strict non-ONSEN TE background	1753	0.8	68	38.7906446092413
BG_LTR_like_10916	Strict non-ONSEN TE background	611	0.8	47	76.9230769230769
BG_LTR_like_10922	Strict non-ONSEN TE background	1625	0.8	42	25.8461538461538
BG_LTR_like_10923	Strict non-ONSEN TE background	495	0.8	20	40.4040404040404
BG_LTR_like_10938	Strict non-ONSEN TE background	303	0.8	10	33.003300330033
BG_LTR_like_10939	Strict non-ONSEN TE background	650	0.8	24	36.9230769230769
BG_LTR_like_10950	Strict non-ONSEN TE background	590	0.8	9	15.2542372881356
BG_LTR_like_10964	Strict non-ONSEN TE background	233	0.8	10	42.9184549356223
BG_LTR_like_10965	Strict non-ONSEN TE background	666	0.8	27	40.5405405405405
BG_LTR_like_10966	Strict non-ONSEN TE background	1735	0.8	60	34.5821325648415
BG_LTR_like_11001	Strict non-ONSEN TE background	538	0.8	23	42.7509293680297
BG_LTR_like_11002	Strict non-ONSEN TE background	273	0.8	0	0
BG_LTR_like_11003	Strict non-ONSEN TE background	329	0.8	14	42.5531914893617
BG_LTR_like_11006	Strict non-ONSEN TE background	325	0.8	3	9.23076923076923
BG_LTR_like_11007	Strict non-ONSEN TE background	211	0.8	2	9.47867298578199
BG_LTR_like_11008	Strict non-ONSEN TE background	497	0.8	16	32.1931589537223
BG_LTR_like_11009	Strict non-ONSEN TE background	378	0.8	7	18.5185185185185
BG_LTR_like_11012	Strict non-ONSEN TE background	212	0.8	9	42.4528301886792
BG_LTR_like_11013	Strict non-ONSEN TE background	627	0.8	27	43.0622009569378
BG_LTR_like_11016	Strict non-ONSEN TE background	876	0.8	10	11.4155251141553
BG_LTR_like_11062	Strict non-ONSEN TE background	661	0.8	11	16.6414523449319
BG_LTR_like_11141	Strict non-ONSEN TE background	222	0.8	5	22.5225225225225
BG_LTR_like_11211	Strict non-ONSEN TE background	391	0.8	15	38.3631713554987
BG_LTR_like_11212	Strict non-ONSEN TE background	206	0.8	6	29.126213592233
BG_LTR_like_11213	Strict non-ONSEN TE background	212	0.8	7	33.0188679245283
BG_LTR_like_11236	Strict non-ONSEN TE background	382	0.8	21	54.9738219895288
BG_LTR_like_11237	Strict non-ONSEN TE background	551	0.8	20	36.2976406533575
BG_LTR_like_11271	Strict non-ONSEN TE background	734	0.8	11	14.9863760217984
BG_LTR_like_11272	Strict non-ONSEN TE background	306	0.8	10	32.6797385620915
BG_LTR_like_11302	Strict non-ONSEN TE background	1499	0.8	33	22.0146764509673
BG_LTR_like_11303	Strict non-ONSEN TE background	315	0.8	15	47.6190476190476
BG_LTR_like_11304	Strict non-ONSEN TE background	261	0.8	3	11.4942528735632
BG_LTR_like_11305	Strict non-ONSEN TE background	366	0.8	4	10.9289617486339
BG_LTR_like_11347	Strict non-ONSEN TE background	634	0.8	5	7.88643533123028
BG_LTR_like_11400	Strict non-ONSEN TE background	277	0.8	1	3.6101083032491
BG_LTR_like_11401	Strict non-ONSEN TE background	549	0.8	23	41.8943533697632
BG_LTR_like_11411	Strict non-ONSEN TE background	399	0.8	16	40.1002506265664
BG_LTR_like_11483	Strict non-ONSEN TE background	327	0.8	21	64.2201834862385
BG_LTR_like_11484	Strict non-ONSEN TE background	606	0.8	11	18.1518151815182
BG_LTR_like_11560	Strict non-ONSEN TE background	290	0.8	7	24.1379310344828
BG_LTR_like_11564	Strict non-ONSEN TE background	1225	0.8	59	48.1632653061224
BG_LTR_like_11565	Strict non-ONSEN TE background	1162	0.8	31	26.6781411359725
BG_LTR_like_11570	Strict non-ONSEN TE background	786	0.8	28	35.6234096692112
BG_LTR_like_11653	Strict non-ONSEN TE background	384	0.8	13	33.8541666666667
BG_LTR_like_11693	Strict non-ONSEN TE background	958	0.8	37	38.6221294363257
BG_LTR_like_11700	Strict non-ONSEN TE background	667	0.8	23	34.4827586206897
BG_LTR_like_11723	Strict non-ONSEN TE background	355	0.8	14	39.4366197183099
BG_LTR_like_11791	Strict non-ONSEN TE background	473	0.8	9	19.0274841437632
BG_LTR_like_12027	Strict non-ONSEN TE background	261	0.8	17	65.1340996168582
BG_LTR_like_12142	Strict non-ONSEN TE background	310	0.8	0	0
BG_LTR_like_12180	Strict non-ONSEN TE background	590	0.8	31	52.5423728813559
BG_LTR_like_12195	Strict non-ONSEN TE background	303	0.8	4	13.2013201320132
BG_LTR_like_12256	Strict non-ONSEN TE background	596	0.8	21	35.2348993288591
BG_LTR_like_12369	Strict non-ONSEN TE background	354	0.8	0	0
BG_LTR_like_12578	Strict non-ONSEN TE background	312	0.8	4	12.8205128205128
BG_LTR_like_12926	Strict non-ONSEN TE background	474	0.8	7	14.7679324894515
BG_LTR_like_12984	Strict non-ONSEN TE background	392	0.8	25	63.7755102040816
BG_LTR_like_13108	Strict non-ONSEN TE background	226	0.8	4	17.6991150442478
BG_LTR_like_13614	Strict non-ONSEN TE background	273	0.8	26	95.2380952380952
BG_LTR_like_13644	Strict non-ONSEN TE background	339	0.8	5	14.7492625368732
BG_LTR_like_13735	Strict non-ONSEN TE background	408	0.8	8	19.6078431372549
BG_LTR_like_13758	Strict non-ONSEN TE background	262	0.8	3	11.4503816793893
BG_LTR_like_13759	Strict non-ONSEN TE background	922	0.8	16	17.353579175705
BG_LTR_like_13767	Strict non-ONSEN TE background	235	0.8	11	46.8085106382979
BG_LTR_like_13768	Strict non-ONSEN TE background	386	0.8	8	20.7253886010363
BG_LTR_like_13782	Strict non-ONSEN TE background	1623	0.8	31	19.1004313000616
BG_LTR_like_13783	Strict non-ONSEN TE background	308	0.8	14	45.4545454545455
BG_LTR_like_13798	Strict non-ONSEN TE background	493	0.8	5	10.1419878296146
BG_LTR_like_13799	Strict non-ONSEN TE background	343	0.8	7	20.4081632653061
BG_LTR_like_13800	Strict non-ONSEN TE background	344	0.8	15	43.6046511627907
BG_LTR_like_13805	Strict non-ONSEN TE background	668	0.8	18	26.9461077844311
BG_LTR_like_13827	Strict non-ONSEN TE background	240	0.8	3	12.5
BG_LTR_like_13828	Strict non-ONSEN TE background	230	0.8	4	17.3913043478261
BG_LTR_like_13856	Strict non-ONSEN TE background	273	0.8	2	7.32600732600733
BG_LTR_like_13857	Strict non-ONSEN TE background	609	0.8	41	67.3234811165846
BG_LTR_like_13858	Strict non-ONSEN TE background	1187	0.8	43	36.2257792754844
BG_LTR_like_13866	Strict non-ONSEN TE background	201	0.8	4	19.9004975124378
BG_LTR_like_13867	Strict non-ONSEN TE background	281	0.8	11	39.1459074733096
BG_LTR_like_13870	Strict non-ONSEN TE background	372	0.8	5	13.4408602150538
BG_LTR_like_13922	Strict non-ONSEN TE background	491	0.8	6	12.2199592668024
BG_LTR_like_13923	Strict non-ONSEN TE background	782	0.8	23	29.4117647058824
BG_LTR_like_13926	Strict non-ONSEN TE background	1352	0.8	33	24.4082840236686
BG_LTR_like_13927	Strict non-ONSEN TE background	564	0.8	37	65.6028368794326
BG_LTR_like_13928	Strict non-ONSEN TE background	981	0.8	23	23.4454638124363
BG_LTR_like_13929	Strict non-ONSEN TE background	245	0.8	8	32.6530612244898
BG_LTR_like_13930	Strict non-ONSEN TE background	1181	0.8	30	25.4022015241321
BG_LTR_like_13933	Strict non-ONSEN TE background	1151	0.8	23	19.9826238053866
BG_LTR_like_13938	Strict non-ONSEN TE background	1811	0.8	65	35.8917725013805
BG_LTR_like_13939	Strict non-ONSEN TE background	226	0.8	7	30.9734513274336
BG_LTR_like_13940	Strict non-ONSEN TE background	1667	0.8	52	31.1937612477504
BG_LTR_like_13941	Strict non-ONSEN TE background	306	0.8	29	94.7712418300654
BG_LTR_like_13942	Strict non-ONSEN TE background	266	0.8	6	22.5563909774436
BG_LTR_like_13943	Strict non-ONSEN TE background	266	0.8	6	22.5563909774436
BG_LTR_like_13944	Strict non-ONSEN TE background	886	0.8	32	36.117381489842
BG_LTR_like_13947	Strict non-ONSEN TE background	262	0.8	4	15.2671755725191
BG_LTR_like_13948	Strict non-ONSEN TE background	530	0.8	2	3.77358490566038
BG_LTR_like_13949	Strict non-ONSEN TE background	316	0.8	2	6.32911392405063
BG_LTR_like_13950	Strict non-ONSEN TE background	394	0.8	9	22.8426395939086
BG_LTR_like_13951	Strict non-ONSEN TE background	1049	0.8	20	19.0657769304099
BG_LTR_like_13952	Strict non-ONSEN TE background	723	0.8	22	30.4287690179806
BG_LTR_like_13953	Strict non-ONSEN TE background	1457	0.8	46	31.5717227179135
BG_LTR_like_13954	Strict non-ONSEN TE background	348	0.8	16	45.9770114942529
BG_LTR_like_13957	Strict non-ONSEN TE background	256	0.8	5	19.53125
BG_LTR_like_13958	Strict non-ONSEN TE background	1704	0.8	57	33.4507042253521
BG_LTR_like_13961	Strict non-ONSEN TE background	418	0.8	16	38.2775119617225
BG_LTR_like_13962	Strict non-ONSEN TE background	253	0.8	11	43.4782608695652
BG_LTR_like_13963	Strict non-ONSEN TE background	455	0.8	30	65.9340659340659
BG_LTR_like_13964	Strict non-ONSEN TE background	1119	0.8	48	42.8954423592493
BG_LTR_like_13965	Strict non-ONSEN TE background	1965	0.8	99	50.381679389313
BG_LTR_like_13966	Strict non-ONSEN TE background	1557	0.8	28	17.9833012202954
BG_LTR_like_13967	Strict non-ONSEN TE background	557	0.8	24	43.0879712746858
BG_LTR_like_13968	Strict non-ONSEN TE background	1736	0.8	26	14.9769585253456
BG_LTR_like_13969	Strict non-ONSEN TE background	224	0.8	3	13.3928571428571
BG_LTR_like_13970	Strict non-ONSEN TE background	1710	0.8	64	37.4269005847953
BG_LTR_like_13971	Strict non-ONSEN TE background	1063	0.8	24	22.5776105362183
BG_LTR_like_13972	Strict non-ONSEN TE background	1753	0.8	48	27.3816314888762
BG_LTR_like_13973	Strict non-ONSEN TE background	271	0.8	15	55.3505535055351
BG_LTR_like_13974	Strict non-ONSEN TE background	359	0.8	14	38.9972144846797
BG_LTR_like_13977	Strict non-ONSEN TE background	1207	0.8	32	26.5120132560066
BG_LTR_like_13980	Strict non-ONSEN TE background	597	0.8	17	28.4757118927973
BG_LTR_like_13999	Strict non-ONSEN TE background	908	0.8	36	39.647577092511
BG_LTR_like_14004	Strict non-ONSEN TE background	468	0.8	13	27.7777777777778
BG_LTR_like_14005	Strict non-ONSEN TE background	1180	0.8	34	28.8135593220339
BG_LTR_like_14006	Strict non-ONSEN TE background	711	0.8	16	22.5035161744023
BG_LTR_like_14015	Strict non-ONSEN TE background	443	0.8	1	2.25733634311512
BG_LTR_like_14018	Strict non-ONSEN TE background	1730	0.8	40	23.121387283237
BG_LTR_like_14019	Strict non-ONSEN TE background	1186	0.8	41	34.5699831365936
BG_LTR_like_14020	Strict non-ONSEN TE background	1994	0.8	34	17.0511534603811
BG_LTR_like_14025	Strict non-ONSEN TE background	1705	0.8	58	34.0175953079179
BG_LTR_like_14026	Strict non-ONSEN TE background	1721	0.8	37	21.499128413713
BG_LTR_like_14027	Strict non-ONSEN TE background	1117	0.8	20	17.905102954342
BG_LTR_like_14030	Strict non-ONSEN TE background	1654	0.8	62	37.4848851269649
BG_LTR_like_14031	Strict non-ONSEN TE background	1445	0.8	54	37.3702422145329
BG_LTR_like_14032	Strict non-ONSEN TE background	1192	0.8	47	39.4295302013423
BG_LTR_like_14035	Strict non-ONSEN TE background	709	0.8	46	64.8801128349788
BG_LTR_like_14038	Strict non-ONSEN TE background	1335	0.8	43	32.2097378277154
BG_LTR_like_14039	Strict non-ONSEN TE background	1051	0.8	19	18.0780209324453
BG_LTR_like_14040	Strict non-ONSEN TE background	426	0.8	6	14.0845070422535
BG_LTR_like_14041	Strict non-ONSEN TE background	412	0.8	7	16.9902912621359
BG_LTR_like_14044	Strict non-ONSEN TE background	1475	0.8	54	36.6101694915254
BG_LTR_like_14045	Strict non-ONSEN TE background	457	0.8	20	43.7636761487965
BG_LTR_like_14046	Strict non-ONSEN TE background	687	0.8	20	29.1120815138282
BG_LTR_like_14047	Strict non-ONSEN TE background	1385	0.8	50	36.101083032491
BG_LTR_like_14048	Strict non-ONSEN TE background	1564	0.8	39	24.9360613810742
BG_LTR_like_14049	Strict non-ONSEN TE background	324	0.8	4	12.3456790123457
BG_LTR_like_14050	Strict non-ONSEN TE background	1322	0.8	73	55.2193645990923
BG_LTR_like_14051	Strict non-ONSEN TE background	319	0.8	10	31.3479623824451
BG_LTR_like_14054	Strict non-ONSEN TE background	206	0.8	4	19.4174757281553
BG_LTR_like_14055	Strict non-ONSEN TE background	306	0.8	6	19.6078431372549
BG_LTR_like_14056	Strict non-ONSEN TE background	508	0.8	37	72.8346456692913
BG_LTR_like_14059	Strict non-ONSEN TE background	1268	0.8	50	39.4321766561514
BG_LTR_like_14060	Strict non-ONSEN TE background	1296	0.8	70	54.0123456790123
BG_LTR_like_14063	Strict non-ONSEN TE background	561	0.8	19	33.8680926916221
BG_LTR_like_14064	Strict non-ONSEN TE background	1014	0.8	53	52.2682445759369
BG_LTR_like_14065	Strict non-ONSEN TE background	1223	0.8	39	31.8887980376124
BG_LTR_like_14066	Strict non-ONSEN TE background	696	0.8	7	10.0574712643678
BG_LTR_like_14067	Strict non-ONSEN TE background	708	0.8	30	42.3728813559322
BG_LTR_like_14068	Strict non-ONSEN TE background	561	0.8	15	26.7379679144385
BG_LTR_like_14071	Strict non-ONSEN TE background	1228	0.8	43	35.0162866449511
BG_LTR_like_14074	Strict non-ONSEN TE background	444	0.8	24	54.0540540540541
BG_LTR_like_14075	Strict non-ONSEN TE background	1146	0.8	53	46.2478184991274
BG_LTR_like_14076	Strict non-ONSEN TE background	1411	0.8	35	24.8051027639972
BG_LTR_like_14077	Strict non-ONSEN TE background	1915	0.8	47	24.5430809399478
BG_LTR_like_14080	Strict non-ONSEN TE background	470	0.8	21	44.6808510638298
BG_LTR_like_14081	Strict non-ONSEN TE background	1224	0.8	27	22.0588235294118
BG_LTR_like_14082	Strict non-ONSEN TE background	412	0.8	8	19.4174757281553
BG_LTR_like_14083	Strict non-ONSEN TE background	1953	0.8	45	23.0414746543779
BG_LTR_like_14084	Strict non-ONSEN TE background	1220	0.8	37	30.327868852459
BG_LTR_like_14085	Strict non-ONSEN TE background	246	0.8	3	12.1951219512195
BG_LTR_like_14086	Strict non-ONSEN TE background	1209	0.8	54	44.6650124069479
BG_LTR_like_14089	Strict non-ONSEN TE background	317	0.8	0	0
BG_LTR_like_14092	Strict non-ONSEN TE background	1325	0.8	38	28.6792452830189
BG_LTR_like_14095	Strict non-ONSEN TE background	1199	0.8	93	77.5646371976647
BG_LTR_like_14098	Strict non-ONSEN TE background	1751	0.8	44	25.1284980011422
BG_LTR_like_14103	Strict non-ONSEN TE background	429	0.8	22	51.2820512820513
BG_LTR_like_14104	Strict non-ONSEN TE background	779	0.8	25	32.0924261874198
BG_LTR_like_14107	Strict non-ONSEN TE background	568	0.8	14	24.6478873239437
BG_LTR_like_14108	Strict non-ONSEN TE background	1559	0.8	59	37.8447722899294
BG_LTR_like_14109	Strict non-ONSEN TE background	494	0.8	9	18.2186234817814
BG_LTR_like_14110	Strict non-ONSEN TE background	479	0.8	12	25.0521920668058
BG_LTR_like_14111	Strict non-ONSEN TE background	402	0.8	12	29.8507462686567
BG_LTR_like_14114	Strict non-ONSEN TE background	1207	0.8	41	33.9685169842585
BG_LTR_like_14115	Strict non-ONSEN TE background	770	0.8	7	9.09090909090909
BG_LTR_like_14128	Strict non-ONSEN TE background	547	0.8	30	54.8446069469835
BG_LTR_like_14129	Strict non-ONSEN TE background	717	0.8	9	12.5523012552301
BG_LTR_like_14130	Strict non-ONSEN TE background	292	0.8	11	37.6712328767123
BG_LTR_like_14135	Strict non-ONSEN TE background	314	0.8	10	31.8471337579618
BG_LTR_like_14136	Strict non-ONSEN TE background	1052	0.8	43	40.8745247148289
BG_LTR_like_14137	Strict non-ONSEN TE background	978	0.8	24	24.5398773006135
BG_LTR_like_14140	Strict non-ONSEN TE background	1182	0.8	51	43.1472081218274
BG_LTR_like_14141	Strict non-ONSEN TE background	228	0.8	6	26.3157894736842
BG_LTR_like_14142	Strict non-ONSEN TE background	1187	0.8	64	53.9174389216512
BG_LTR_like_14143	Strict non-ONSEN TE background	539	0.8	18	33.3951762523191
BG_LTR_like_14148	Strict non-ONSEN TE background	280	0.8	8	28.5714285714286
BG_LTR_like_14149	Strict non-ONSEN TE background	1119	0.8	30	26.8096514745308
BG_LTR_like_14150	Strict non-ONSEN TE background	226	0.8	7	30.9734513274336
BG_LTR_like_14151	Strict non-ONSEN TE background	322	0.8	14	43.4782608695652
BG_LTR_like_14152	Strict non-ONSEN TE background	475	0.8	18	37.8947368421053
BG_LTR_like_14153	Strict non-ONSEN TE background	525	0.8	6	11.4285714285714
BG_LTR_like_14156	Strict non-ONSEN TE background	1210	0.8	23	19.0082644628099
BG_LTR_like_14157	Strict non-ONSEN TE background	452	0.8	5	11.0619469026549
BG_LTR_like_14158	Strict non-ONSEN TE background	1895	0.8	61	32.1899736147757
BG_LTR_like_14159	Strict non-ONSEN TE background	763	0.8	46	60.2883355176933
BG_LTR_like_14160	Strict non-ONSEN TE background	310	0.8	10	32.258064516129
BG_LTR_like_14163	Strict non-ONSEN TE background	1630	0.8	33	20.2453987730061
BG_LTR_like_14164	Strict non-ONSEN TE background	1554	0.8	53	34.1055341055341
BG_LTR_like_14165	Strict non-ONSEN TE background	1795	0.8	23	12.8133704735376
BG_LTR_like_14170	Strict non-ONSEN TE background	340	0.8	6	17.6470588235294
BG_LTR_like_14171	Strict non-ONSEN TE background	1336	0.8	30	22.4550898203593
BG_LTR_like_14172	Strict non-ONSEN TE background	251	0.8	4	15.9362549800797
BG_LTR_like_14173	Strict non-ONSEN TE background	261	0.8	8	30.6513409961686
BG_LTR_like_14174	Strict non-ONSEN TE background	1925	0.8	62	32.2077922077922
BG_LTR_like_14179	Strict non-ONSEN TE background	363	0.8	7	19.2837465564738
BG_LTR_like_14180	Strict non-ONSEN TE background	1250	0.8	21	16.8
BG_LTR_like_14183	Strict non-ONSEN TE background	1954	0.8	26	13.3060388945752
BG_LTR_like_14184	Strict non-ONSEN TE background	431	0.8	2	4.64037122969838
BG_LTR_like_14185	Strict non-ONSEN TE background	516	0.8	20	38.7596899224806
BG_LTR_like_14186	Strict non-ONSEN TE background	212	0.8	3	14.1509433962264
BG_LTR_like_14187	Strict non-ONSEN TE background	1666	0.8	37	22.2088835534214
BG_LTR_like_14190	Strict non-ONSEN TE background	1305	0.8	35	26.8199233716475
BG_LTR_like_14191	Strict non-ONSEN TE background	704	0.8	13	18.4659090909091
BG_LTR_like_14192	Strict non-ONSEN TE background	1142	0.8	53	46.4098073555166
BG_LTR_like_14193	Strict non-ONSEN TE background	1195	0.8	38	31.7991631799163
BG_LTR_like_14198	Strict non-ONSEN TE background	282	0.8	12	42.5531914893617
BG_LTR_like_14201	Strict non-ONSEN TE background	618	0.8	19	30.7443365695793
BG_LTR_like_14202	Strict non-ONSEN TE background	279	0.8	12	43.010752688172
BG_LTR_like_14203	Strict non-ONSEN TE background	454	0.8	11	24.2290748898678
BG_LTR_like_14204	Strict non-ONSEN TE background	250	0.8	14	56
BG_LTR_like_14207	Strict non-ONSEN TE background	322	0.8	22	68.3229813664596
BG_LTR_like_14212	Strict non-ONSEN TE background	880	0.8	54	61.3636363636364
BG_LTR_like_14215	Strict non-ONSEN TE background	1651	0.8	59	35.7359176256814
BG_LTR_like_14218	Strict non-ONSEN TE background	582	0.8	22	37.8006872852234
BG_LTR_like_14219	Strict non-ONSEN TE background	1565	0.8	43	27.4760383386581
BG_LTR_like_14220	Strict non-ONSEN TE background	232	0.8	7	30.1724137931034
BG_LTR_like_14221	Strict non-ONSEN TE background	1395	0.8	58	41.5770609318996
BG_LTR_like_14224	Strict non-ONSEN TE background	425	0.8	22	51.7647058823529
BG_LTR_like_14227	Strict non-ONSEN TE background	722	0.8	13	18.005540166205
BG_LTR_like_14228	Strict non-ONSEN TE background	1281	0.8	48	37.4707259953162
BG_LTR_like_14235	Strict non-ONSEN TE background	1427	0.8	40	28.030833917309
BG_LTR_like_14236	Strict non-ONSEN TE background	766	0.8	14	18.2767624020888
BG_LTR_like_14237	Strict non-ONSEN TE background	1210	0.8	36	29.7520661157025
BG_LTR_like_14238	Strict non-ONSEN TE background	1585	0.8	24	15.1419558359621
BG_LTR_like_14239	Strict non-ONSEN TE background	697	0.8	15	21.5208034433286
BG_LTR_like_14242	Strict non-ONSEN TE background	283	0.8	2	7.06713780918728
BG_LTR_like_14245	Strict non-ONSEN TE background	421	0.8	13	30.8788598574822
BG_LTR_like_14248	Strict non-ONSEN TE background	569	0.8	39	68.5413005272408
BG_LTR_like_14249	Strict non-ONSEN TE background	980	0.8	13	13.265306122449
BG_LTR_like_14250	Strict non-ONSEN TE background	270	0.8	2	7.40740740740741
BG_LTR_like_14251	Strict non-ONSEN TE background	690	0.8	14	20.2898550724638
BG_LTR_like_14252	Strict non-ONSEN TE background	557	0.8	22	39.4973070017953
BG_LTR_like_14253	Strict non-ONSEN TE background	570	0.8	15	26.3157894736842
BG_LTR_like_14254	Strict non-ONSEN TE background	374	0.8	16	42.7807486631016
BG_LTR_like_14255	Strict non-ONSEN TE background	951	0.8	35	36.8033648790747
BG_LTR_like_14256	Strict non-ONSEN TE background	1389	0.8	23	16.5586753059755
BG_LTR_like_14257	Strict non-ONSEN TE background	467	0.8	16	34.2612419700214
BG_LTR_like_14258	Strict non-ONSEN TE background	280	0.8	7	25
BG_LTR_like_14261	Strict non-ONSEN TE background	213	0.8	6	28.169014084507
BG_LTR_like_14269	Strict non-ONSEN TE background	1337	0.8	37	27.6738967838444
BG_LTR_like_14270	Strict non-ONSEN TE background	885	0.8	36	40.6779661016949
BG_LTR_like_14273	Strict non-ONSEN TE background	326	0.8	0	0
BG_LTR_like_14291	Strict non-ONSEN TE background	1278	0.8	100	78.2472613458529
BG_LTR_like_14292	Strict non-ONSEN TE background	319	0.8	10	31.3479623824451
BG_LTR_like_14293	Strict non-ONSEN TE background	1212	0.8	13	10.7260726072607
BG_LTR_like_14294	Strict non-ONSEN TE background	612	0.8	30	49.0196078431373
BG_LTR_like_14295	Strict non-ONSEN TE background	1414	0.8	37	26.1669024045262
BG_LTR_like_14296	Strict non-ONSEN TE background	1677	0.8	38	22.6595110316041
BG_LTR_like_14301	Strict non-ONSEN TE background	493	0.8	13	26.369168356998
BG_LTR_like_14302	Strict non-ONSEN TE background	1373	0.8	82	59.7232337946103
BG_LTR_like_14303	Strict non-ONSEN TE background	254	0.8	4	15.748031496063
BG_LTR_like_14306	Strict non-ONSEN TE background	1770	0.8	24	13.5593220338983
BG_LTR_like_14307	Strict non-ONSEN TE background	1969	0.8	50	25.3936008125952
BG_LTR_like_14308	Strict non-ONSEN TE background	253	0.8	2	7.90513833992095
BG_LTR_like_14309	Strict non-ONSEN TE background	812	0.8	11	13.5467980295566
BG_LTR_like_14310	Strict non-ONSEN TE background	1325	0.8	21	15.8490566037736
BG_LTR_like_14311	Strict non-ONSEN TE background	286	0.8	25	87.4125874125874
BG_LTR_like_14312	Strict non-ONSEN TE background	243	0.8	13	53.4979423868313
BG_LTR_like_14313	Strict non-ONSEN TE background	235	0.8	1	4.25531914893617
BG_LTR_like_14314	Strict non-ONSEN TE background	1704	0.8	54	31.6901408450704
BG_LTR_like_14317	Strict non-ONSEN TE background	1352	0.8	44	32.5443786982248
BG_LTR_like_14318	Strict non-ONSEN TE background	662	0.8	26	39.2749244712991
BG_LTR_like_14319	Strict non-ONSEN TE background	247	0.8	3	12.1457489878543
BG_LTR_like_14320	Strict non-ONSEN TE background	523	0.8	9	17.208413001912
BG_LTR_like_14325	Strict non-ONSEN TE background	1352	0.8	44	32.5443786982248
BG_LTR_like_14326	Strict non-ONSEN TE background	662	0.8	26	39.2749244712991
BG_LTR_like_14327	Strict non-ONSEN TE background	245	0.8	3	12.2448979591837
BG_LTR_like_14328	Strict non-ONSEN TE background	527	0.8	9	17.0777988614801
BG_LTR_like_14329	Strict non-ONSEN TE background	1177	0.8	59	50.1274426508071
BG_LTR_like_14330	Strict non-ONSEN TE background	576	0.8	4	6.94444444444444
BG_LTR_like_14331	Strict non-ONSEN TE background	1398	0.8	18	12.8755364806867
BG_LTR_like_14332	Strict non-ONSEN TE background	288	0.8	7	24.3055555555556
BG_LTR_like_14333	Strict non-ONSEN TE background	375	0.8	10	26.6666666666667
BG_LTR_like_14334	Strict non-ONSEN TE background	386	0.8	6	15.5440414507772
BG_LTR_like_14335	Strict non-ONSEN TE background	306	0.8	5	16.3398692810458
BG_LTR_like_14336	Strict non-ONSEN TE background	1617	0.8	27	16.6975881261596
BG_LTR_like_14337	Strict non-ONSEN TE background	1516	0.8	67	44.1952506596306
BG_LTR_like_14340	Strict non-ONSEN TE background	467	0.8	33	70.6638115631692
BG_LTR_like_14341	Strict non-ONSEN TE background	429	0.8	33	76.9230769230769
BG_LTR_like_14342	Strict non-ONSEN TE background	433	0.8	21	48.4988452655889
BG_LTR_like_14343	Strict non-ONSEN TE background	832	0.8	22	26.4423076923077
BG_LTR_like_14346	Strict non-ONSEN TE background	1440	0.8	62	43.0555555555556
BG_LTR_like_14351	Strict non-ONSEN TE background	1796	0.8	30	16.7037861915367
BG_LTR_like_14352	Strict non-ONSEN TE background	756	0.8	24	31.7460317460317
BG_LTR_like_14357	Strict non-ONSEN TE background	1059	0.8	12	11.3314447592068
BG_LTR_like_14358	Strict non-ONSEN TE background	520	0.8	16	30.7692307692308
BG_LTR_like_14359	Strict non-ONSEN TE background	1501	0.8	63	41.9720186542305
BG_LTR_like_14360	Strict non-ONSEN TE background	1549	0.8	61	39.380245319561
BG_LTR_like_14361	Strict non-ONSEN TE background	288	0.8	3	10.4166666666667
BG_LTR_like_14362	Strict non-ONSEN TE background	1058	0.8	13	12.2873345935728
BG_LTR_like_14363	Strict non-ONSEN TE background	498	0.8	10	20.0803212851406
BG_LTR_like_14364	Strict non-ONSEN TE background	1699	0.8	15	8.82872277810477
BG_LTR_like_14365	Strict non-ONSEN TE background	286	0.8	14	48.951048951049
BG_LTR_like_14366	Strict non-ONSEN TE background	556	0.8	24	43.1654676258993
BG_LTR_like_14367	Strict non-ONSEN TE background	1651	0.8	40	24.2277407631738
BG_LTR_like_14370	Strict non-ONSEN TE background	641	0.8	20	31.201248049922
BG_LTR_like_14371	Strict non-ONSEN TE background	996	0.8	56	56.2248995983936
BG_LTR_like_14372	Strict non-ONSEN TE background	650	0.8	4	6.15384615384615
BG_LTR_like_14373	Strict non-ONSEN TE background	312	0.8	12	38.4615384615385
BG_LTR_like_14374	Strict non-ONSEN TE background	223	0.8	12	53.8116591928251
BG_LTR_like_14377	Strict non-ONSEN TE background	1178	0.8	30	25.4668930390492
BG_LTR_like_14378	Strict non-ONSEN TE background	1127	0.8	28	24.8447204968944
BG_LTR_like_14379	Strict non-ONSEN TE background	1713	0.8	44	25.6859311150029
BG_LTR_like_14380	Strict non-ONSEN TE background	1689	0.8	76	44.9970396684429
BG_LTR_like_14383	Strict non-ONSEN TE background	1130	0.8	34	30.0884955752212
BG_LTR_like_14386	Strict non-ONSEN TE background	399	0.8	23	57.6441102756892
BG_LTR_like_14387	Strict non-ONSEN TE background	463	0.8	9	19.438444924406
BG_LTR_like_14388	Strict non-ONSEN TE background	277	0.8	17	61.3718411552347
BG_LTR_like_14393	Strict non-ONSEN TE background	444	0.8	3	6.75675675675676
BG_LTR_like_14396	Strict non-ONSEN TE background	811	0.8	17	20.9617755856967
BG_LTR_like_14397	Strict non-ONSEN TE background	229	0.8	3	13.1004366812227
BG_LTR_like_14398	Strict non-ONSEN TE background	235	0.8	11	46.8085106382979
BG_LTR_like_14399	Strict non-ONSEN TE background	624	0.8	10	16.025641025641
BG_LTR_like_14400	Strict non-ONSEN TE background	327	0.8	3	9.1743119266055
BG_LTR_like_14403	Strict non-ONSEN TE background	1825	0.8	56	30.6849315068493
BG_LTR_like_14406	Strict non-ONSEN TE background	1393	0.8	28	20.1005025125628
BG_LTR_like_14407	Strict non-ONSEN TE background	307	0.8	18	58.6319218241042
BG_LTR_like_14410	Strict non-ONSEN TE background	1561	0.8	56	35.8744394618834
BG_LTR_like_14411	Strict non-ONSEN TE background	329	0.8	12	36.4741641337386
BG_LTR_like_14414	Strict non-ONSEN TE background	245	0.8	5	20.4081632653061
BG_LTR_like_14415	Strict non-ONSEN TE background	1822	0.8	59	32.3819978046103
BG_LTR_like_14418	Strict non-ONSEN TE background	1071	0.8	48	44.8179271708684
BG_LTR_like_14419	Strict non-ONSEN TE background	442	0.8	5	11.3122171945701
BG_LTR_like_14420	Strict non-ONSEN TE background	257	0.8	1	3.89105058365759
BG_LTR_like_14423	Strict non-ONSEN TE background	959	0.8	54	56.3086548488008
BG_LTR_like_14424	Strict non-ONSEN TE background	537	0.8	14	26.0707635009311
BG_LTR_like_14425	Strict non-ONSEN TE background	981	0.8	37	37.7166156982671
BG_LTR_like_14426	Strict non-ONSEN TE background	923	0.8	38	41.1700975081257
BG_LTR_like_14429	Strict non-ONSEN TE background	1533	0.8	40	26.0926288323549
BG_LTR_like_14439	Strict non-ONSEN TE background	240	0.8	4	16.6666666666667
BG_LTR_like_14440	Strict non-ONSEN TE background	369	0.8	3	8.13008130081301
BG_LTR_like_14443	Strict non-ONSEN TE background	823	0.8	39	47.3876063183475
BG_LTR_like_14449	Strict non-ONSEN TE background	1423	0.8	56	39.353478566409
BG_LTR_like_14450	Strict non-ONSEN TE background	1127	0.8	32	28.393966282165
BG_LTR_like_14451	Strict non-ONSEN TE background	292	0.8	12	41.0958904109589
BG_LTR_like_14454	Strict non-ONSEN TE background	889	0.8	13	14.6231721034871
BG_LTR_like_14457	Strict non-ONSEN TE background	318	0.8	7	22.0125786163522
BG_LTR_like_14460	Strict non-ONSEN TE background	648	0.8	10	15.4320987654321
BG_LTR_like_14461	Strict non-ONSEN TE background	410	0.8	14	34.1463414634146
BG_LTR_like_14462	Strict non-ONSEN TE background	270	0.8	7	25.9259259259259
BG_LTR_like_14463	Strict non-ONSEN TE background	619	0.8	20	32.3101777059774
BG_LTR_like_14464	Strict non-ONSEN TE background	580	0.8	28	48.2758620689655
BG_LTR_like_14465	Strict non-ONSEN TE background	316	0.8	11	34.8101265822785
BG_LTR_like_14466	Strict non-ONSEN TE background	1613	0.8	54	33.4779913205208
BG_LTR_like_14469	Strict non-ONSEN TE background	285	0.8	10	35.0877192982456
BG_LTR_like_14470	Strict non-ONSEN TE background	1111	0.8	54	48.6048604860486
BG_LTR_like_14471	Strict non-ONSEN TE background	231	0.8	6	25.974025974026
BG_LTR_like_14472	Strict non-ONSEN TE background	932	0.8	51	54.7210300429184
BG_LTR_like_14473	Strict non-ONSEN TE background	330	0.8	19	57.5757575757576
BG_LTR_like_14476	Strict non-ONSEN TE background	397	0.8	18	45.3400503778337
BG_LTR_like_14545	Strict non-ONSEN TE background	1486	0.8	41	27.5908479138627
BG_LTR_like_14548	Strict non-ONSEN TE background	408	0.8	7	17.156862745098
BG_LTR_like_14600	Strict non-ONSEN TE background	384	0.8	0	0
BG_LTR_like_14601	Strict non-ONSEN TE background	966	0.8	20	20.703933747412
BG_LTR_like_14602	Strict non-ONSEN TE background	1904	0.8	34	17.8571428571429
BG_LTR_like_14605	Strict non-ONSEN TE background	456	0.8	13	28.5087719298246
BG_LTR_like_14606	Strict non-ONSEN TE background	221	0.8	20	90.4977375565611
BG_LTR_like_14607	Strict non-ONSEN TE background	1521	0.8	39	25.6410256410256
BG_LTR_like_14676	Strict non-ONSEN TE background	597	0.8	46	77.0519262981575
BG_LTR_like_14677	Strict non-ONSEN TE background	210	0.8	2	9.52380952380952
BG_LTR_like_14678	Strict non-ONSEN TE background	943	0.8	9	9.5440084835631
BG_LTR_like_14679	Strict non-ONSEN TE background	360	0.8	6	16.6666666666667
BG_LTR_like_14707	Strict non-ONSEN TE background	346	0.8	4	11.5606936416185
BG_LTR_like_14708	Strict non-ONSEN TE background	339	0.8	9	26.5486725663717
BG_LTR_like_14709	Strict non-ONSEN TE background	441	0.8	13	29.4784580498866
BG_LTR_like_14712	Strict non-ONSEN TE background	453	0.8	28	61.8101545253863
BG_LTR_like_14715	Strict non-ONSEN TE background	423	0.8	9	21.2765957446809
BG_LTR_like_14716	Strict non-ONSEN TE background	758	0.8	28	36.9393139841689
BG_LTR_like_14719	Strict non-ONSEN TE background	1624	0.8	48	29.5566502463054
BG_LTR_like_14720	Strict non-ONSEN TE background	412	0.8	5	12.1359223300971
BG_LTR_like_14721	Strict non-ONSEN TE background	682	0.8	21	30.791788856305
BG_LTR_like_14727	Strict non-ONSEN TE background	241	0.8	1	4.149377593361
BG_LTR_like_14734	Strict non-ONSEN TE background	563	0.8	18	31.9715808170515
BG_LTR_like_14773	Strict non-ONSEN TE background	211	0.8	5	23.696682464455
BG_LTR_like_14795	Strict non-ONSEN TE background	347	0.8	4	11.5273775216138
BG_LTR_like_14813	Strict non-ONSEN TE background	515	0.8	11	21.3592233009709
BG_LTR_like_14814	Strict non-ONSEN TE background	995	0.8	29	29.1457286432161
BG_LTR_like_14815	Strict non-ONSEN TE background	372	0.8	4	10.752688172043
BG_LTR_like_14816	Strict non-ONSEN TE background	346	0.8	3	8.67052023121387
BG_LTR_like_14819	Strict non-ONSEN TE background	417	0.8	21	50.3597122302158
BG_LTR_like_14820	Strict non-ONSEN TE background	507	0.8	34	67.0611439842209
BG_LTR_like_14821	Strict non-ONSEN TE background	490	0.8	10	20.4081632653061
BG_LTR_like_14822	Strict non-ONSEN TE background	302	0.8	6	19.8675496688742
BG_LTR_like_14835	Strict non-ONSEN TE background	258	0.8	8	31.0077519379845
BG_LTR_like_14836	Strict non-ONSEN TE background	674	0.8	17	25.2225519287834
BG_LTR_like_15025	Strict non-ONSEN TE background	303	0.8	25	82.5082508250825
BG_LTR_like_15030	Strict non-ONSEN TE background	216	0.8	6	27.7777777777778
BG_LTR_like_15033	Strict non-ONSEN TE background	372	0.8	4	10.752688172043
BG_LTR_like_15034	Strict non-ONSEN TE background	523	0.8	13	24.8565965583174
BG_LTR_like_15041	Strict non-ONSEN TE background	227	0.8	7	30.8370044052863
BG_LTR_like_15054	Strict non-ONSEN TE background	208	0.8	4	19.2307692307692
BG_LTR_like_15094	Strict non-ONSEN TE background	204	0.8	11	53.921568627451
BG_LTR_like_15095	Strict non-ONSEN TE background	477	0.8	8	16.7714884696017
BG_LTR_like_15096	Strict non-ONSEN TE background	444	0.8	22	49.5495495495495
BG_LTR_like_15097	Strict non-ONSEN TE background	744	0.8	48	64.5161290322581
BG_LTR_like_15155	Strict non-ONSEN TE background	485	0.8	11	22.680412371134
BG_LTR_like_15156	Strict non-ONSEN TE background	203	0.8	11	54.1871921182266
BG_LTR_like_15159	Strict non-ONSEN TE background	1464	0.8	53	36.2021857923497
BG_LTR_like_15212	Strict non-ONSEN TE background	848	0.8	51	60.1415094339623
BG_LTR_like_15230	Strict non-ONSEN TE background	306	0.8	12	39.2156862745098
BG_LTR_like_15231	Strict non-ONSEN TE background	309	0.8	5	16.1812297734628
BG_LTR_like_15232	Strict non-ONSEN TE background	288	0.8	11	38.1944444444444
BG_LTR_like_15246	Strict non-ONSEN TE background	651	0.8	10	15.3609831029186
BG_LTR_like_15247	Strict non-ONSEN TE background	657	0.8	11	16.7427701674277
BG_LTR_like_15268	Strict non-ONSEN TE background	270	0.8	6	22.2222222222222
BG_LTR_like_15280	Strict non-ONSEN TE background	466	0.8	10	21.4592274678112
BG_LTR_like_15281	Strict non-ONSEN TE background	376	0.8	16	42.5531914893617
BG_LTR_like_15301	Strict non-ONSEN TE background	1171	0.8	60	51.2382578992314
BG_LTR_like_15302	Strict non-ONSEN TE background	277	0.8	16	57.7617328519855
BG_LTR_like_15364	Strict non-ONSEN TE background	441	0.8	5	11.3378684807256
BG_LTR_like_15367	Strict non-ONSEN TE background	617	0.8	22	35.6564019448947
BG_LTR_like_15368	Strict non-ONSEN TE background	356	0.8	8	22.4719101123596
BG_LTR_like_15418	Strict non-ONSEN TE background	732	0.8	42	57.3770491803279
BG_LTR_like_15573	Strict non-ONSEN TE background	997	0.8	51	51.1534603811434
BG_LTR_like_15790	Strict non-ONSEN TE background	339	0.8	4	11.7994100294985
BG_LTR_like_15819	Strict non-ONSEN TE background	1591	0.8	55	34.5694531741043
BG_LTR_like_15888	Strict non-ONSEN TE background	201	0.8	5	24.8756218905473
Col0_AT1G11265_ONSEN1_leftLTRcandidate	ONSEN terminal candidate windows	800	0.85	45	56.25
Col0_AT1G11265_ONSEN1_rightLTRcandidate	ONSEN terminal candidate windows	800	0.85	37	46.25
Col0_AT1G21945_ONSEN7_leftLTRcandidate	ONSEN terminal candidate windows	800	0.85	39	48.75
Col0_AT1G21945_ONSEN7_rightLTRcandidate	ONSEN terminal candidate windows	800	0.85	36	45
Col0_AT1G48710_ONSEN5_leftLTRcandidate	ONSEN terminal candidate windows	800	0.85	45	56.25
Col0_AT1G48710_ONSEN5_rightLTRcandidate	ONSEN terminal candidate windows	800	0.85	40	50
Col0_AT1G58140_ONSEN4_leftLTRcandidate	ONSEN terminal candidate windows	800	0.85	34	42.5
Col0_AT1G58140_ONSEN4_rightLTRcandidate	ONSEN terminal candidate windows	800	0.85	34	42.5
Col0_AT3G32415_ONSEN8_leftLTRcandidate	ONSEN terminal candidate windows	800	0.85	45	56.25
Col0_AT3G32415_ONSEN8_rightLTRcandidate	ONSEN terminal candidate windows	800	0.85	39	48.75
Col0_AT3G59720_ONSEN6_leftLTRcandidate	ONSEN terminal candidate windows	800	0.85	41	51.25
Col0_AT3G59720_ONSEN6_rightLTRcandidate	ONSEN terminal candidate windows	800	0.85	33	41.25
Col0_AT3G61330_ONSEN2_leftLTRcandidate	ONSEN terminal candidate windows	800	0.85	37	46.25
Col0_AT3G61330_ONSEN2_rightLTRcandidate	ONSEN terminal candidate windows	800	0.85	45	56.25
Col0_AT5G13205_ONSEN3_leftLTRcandidate	ONSEN terminal candidate windows	800	0.85	41	51.25
Col0_AT5G13205_ONSEN3_rightLTRcandidate	ONSEN terminal candidate windows	800	0.85	49	61.25
BG_LTR_like_00069	Strict non-ONSEN TE background	1076	0.85	10	9.29368029739777
BG_LTR_like_00321	Strict non-ONSEN TE background	249	0.85	4	16.0642570281125
BG_LTR_like_00382	Strict non-ONSEN TE background	566	0.85	8	14.1342756183746
BG_LTR_like_00544	Strict non-ONSEN TE background	1953	0.85	22	11.2647209421403
BG_LTR_like_00545	Strict non-ONSEN TE background	794	0.85	11	13.8539042821159
BG_LTR_like_00598	Strict non-ONSEN TE background	454	0.85	1	2.20264317180617
BG_LTR_like_00976	Strict non-ONSEN TE background	373	0.85	3	8.04289544235925
BG_LTR_like_00977	Strict non-ONSEN TE background	219	0.85	1	4.5662100456621
BG_LTR_like_00988	Strict non-ONSEN TE background	575	0.85	7	12.1739130434783
BG_LTR_like_01007	Strict non-ONSEN TE background	320	0.85	2	6.25
BG_LTR_like_01035	Strict non-ONSEN TE background	1435	0.85	5	3.48432055749129
BG_LTR_like_01083	Strict non-ONSEN TE background	204	0.85	1	4.90196078431373
BG_LTR_like_01139	Strict non-ONSEN TE background	236	0.85	0	0
BG_LTR_like_01218	Strict non-ONSEN TE background	220	0.85	0	0
BG_LTR_like_01304	Strict non-ONSEN TE background	362	0.85	2	5.52486187845304
BG_LTR_like_01309	Strict non-ONSEN TE background	510	0.85	10	19.6078431372549
BG_LTR_like_01341	Strict non-ONSEN TE background	355	0.85	6	16.9014084507042
BG_LTR_like_01399	Strict non-ONSEN TE background	225	0.85	4	17.7777777777778
BG_LTR_like_01400	Strict non-ONSEN TE background	309	0.85	5	16.1812297734628
BG_LTR_like_01528	Strict non-ONSEN TE background	673	0.85	5	7.42942050520059
BG_LTR_like_01529	Strict non-ONSEN TE background	967	0.85	12	12.4095139607032
BG_LTR_like_01530	Strict non-ONSEN TE background	400	0.85	1	2.5
BG_LTR_like_01531	Strict non-ONSEN TE background	236	0.85	0	0
BG_LTR_like_01532	Strict non-ONSEN TE background	203	0.85	0	0
BG_LTR_like_01685	Strict non-ONSEN TE background	296	0.85	2	6.75675675675676
BG_LTR_like_01751	Strict non-ONSEN TE background	651	0.85	3	4.60829493087558
BG_LTR_like_01759	Strict non-ONSEN TE background	285	0.85	8	28.0701754385965
BG_LTR_like_01760	Strict non-ONSEN TE background	226	0.85	0	0
BG_LTR_like_01834	Strict non-ONSEN TE background	1972	0.85	9	4.56389452332657
BG_LTR_like_01871	Strict non-ONSEN TE background	663	0.85	8	12.0663650075415
BG_LTR_like_01872	Strict non-ONSEN TE background	331	0.85	18	54.380664652568
BG_LTR_like_01873	Strict non-ONSEN TE background	215	0.85	2	9.30232558139535
BG_LTR_like_01994	Strict non-ONSEN TE background	273	0.85	0	0
BG_LTR_like_02021	Strict non-ONSEN TE background	200	0.85	0	0
BG_LTR_like_02057	Strict non-ONSEN TE background	224	0.85	0	0
BG_LTR_like_02071	Strict non-ONSEN TE background	1613	0.85	7	4.33973961562306
BG_LTR_like_02081	Strict non-ONSEN TE background	221	0.85	0	0
BG_LTR_like_02102	Strict non-ONSEN TE background	475	0.85	11	23.1578947368421
BG_LTR_like_02114	Strict non-ONSEN TE background	280	0.85	1	3.57142857142857
BG_LTR_like_02135	Strict non-ONSEN TE background	260	0.85	7	26.9230769230769
BG_LTR_like_02136	Strict non-ONSEN TE background	373	0.85	0	0
BG_LTR_like_02139	Strict non-ONSEN TE background	265	0.85	11	41.5094339622641
BG_LTR_like_02143	Strict non-ONSEN TE background	1052	0.85	27	25.6653992395437
BG_LTR_like_02144	Strict non-ONSEN TE background	780	0.85	2	2.56410256410256
BG_LTR_like_02145	Strict non-ONSEN TE background	1759	0.85	12	6.82205798749289
BG_LTR_like_02152	Strict non-ONSEN TE background	586	0.85	20	34.1296928327645
BG_LTR_like_02159	Strict non-ONSEN TE background	639	0.85	6	9.38967136150235
BG_LTR_like_02160	Strict non-ONSEN TE background	280	0.85	3	10.7142857142857
BG_LTR_like_02161	Strict non-ONSEN TE background	1526	0.85	31	20.3145478374836
BG_LTR_like_02164	Strict non-ONSEN TE background	272	0.85	1	3.67647058823529
BG_LTR_like_02169	Strict non-ONSEN TE background	1548	0.85	8	5.16795865633075
BG_LTR_like_02172	Strict non-ONSEN TE background	891	0.85	9	10.1010101010101
BG_LTR_like_02176	Strict non-ONSEN TE background	1731	0.85	13	7.51010976314269
BG_LTR_like_02181	Strict non-ONSEN TE background	210	0.85	0	0
BG_LTR_like_02182	Strict non-ONSEN TE background	232	0.85	2	8.62068965517241
BG_LTR_like_02185	Strict non-ONSEN TE background	807	0.85	2	2.47831474597274
BG_LTR_like_02189	Strict non-ONSEN TE background	1256	0.85	14	11.1464968152866
BG_LTR_like_02190	Strict non-ONSEN TE background	203	0.85	0	0
BG_LTR_like_02191	Strict non-ONSEN TE background	272	0.85	0	0
BG_LTR_like_02192	Strict non-ONSEN TE background	1001	0.85	10	9.99000999000999
BG_LTR_like_02202	Strict non-ONSEN TE background	468	0.85	0	0
BG_LTR_like_02231	Strict non-ONSEN TE background	325	0.85	2	6.15384615384615
BG_LTR_like_02232	Strict non-ONSEN TE background	452	0.85	4	8.84955752212389
BG_LTR_like_02233	Strict non-ONSEN TE background	1536	0.85	14	9.11458333333333
BG_LTR_like_02234	Strict non-ONSEN TE background	423	0.85	1	2.36406619385343
BG_LTR_like_02235	Strict non-ONSEN TE background	311	0.85	2	6.43086816720257
BG_LTR_like_02236	Strict non-ONSEN TE background	205	0.85	1	4.8780487804878
BG_LTR_like_02237	Strict non-ONSEN TE background	509	0.85	1	1.96463654223969
BG_LTR_like_02238	Strict non-ONSEN TE background	416	0.85	8	19.2307692307692
BG_LTR_like_02243	Strict non-ONSEN TE background	1640	0.85	8	4.8780487804878
BG_LTR_like_02244	Strict non-ONSEN TE background	800	0.85	19	23.75
BG_LTR_like_02245	Strict non-ONSEN TE background	995	0.85	5	5.0251256281407
BG_LTR_like_02250	Strict non-ONSEN TE background	796	0.85	3	3.76884422110553
BG_LTR_like_02251	Strict non-ONSEN TE background	1656	0.85	22	13.2850241545894
BG_LTR_like_02252	Strict non-ONSEN TE background	585	0.85	1	1.70940170940171
BG_LTR_like_02253	Strict non-ONSEN TE background	1662	0.85	25	15.0421179302046
BG_LTR_like_02254	Strict non-ONSEN TE background	211	0.85	18	85.3080568720379
BG_LTR_like_02255	Strict non-ONSEN TE background	234	0.85	0	0
BG_LTR_like_02256	Strict non-ONSEN TE background	1232	0.85	16	12.987012987013
BG_LTR_like_02257	Strict non-ONSEN TE background	1199	0.85	5	4.17014178482068
BG_LTR_like_02260	Strict non-ONSEN TE background	325	0.85	2	6.15384615384615
BG_LTR_like_02261	Strict non-ONSEN TE background	1137	0.85	6	5.27704485488127
BG_LTR_like_02280	Strict non-ONSEN TE background	1617	0.85	7	4.32900432900433
BG_LTR_like_02281	Strict non-ONSEN TE background	1443	0.85	9	6.23700623700624
BG_LTR_like_02288	Strict non-ONSEN TE background	1204	0.85	13	10.797342192691
BG_LTR_like_02289	Strict non-ONSEN TE background	1136	0.85	9	7.92253521126761
BG_LTR_like_02290	Strict non-ONSEN TE background	717	0.85	3	4.18410041841004
BG_LTR_like_02291	Strict non-ONSEN TE background	837	0.85	10	11.94743130227
BG_LTR_like_02298	Strict non-ONSEN TE background	586	0.85	2	3.41296928327645
BG_LTR_like_02299	Strict non-ONSEN TE background	1118	0.85	10	8.94454382826476
BG_LTR_like_02300	Strict non-ONSEN TE background	214	0.85	3	14.018691588785
BG_LTR_like_02301	Strict non-ONSEN TE background	1064	0.85	16	15.0375939849624
BG_LTR_like_02304	Strict non-ONSEN TE background	546	0.85	2	3.66300366300366
BG_LTR_like_02305	Strict non-ONSEN TE background	989	0.85	0	0
BG_LTR_like_02308	Strict non-ONSEN TE background	1526	0.85	11	7.2083879423329
BG_LTR_like_02309	Strict non-ONSEN TE background	1791	0.85	8	4.46677833612507
BG_LTR_like_02312	Strict non-ONSEN TE background	684	0.85	7	10.233918128655
BG_LTR_like_02313	Strict non-ONSEN TE background	270	0.85	7	25.9259259259259
BG_LTR_like_02316	Strict non-ONSEN TE background	1315	0.85	26	19.7718631178707
BG_LTR_like_02317	Strict non-ONSEN TE background	1439	0.85	8	5.55941626129256
BG_LTR_like_02318	Strict non-ONSEN TE background	1389	0.85	15	10.7991360691145
BG_LTR_like_02319	Strict non-ONSEN TE background	1068	0.85	6	5.61797752808989
BG_LTR_like_02320	Strict non-ONSEN TE background	606	0.85	13	21.4521452145215
BG_LTR_like_02321	Strict non-ONSEN TE background	1011	0.85	6	5.93471810089021
BG_LTR_like_02322	Strict non-ONSEN TE background	606	0.85	10	16.5016501650165
BG_LTR_like_02323	Strict non-ONSEN TE background	1788	0.85	24	13.4228187919463
BG_LTR_like_02328	Strict non-ONSEN TE background	344	0.85	1	2.90697674418605
BG_LTR_like_02333	Strict non-ONSEN TE background	931	0.85	4	4.29645542427497
BG_LTR_like_02334	Strict non-ONSEN TE background	1579	0.85	5	3.16656111462951
BG_LTR_like_02335	Strict non-ONSEN TE background	1392	0.85	10	7.18390804597701
BG_LTR_like_02338	Strict non-ONSEN TE background	247	0.85	6	24.2914979757085
BG_LTR_like_02339	Strict non-ONSEN TE background	436	0.85	8	18.348623853211
BG_LTR_like_02340	Strict non-ONSEN TE background	227	0.85	0	0
BG_LTR_like_02341	Strict non-ONSEN TE background	1573	0.85	10	6.35727908455181
BG_LTR_like_02342	Strict non-ONSEN TE background	1543	0.85	14	9.07323395981854
BG_LTR_like_02343	Strict non-ONSEN TE background	372	0.85	0	0
BG_LTR_like_02344	Strict non-ONSEN TE background	282	0.85	5	17.7304964539007
BG_LTR_like_02345	Strict non-ONSEN TE background	1608	0.85	14	8.70646766169154
BG_LTR_like_02346	Strict non-ONSEN TE background	631	0.85	6	9.50871632329636
BG_LTR_like_02347	Strict non-ONSEN TE background	281	0.85	2	7.11743772241993
BG_LTR_like_02348	Strict non-ONSEN TE background	1135	0.85	3	2.6431718061674
BG_LTR_like_02349	Strict non-ONSEN TE background	623	0.85	3	4.81540930979133
BG_LTR_like_02350	Strict non-ONSEN TE background	450	0.85	4	8.88888888888889
BG_LTR_like_02351	Strict non-ONSEN TE background	807	0.85	9	11.1524163568773
BG_LTR_like_02352	Strict non-ONSEN TE background	273	0.85	1	3.66300366300366
BG_LTR_like_02353	Strict non-ONSEN TE background	284	0.85	4	14.0845070422535
BG_LTR_like_02356	Strict non-ONSEN TE background	1948	0.85	10	5.13347022587269
BG_LTR_like_02357	Strict non-ONSEN TE background	1318	0.85	25	18.9681335356601
BG_LTR_like_02361	Strict non-ONSEN TE background	211	0.85	0	0
BG_LTR_like_02364	Strict non-ONSEN TE background	1210	0.85	8	6.61157024793388
BG_LTR_like_02365	Strict non-ONSEN TE background	1451	0.85	21	14.4727773949001
BG_LTR_like_02366	Strict non-ONSEN TE background	1094	0.85	15	13.7111517367459
BG_LTR_like_02367	Strict non-ONSEN TE background	421	0.85	0	0
BG_LTR_like_02372	Strict non-ONSEN TE background	599	0.85	9	15.025041736227
BG_LTR_like_02373	Strict non-ONSEN TE background	1216	0.85	6	4.93421052631579
BG_LTR_like_02374	Strict non-ONSEN TE background	1991	0.85	28	14.0632847815168
BG_LTR_like_02375	Strict non-ONSEN TE background	505	0.85	0	0
BG_LTR_like_02376	Strict non-ONSEN TE background	592	0.85	3	5.06756756756757
BG_LTR_like_02377	Strict non-ONSEN TE background	1398	0.85	8	5.72246065808298
BG_LTR_like_02378	Strict non-ONSEN TE background	1635	0.85	10	6.11620795107034
BG_LTR_like_02397	Strict non-ONSEN TE background	409	0.85	13	31.7848410757946
BG_LTR_like_02398	Strict non-ONSEN TE background	405	0.85	4	9.87654320987654
BG_LTR_like_02399	Strict non-ONSEN TE background	1648	0.85	9	5.46116504854369
BG_LTR_like_02400	Strict non-ONSEN TE background	1544	0.85	7	4.53367875647668
BG_LTR_like_02401	Strict non-ONSEN TE background	597	0.85	3	5.0251256281407
BG_LTR_like_02402	Strict non-ONSEN TE background	380	0.85	19	50
BG_LTR_like_02405	Strict non-ONSEN TE background	1191	0.85	5	4.19815281276238
BG_LTR_like_02406	Strict non-ONSEN TE background	483	0.85	5	10.351966873706
BG_LTR_like_02407	Strict non-ONSEN TE background	486	0.85	7	14.40329218107
BG_LTR_like_02408	Strict non-ONSEN TE background	253	0.85	4	15.8102766798419
BG_LTR_like_02409	Strict non-ONSEN TE background	210	0.85	2	9.52380952380952
BG_LTR_like_02410	Strict non-ONSEN TE background	1130	0.85	24	21.2389380530973
BG_LTR_like_02411	Strict non-ONSEN TE background	870	0.85	6	6.89655172413793
BG_LTR_like_02412	Strict non-ONSEN TE background	798	0.85	6	7.5187969924812
BG_LTR_like_02413	Strict non-ONSEN TE background	461	0.85	1	2.16919739696312
BG_LTR_like_02414	Strict non-ONSEN TE background	485	0.85	6	12.3711340206186
BG_LTR_like_02415	Strict non-ONSEN TE background	241	0.85	4	16.597510373444
BG_LTR_like_02416	Strict non-ONSEN TE background	1157	0.85	6	5.18582541054451
BG_LTR_like_02417	Strict non-ONSEN TE background	823	0.85	7	8.50546780072904
BG_LTR_like_02418	Strict non-ONSEN TE background	577	0.85	4	6.93240901213172
BG_LTR_like_02419	Strict non-ONSEN TE background	435	0.85	13	29.8850574712644
BG_LTR_like_02420	Strict non-ONSEN TE background	218	0.85	1	4.58715596330275
BG_LTR_like_02421	Strict non-ONSEN TE background	1690	0.85	8	4.73372781065089
BG_LTR_like_02422	Strict non-ONSEN TE background	506	0.85	6	11.8577075098814
BG_LTR_like_02425	Strict non-ONSEN TE background	369	0.85	1	2.710027100271
BG_LTR_like_02426	Strict non-ONSEN TE background	1442	0.85	7	4.85436893203884
BG_LTR_like_02427	Strict non-ONSEN TE background	1686	0.85	9	5.33807829181495
BG_LTR_like_02428	Strict non-ONSEN TE background	1762	0.85	20	11.3507377979569
BG_LTR_like_02429	Strict non-ONSEN TE background	413	0.85	3	7.26392251815981
BG_LTR_like_02430	Strict non-ONSEN TE background	774	0.85	5	6.45994832041344
BG_LTR_like_02431	Strict non-ONSEN TE background	380	0.85	19	50
BG_LTR_like_02432	Strict non-ONSEN TE background	1191	0.85	5	4.19815281276238
BG_LTR_like_02433	Strict non-ONSEN TE background	483	0.85	5	10.351966873706
BG_LTR_like_02434	Strict non-ONSEN TE background	486	0.85	7	14.40329218107
BG_LTR_like_02435	Strict non-ONSEN TE background	253	0.85	4	15.8102766798419
BG_LTR_like_02436	Strict non-ONSEN TE background	210	0.85	2	9.52380952380952
BG_LTR_like_02437	Strict non-ONSEN TE background	1130	0.85	24	21.2389380530973
BG_LTR_like_02438	Strict non-ONSEN TE background	870	0.85	6	6.89655172413793
BG_LTR_like_02439	Strict non-ONSEN TE background	798	0.85	6	7.5187969924812
BG_LTR_like_02440	Strict non-ONSEN TE background	461	0.85	1	2.16919739696312
BG_LTR_like_02441	Strict non-ONSEN TE background	485	0.85	6	12.3711340206186
BG_LTR_like_02442	Strict non-ONSEN TE background	241	0.85	4	16.597510373444
BG_LTR_like_02443	Strict non-ONSEN TE background	1157	0.85	6	5.18582541054451
BG_LTR_like_02444	Strict non-ONSEN TE background	823	0.85	7	8.50546780072904
BG_LTR_like_02445	Strict non-ONSEN TE background	577	0.85	4	6.93240901213172
BG_LTR_like_02446	Strict non-ONSEN TE background	435	0.85	13	29.8850574712644
BG_LTR_like_02447	Strict non-ONSEN TE background	218	0.85	1	4.58715596330275
BG_LTR_like_02448	Strict non-ONSEN TE background	1690	0.85	8	4.73372781065089
BG_LTR_like_02449	Strict non-ONSEN TE background	506	0.85	6	11.8577075098814
BG_LTR_like_02452	Strict non-ONSEN TE background	369	0.85	1	2.710027100271
BG_LTR_like_02453	Strict non-ONSEN TE background	1442	0.85	7	4.85436893203884
BG_LTR_like_02454	Strict non-ONSEN TE background	1686	0.85	9	5.33807829181495
BG_LTR_like_02455	Strict non-ONSEN TE background	604	0.85	10	16.5562913907285
BG_LTR_like_02456	Strict non-ONSEN TE background	1733	0.85	13	7.50144258511252
BG_LTR_like_02459	Strict non-ONSEN TE background	421	0.85	19	45.1306413301663
BG_LTR_like_02460	Strict non-ONSEN TE background	1682	0.85	14	8.32342449464923
BG_LTR_like_02463	Strict non-ONSEN TE background	473	0.85	1	2.11416490486258
BG_LTR_like_02464	Strict non-ONSEN TE background	1341	0.85	6	4.47427293064877
BG_LTR_like_02465	Strict non-ONSEN TE background	245	0.85	4	16.3265306122449
BG_LTR_like_02466	Strict non-ONSEN TE background	1111	0.85	4	3.6003600360036
BG_LTR_like_02467	Strict non-ONSEN TE background	776	0.85	7	9.02061855670103
BG_LTR_like_02468	Strict non-ONSEN TE background	335	0.85	0	0
BG_LTR_like_02469	Strict non-ONSEN TE background	443	0.85	14	31.6027088036117
BG_LTR_like_02470	Strict non-ONSEN TE background	1612	0.85	8	4.96277915632754
BG_LTR_like_02471	Strict non-ONSEN TE background	506	0.85	2	3.95256916996047
BG_LTR_like_02472	Strict non-ONSEN TE background	211	0.85	0	0
BG_LTR_like_02473	Strict non-ONSEN TE background	1451	0.85	7	4.82425913163336
BG_LTR_like_02474	Strict non-ONSEN TE background	1692	0.85	9	5.31914893617021
BG_LTR_like_02475	Strict non-ONSEN TE background	1801	0.85	11	6.10771793448084
BG_LTR_like_02478	Strict non-ONSEN TE background	1423	0.85	13	9.13562895291637
BG_LTR_like_02479	Strict non-ONSEN TE background	1856	0.85	7	3.77155172413793
BG_LTR_like_02480	Strict non-ONSEN TE background	426	0.85	3	7.04225352112676
BG_LTR_like_02481	Strict non-ONSEN TE background	300	0.85	2	6.66666666666667
BG_LTR_like_02482	Strict non-ONSEN TE background	669	0.85	5	7.47384155455904
BG_LTR_like_02483	Strict non-ONSEN TE background	321	0.85	3	9.34579439252336
BG_LTR_like_02484	Strict non-ONSEN TE background	1525	0.85	5	3.27868852459016
BG_LTR_like_02485	Strict non-ONSEN TE background	874	0.85	1	1.1441647597254
BG_LTR_like_02486	Strict non-ONSEN TE background	1694	0.85	27	15.9386068476978
BG_LTR_like_02489	Strict non-ONSEN TE background	520	0.85	2	3.84615384615385
BG_LTR_like_02494	Strict non-ONSEN TE background	307	0.85	1	3.25732899022801
BG_LTR_like_02495	Strict non-ONSEN TE background	259	0.85	0	0
BG_LTR_like_02496	Strict non-ONSEN TE background	566	0.85	2	3.53356890459364
BG_LTR_like_02499	Strict non-ONSEN TE background	542	0.85	8	14.760147601476
BG_LTR_like_02502	Strict non-ONSEN TE background	1448	0.85	8	5.52486187845304
BG_LTR_like_02503	Strict non-ONSEN TE background	407	0.85	7	17.1990171990172
BG_LTR_like_02507	Strict non-ONSEN TE background	1357	0.85	12	8.84303610906411
BG_LTR_like_02510	Strict non-ONSEN TE background	407	0.85	7	17.1990171990172
BG_LTR_like_02511	Strict non-ONSEN TE background	1978	0.85	11	5.56117290192113
BG_LTR_like_02514	Strict non-ONSEN TE background	1144	0.85	12	10.4895104895105
BG_LTR_like_02515	Strict non-ONSEN TE background	1912	0.85	38	19.8744769874477
BG_LTR_like_02516	Strict non-ONSEN TE background	294	0.85	2	6.80272108843537
BG_LTR_like_02517	Strict non-ONSEN TE background	219	0.85	0	0
BG_LTR_like_02520	Strict non-ONSEN TE background	1116	0.85	22	19.7132616487455
BG_LTR_like_02523	Strict non-ONSEN TE background	941	0.85	14	14.8777895855473
BG_LTR_like_02526	Strict non-ONSEN TE background	1115	0.85	5	4.48430493273543
BG_LTR_like_02527	Strict non-ONSEN TE background	1631	0.85	9	5.51808706315144
BG_LTR_like_02528	Strict non-ONSEN TE background	1194	0.85	19	15.9128978224456
BG_LTR_like_02529	Strict non-ONSEN TE background	1620	0.85	11	6.79012345679012
BG_LTR_like_02530	Strict non-ONSEN TE background	1086	0.85	11	10.1289134438306
BG_LTR_like_02531	Strict non-ONSEN TE background	1305	0.85	4	3.06513409961686
BG_LTR_like_02532	Strict non-ONSEN TE background	1659	0.85	10	6.02772754671489
BG_LTR_like_02535	Strict non-ONSEN TE background	625	0.85	6	9.6
BG_LTR_like_02536	Strict non-ONSEN TE background	926	0.85	6	6.47948164146868
BG_LTR_like_02539	Strict non-ONSEN TE background	254	0.85	1	3.93700787401575
BG_LTR_like_02540	Strict non-ONSEN TE background	1302	0.85	8	6.14439324116743
BG_LTR_like_02541	Strict non-ONSEN TE background	621	0.85	1	1.61030595813205
BG_LTR_like_02542	Strict non-ONSEN TE background	262	0.85	0	0
BG_LTR_like_02543	Strict non-ONSEN TE background	651	0.85	4	6.14439324116743
BG_LTR_like_02544	Strict non-ONSEN TE background	283	0.85	1	3.53356890459364
BG_LTR_like_02545	Strict non-ONSEN TE background	650	0.85	4	6.15384615384615
BG_LTR_like_02546	Strict non-ONSEN TE background	288	0.85	0	0
BG_LTR_like_02549	Strict non-ONSEN TE background	459	0.85	0	0
BG_LTR_like_02550	Strict non-ONSEN TE background	263	0.85	0	0
BG_LTR_like_02551	Strict non-ONSEN TE background	1650	0.85	38	23.030303030303
BG_LTR_like_02552	Strict non-ONSEN TE background	1274	0.85	19	14.9136577708006
BG_LTR_like_02553	Strict non-ONSEN TE background	824	0.85	20	24.2718446601942
BG_LTR_like_02556	Strict non-ONSEN TE background	593	0.85	6	10.1180438448567
BG_LTR_like_02557	Strict non-ONSEN TE background	211	0.85	3	14.218009478673
BG_LTR_like_02558	Strict non-ONSEN TE background	258	0.85	2	7.75193798449612
BG_LTR_like_02559	Strict non-ONSEN TE background	1810	0.85	9	4.97237569060773
BG_LTR_like_02560	Strict non-ONSEN TE background	1157	0.85	7	6.05012964563526
BG_LTR_like_02561	Strict non-ONSEN TE background	1215	0.85	14	11.522633744856
BG_LTR_like_02565	Strict non-ONSEN TE background	1220	0.85	9	7.37704918032787
BG_LTR_like_02566	Strict non-ONSEN TE background	966	0.85	19	19.6687370600414
BG_LTR_like_02567	Strict non-ONSEN TE background	200	0.85	4	20
BG_LTR_like_02568	Strict non-ONSEN TE background	1870	0.85	15	8.02139037433155
BG_LTR_like_02569	Strict non-ONSEN TE background	1866	0.85	9	4.82315112540193
BG_LTR_like_02570	Strict non-ONSEN TE background	518	0.85	2	3.86100386100386
BG_LTR_like_02573	Strict non-ONSEN TE background	1656	0.85	9	5.43478260869565
BG_LTR_like_02574	Strict non-ONSEN TE background	280	0.85	4	14.2857142857143
BG_LTR_like_02577	Strict non-ONSEN TE background	353	0.85	21	59.4900849858357
BG_LTR_like_02578	Strict non-ONSEN TE background	1275	0.85	7	5.49019607843137
BG_LTR_like_02581	Strict non-ONSEN TE background	813	0.85	19	23.370233702337
BG_LTR_like_02582	Strict non-ONSEN TE background	1016	0.85	11	10.8267716535433
BG_LTR_like_02583	Strict non-ONSEN TE background	1943	0.85	6	3.08800823468863
BG_LTR_like_02584	Strict non-ONSEN TE background	1770	0.85	11	6.21468926553672
BG_LTR_like_02585	Strict non-ONSEN TE background	439	0.85	2	4.55580865603645
BG_LTR_like_02586	Strict non-ONSEN TE background	1197	0.85	6	5.0125313283208
BG_LTR_like_02587	Strict non-ONSEN TE background	1128	0.85	7	6.20567375886525
BG_LTR_like_02588	Strict non-ONSEN TE background	1130	0.85	5	4.42477876106195
BG_LTR_like_02589	Strict non-ONSEN TE background	1579	0.85	9	5.69981000633312
BG_LTR_like_02590	Strict non-ONSEN TE background	620	0.85	11	17.741935483871
BG_LTR_like_02593	Strict non-ONSEN TE background	620	0.85	11	17.741935483871
BG_LTR_like_02594	Strict non-ONSEN TE background	366	0.85	2	5.46448087431694
BG_LTR_like_02595	Strict non-ONSEN TE background	1207	0.85	7	5.79950289975145
BG_LTR_like_02596	Strict non-ONSEN TE background	1532	0.85	9	5.87467362924282
BG_LTR_like_02597	Strict non-ONSEN TE background	201	0.85	2	9.9502487562189
BG_LTR_like_02598	Strict non-ONSEN TE background	279	0.85	1	3.584229390681
BG_LTR_like_02599	Strict non-ONSEN TE background	389	0.85	4	10.2827763496144
BG_LTR_like_02602	Strict non-ONSEN TE background	1234	0.85	18	14.5867098865478
BG_LTR_like_02605	Strict non-ONSEN TE background	905	0.85	7	7.73480662983425
BG_LTR_like_02606	Strict non-ONSEN TE background	900	0.85	8	8.88888888888889
BG_LTR_like_02607	Strict non-ONSEN TE background	894	0.85	0	0
BG_LTR_like_02608	Strict non-ONSEN TE background	528	0.85	12	22.7272727272727
BG_LTR_like_02611	Strict non-ONSEN TE background	693	0.85	3	4.32900432900433
BG_LTR_like_02612	Strict non-ONSEN TE background	1292	0.85	4	3.09597523219814
BG_LTR_like_02613	Strict non-ONSEN TE background	248	0.85	1	4.03225806451613
BG_LTR_like_02616	Strict non-ONSEN TE background	537	0.85	1	1.86219739292365
BG_LTR_like_02617	Strict non-ONSEN TE background	845	0.85	9	10.6508875739645
BG_LTR_like_02618	Strict non-ONSEN TE background	316	0.85	7	22.1518987341772
BG_LTR_like_02619	Strict non-ONSEN TE background	345	0.85	3	8.69565217391304
BG_LTR_like_02620	Strict non-ONSEN TE background	1668	0.85	14	8.39328537170264
BG_LTR_like_02621	Strict non-ONSEN TE background	1067	0.85	5	4.68603561387067
BG_LTR_like_02622	Strict non-ONSEN TE background	1362	0.85	10	7.34214390602056
BG_LTR_like_02623	Strict non-ONSEN TE background	1218	0.85	8	6.56814449917898
BG_LTR_like_02624	Strict non-ONSEN TE background	1259	0.85	5	3.9714058776807
BG_LTR_like_02625	Strict non-ONSEN TE background	233	0.85	1	4.29184549356223
BG_LTR_like_02626	Strict non-ONSEN TE background	485	0.85	11	22.680412371134
BG_LTR_like_02627	Strict non-ONSEN TE background	259	0.85	4	15.4440154440154
BG_LTR_like_02632	Strict non-ONSEN TE background	360	0.85	0	0
BG_LTR_like_02633	Strict non-ONSEN TE background	463	0.85	2	4.31965442764579
BG_LTR_like_02634	Strict non-ONSEN TE background	1179	0.85	4	3.39270568278202
BG_LTR_like_02635	Strict non-ONSEN TE background	356	0.85	7	19.6629213483146
BG_LTR_like_02636	Strict non-ONSEN TE background	830	0.85	9	10.8433734939759
BG_LTR_like_02637	Strict non-ONSEN TE background	257	0.85	2	7.78210116731517
BG_LTR_like_02640	Strict non-ONSEN TE background	1210	0.85	5	4.13223140495868
BG_LTR_like_02698	Strict non-ONSEN TE background	201	0.85	6	29.8507462686567
BG_LTR_like_02699	Strict non-ONSEN TE background	920	0.85	6	6.52173913043478
BG_LTR_like_02704	Strict non-ONSEN TE background	1093	0.85	7	6.40439158279963
BG_LTR_like_02705	Strict non-ONSEN TE background	884	0.85	4	4.52488687782805
BG_LTR_like_02706	Strict non-ONSEN TE background	675	0.85	1	1.48148148148148
BG_LTR_like_02712	Strict non-ONSEN TE background	369	0.85	0	0
BG_LTR_like_02713	Strict non-ONSEN TE background	1524	0.85	6	3.93700787401575
BG_LTR_like_02714	Strict non-ONSEN TE background	212	0.85	0	0
BG_LTR_like_02715	Strict non-ONSEN TE background	241	0.85	0	0
BG_LTR_like_02716	Strict non-ONSEN TE background	1591	0.85	8	5.02828409805154
BG_LTR_like_02717	Strict non-ONSEN TE background	304	0.85	0	0
BG_LTR_like_02718	Strict non-ONSEN TE background	393	0.85	3	7.63358778625954
BG_LTR_like_02719	Strict non-ONSEN TE background	657	0.85	8	12.1765601217656
BG_LTR_like_02720	Strict non-ONSEN TE background	515	0.85	19	36.8932038834951
BG_LTR_like_02721	Strict non-ONSEN TE background	300	0.85	0	0
BG_LTR_like_02722	Strict non-ONSEN TE background	639	0.85	19	29.7339593114241
BG_LTR_like_02723	Strict non-ONSEN TE background	471	0.85	0	0
BG_LTR_like_02726	Strict non-ONSEN TE background	1200	0.85	11	9.16666666666667
BG_LTR_like_02727	Strict non-ONSEN TE background	1207	0.85	6	4.97100248550124
BG_LTR_like_02728	Strict non-ONSEN TE background	851	0.85	8	9.40070505287897
BG_LTR_like_02739	Strict non-ONSEN TE background	717	0.85	14	19.5258019525802
BG_LTR_like_02740	Strict non-ONSEN TE background	346	0.85	0	0
BG_LTR_like_02780	Strict non-ONSEN TE background	323	0.85	2	6.19195046439628
BG_LTR_like_02781	Strict non-ONSEN TE background	233	0.85	1	4.29184549356223
BG_LTR_like_02787	Strict non-ONSEN TE background	555	0.85	7	12.6126126126126
BG_LTR_like_02788	Strict non-ONSEN TE background	258	0.85	0	0
BG_LTR_like_02789	Strict non-ONSEN TE background	216	0.85	2	9.25925925925926
BG_LTR_like_02790	Strict non-ONSEN TE background	228	0.85	1	4.3859649122807
BG_LTR_like_02791	Strict non-ONSEN TE background	463	0.85	9	19.438444924406
BG_LTR_like_02795	Strict non-ONSEN TE background	202	0.85	0	0
BG_LTR_like_02828	Strict non-ONSEN TE background	1024	0.85	6	5.859375
BG_LTR_like_02843	Strict non-ONSEN TE background	228	0.85	4	17.5438596491228
BG_LTR_like_02846	Strict non-ONSEN TE background	287	0.85	0	0
BG_LTR_like_02847	Strict non-ONSEN TE background	355	0.85	1	2.8169014084507
BG_LTR_like_02848	Strict non-ONSEN TE background	209	0.85	1	4.78468899521531
BG_LTR_like_02849	Strict non-ONSEN TE background	378	0.85	0	0
BG_LTR_like_02870	Strict non-ONSEN TE background	521	0.85	7	13.4357005758157
BG_LTR_like_02874	Strict non-ONSEN TE background	290	0.85	0	0
BG_LTR_like_02875	Strict non-ONSEN TE background	256	0.85	0	0
BG_LTR_like_02876	Strict non-ONSEN TE background	887	0.85	16	18.0383314543405
BG_LTR_like_02879	Strict non-ONSEN TE background	700	0.85	8	11.4285714285714
BG_LTR_like_02883	Strict non-ONSEN TE background	853	0.85	25	29.3083235638921
BG_LTR_like_02901	Strict non-ONSEN TE background	302	0.85	0	0
BG_LTR_like_02902	Strict non-ONSEN TE background	472	0.85	1	2.11864406779661
BG_LTR_like_02929	Strict non-ONSEN TE background	299	0.85	0	0
BG_LTR_like_02937	Strict non-ONSEN TE background	201	0.85	1	4.97512437810945
BG_LTR_like_03130	Strict non-ONSEN TE background	655	0.85	0	0
BG_LTR_like_03131	Strict non-ONSEN TE background	297	0.85	0	0
BG_LTR_like_03153	Strict non-ONSEN TE background	203	0.85	0	0
BG_LTR_like_03154	Strict non-ONSEN TE background	501	0.85	1	1.99600798403194
BG_LTR_like_03155	Strict non-ONSEN TE background	256	0.85	4	15.625
BG_LTR_like_03182	Strict non-ONSEN TE background	219	0.85	1	4.5662100456621
BG_LTR_like_03190	Strict non-ONSEN TE background	288	0.85	5	17.3611111111111
BG_LTR_like_03191	Strict non-ONSEN TE background	228	0.85	0	0
BG_LTR_like_03276	Strict non-ONSEN TE background	222	0.85	0	0
BG_LTR_like_03289	Strict non-ONSEN TE background	364	0.85	1	2.74725274725275
BG_LTR_like_03290	Strict non-ONSEN TE background	213	0.85	1	4.69483568075117
BG_LTR_like_03293	Strict non-ONSEN TE background	966	0.85	6	6.2111801242236
BG_LTR_like_03294	Strict non-ONSEN TE background	375	0.85	2	5.33333333333333
BG_LTR_like_03319	Strict non-ONSEN TE background	989	0.85	23	23.2558139534884
BG_LTR_like_03345	Strict non-ONSEN TE background	234	0.85	0	0
BG_LTR_like_03362	Strict non-ONSEN TE background	655	0.85	1	1.52671755725191
BG_LTR_like_03389	Strict non-ONSEN TE background	220	0.85	1	4.54545454545455
BG_LTR_like_03390	Strict non-ONSEN TE background	225	0.85	1	4.44444444444444
BG_LTR_like_03448	Strict non-ONSEN TE background	233	0.85	0	0
BG_LTR_like_03451	Strict non-ONSEN TE background	384	0.85	0	0
BG_LTR_like_03501	Strict non-ONSEN TE background	306	0.85	1	3.26797385620915
BG_LTR_like_03511	Strict non-ONSEN TE background	570	0.85	7	12.280701754386
BG_LTR_like_03512	Strict non-ONSEN TE background	221	0.85	2	9.04977375565611
BG_LTR_like_03513	Strict non-ONSEN TE background	419	0.85	6	14.3198090692124
BG_LTR_like_03538	Strict non-ONSEN TE background	207	0.85	1	4.83091787439614
BG_LTR_like_03583	Strict non-ONSEN TE background	202	0.85	1	4.95049504950495
BG_LTR_like_03600	Strict non-ONSEN TE background	246	0.85	0	0
BG_LTR_like_03662	Strict non-ONSEN TE background	440	0.85	2	4.54545454545455
BG_LTR_like_03728	Strict non-ONSEN TE background	226	0.85	3	13.2743362831858
BG_LTR_like_03729	Strict non-ONSEN TE background	352	0.85	2	5.68181818181818
BG_LTR_like_03786	Strict non-ONSEN TE background	251	0.85	0	0
BG_LTR_like_03865	Strict non-ONSEN TE background	232	0.85	2	8.62068965517241
BG_LTR_like_03882	Strict non-ONSEN TE background	324	0.85	1	3.08641975308642
BG_LTR_like_03949	Strict non-ONSEN TE background	327	0.85	14	42.8134556574924
BG_LTR_like_04081	Strict non-ONSEN TE background	443	0.85	2	4.51467268623025
BG_LTR_like_04547	Strict non-ONSEN TE background	644	0.85	3	4.6583850931677
BG_LTR_like_04548	Strict non-ONSEN TE background	350	0.85	0	0
BG_LTR_like_04603	Strict non-ONSEN TE background	854	0.85	2	2.34192037470726
BG_LTR_like_04604	Strict non-ONSEN TE background	375	0.85	2	5.33333333333333
BG_LTR_like_04605	Strict non-ONSEN TE background	1451	0.85	13	8.95933838731909
BG_LTR_like_04606	Strict non-ONSEN TE background	692	0.85	4	5.78034682080925
BG_LTR_like_04649	Strict non-ONSEN TE background	444	0.85	3	6.75675675675676
BG_LTR_like_04650	Strict non-ONSEN TE background	1178	0.85	15	12.7334465195246
BG_LTR_like_04651	Strict non-ONSEN TE background	326	0.85	9	27.6073619631902
BG_LTR_like_04652	Strict non-ONSEN TE background	429	0.85	4	9.32400932400932
BG_LTR_like_04653	Strict non-ONSEN TE background	621	0.85	10	16.1030595813205
BG_LTR_like_04654	Strict non-ONSEN TE background	674	0.85	3	4.45103857566766
BG_LTR_like_04659	Strict non-ONSEN TE background	1200	0.85	8	6.66666666666667
BG_LTR_like_04660	Strict non-ONSEN TE background	774	0.85	10	12.9198966408269
BG_LTR_like_04661	Strict non-ONSEN TE background	1221	0.85	16	13.1040131040131
BG_LTR_like_04669	Strict non-ONSEN TE background	708	0.85	14	19.774011299435
BG_LTR_like_04672	Strict non-ONSEN TE background	291	0.85	2	6.87285223367698
BG_LTR_like_04673	Strict non-ONSEN TE background	1794	0.85	8	4.45930880713489
BG_LTR_like_04699	Strict non-ONSEN TE background	428	0.85	17	39.7196261682243
BG_LTR_like_04700	Strict non-ONSEN TE background	1476	0.85	14	9.48509485094851
BG_LTR_like_04701	Strict non-ONSEN TE background	329	0.85	4	12.1580547112462
BG_LTR_like_04709	Strict non-ONSEN TE background	209	0.85	3	14.3540669856459
BG_LTR_like_04710	Strict non-ONSEN TE background	519	0.85	2	3.85356454720617
BG_LTR_like_04713	Strict non-ONSEN TE background	388	0.85	10	25.7731958762887
BG_LTR_like_04714	Strict non-ONSEN TE background	1179	0.85	11	9.32994062765055
BG_LTR_like_04715	Strict non-ONSEN TE background	364	0.85	0	0
BG_LTR_like_04716	Strict non-ONSEN TE background	430	0.85	3	6.97674418604651
BG_LTR_like_04725	Strict non-ONSEN TE background	498	0.85	5	10.0401606425703
BG_LTR_like_04726	Strict non-ONSEN TE background	1930	0.85	15	7.7720207253886
BG_LTR_like_04761	Strict non-ONSEN TE background	313	0.85	7	22.3642172523962
BG_LTR_like_04764	Strict non-ONSEN TE background	901	0.85	10	11.0987791342952
BG_LTR_like_04765	Strict non-ONSEN TE background	363	0.85	3	8.26446280991736
BG_LTR_like_04766	Strict non-ONSEN TE background	1685	0.85	6	3.56083086053413
BG_LTR_like_04767	Strict non-ONSEN TE background	1842	0.85	6	3.25732899022801
BG_LTR_like_04770	Strict non-ONSEN TE background	551	0.85	15	27.2232304900181
BG_LTR_like_04771	Strict non-ONSEN TE background	1181	0.85	21	17.7815410668925
BG_LTR_like_04772	Strict non-ONSEN TE background	618	0.85	5	8.09061488673139
BG_LTR_like_04773	Strict non-ONSEN TE background	717	0.85	4	5.57880055788006
BG_LTR_like_04774	Strict non-ONSEN TE background	1204	0.85	12	9.96677740863787
BG_LTR_like_04775	Strict non-ONSEN TE background	827	0.85	7	8.46432889963724
BG_LTR_like_04776	Strict non-ONSEN TE background	239	0.85	3	12.5523012552301
BG_LTR_like_04777	Strict non-ONSEN TE background	1834	0.85	13	7.08833151581243
BG_LTR_like_04778	Strict non-ONSEN TE background	1993	0.85	8	4.01404917210236
BG_LTR_like_04779	Strict non-ONSEN TE background	239	0.85	1	4.18410041841004
BG_LTR_like_04780	Strict non-ONSEN TE background	779	0.85	9	11.5532734274711
BG_LTR_like_04781	Strict non-ONSEN TE background	1205	0.85	19	15.7676348547718
BG_LTR_like_04782	Strict non-ONSEN TE background	1829	0.85	12	6.56096227446692
BG_LTR_like_04783	Strict non-ONSEN TE background	1209	0.85	11	9.09842845326716
BG_LTR_like_04784	Strict non-ONSEN TE background	1569	0.85	9	5.73613766730402
BG_LTR_like_04785	Strict non-ONSEN TE background	1149	0.85	16	13.9251523063534
BG_LTR_like_04788	Strict non-ONSEN TE background	1649	0.85	7	4.24499696785931
BG_LTR_like_04789	Strict non-ONSEN TE background	1629	0.85	15	9.20810313075506
BG_LTR_like_04790	Strict non-ONSEN TE background	403	0.85	3	7.44416873449131
BG_LTR_like_04791	Strict non-ONSEN TE background	1855	0.85	18	9.70350404312668
BG_LTR_like_04792	Strict non-ONSEN TE background	370	0.85	0	0
BG_LTR_like_04796	Strict non-ONSEN TE background	1607	0.85	8	4.97822028624767
BG_LTR_like_04797	Strict non-ONSEN TE background	1684	0.85	17	10.0950118764846
BG_LTR_like_04798	Strict non-ONSEN TE background	809	0.85	6	7.41656365883807
BG_LTR_like_04799	Strict non-ONSEN TE background	526	0.85	3	5.70342205323194
BG_LTR_like_04800	Strict non-ONSEN TE background	873	0.85	5	5.72737686139748
BG_LTR_like_04801	Strict non-ONSEN TE background	1335	0.85	12	8.98876404494382
BG_LTR_like_04804	Strict non-ONSEN TE background	1673	0.85	9	5.37955768081291
BG_LTR_like_04807	Strict non-ONSEN TE background	307	0.85	0	0
BG_LTR_like_04808	Strict non-ONSEN TE background	620	0.85	1	1.61290322580645
BG_LTR_like_04809	Strict non-ONSEN TE background	1458	0.85	38	26.0631001371742
BG_LTR_like_04810	Strict non-ONSEN TE background	1346	0.85	16	11.8870728083209
BG_LTR_like_04813	Strict non-ONSEN TE background	1421	0.85	16	11.2596762843068
BG_LTR_like_04814	Strict non-ONSEN TE background	678	0.85	4	5.89970501474926
BG_LTR_like_04817	Strict non-ONSEN TE background	1597	0.85	19	11.8973074514715
BG_LTR_like_04818	Strict non-ONSEN TE background	1224	0.85	2	1.63398692810458
BG_LTR_like_04821	Strict non-ONSEN TE background	811	0.85	7	8.63131935881628
BG_LTR_like_04824	Strict non-ONSEN TE background	702	0.85	8	11.3960113960114
BG_LTR_like_04825	Strict non-ONSEN TE background	444	0.85	4	9.00900900900901
BG_LTR_like_04826	Strict non-ONSEN TE background	985	0.85	22	22.3350253807107
BG_LTR_like_04827	Strict non-ONSEN TE background	1588	0.85	33	20.7808564231738
BG_LTR_like_04828	Strict non-ONSEN TE background	1521	0.85	22	14.4641683103222
BG_LTR_like_04831	Strict non-ONSEN TE background	689	0.85	6	8.70827285921626
BG_LTR_like_04832	Strict non-ONSEN TE background	414	0.85	10	24.1545893719807
BG_LTR_like_04833	Strict non-ONSEN TE background	1030	0.85	18	17.4757281553398
BG_LTR_like_04834	Strict non-ONSEN TE background	399	0.85	18	45.1127819548872
BG_LTR_like_04835	Strict non-ONSEN TE background	341	0.85	11	32.258064516129
BG_LTR_like_04836	Strict non-ONSEN TE background	593	0.85	5	8.43170320404722
BG_LTR_like_04837	Strict non-ONSEN TE background	1234	0.85	17	13.7763371150729
BG_LTR_like_04838	Strict non-ONSEN TE background	1935	0.85	25	12.9198966408269
BG_LTR_like_04839	Strict non-ONSEN TE background	281	0.85	4	14.2348754448399
BG_LTR_like_04840	Strict non-ONSEN TE background	466	0.85	8	17.1673819742489
BG_LTR_like_04845	Strict non-ONSEN TE background	235	0.85	1	4.25531914893617
BG_LTR_like_04846	Strict non-ONSEN TE background	1402	0.85	11	7.84593437945792
BG_LTR_like_04849	Strict non-ONSEN TE background	220	0.85	3	13.6363636363636
BG_LTR_like_04852	Strict non-ONSEN TE background	754	0.85	2	2.6525198938992
BG_LTR_like_04855	Strict non-ONSEN TE background	301	0.85	0	0
BG_LTR_like_04858	Strict non-ONSEN TE background	290	0.85	8	27.5862068965517
BG_LTR_like_04859	Strict non-ONSEN TE background	442	0.85	4	9.04977375565611
BG_LTR_like_04860	Strict non-ONSEN TE background	384	0.85	0	0
BG_LTR_like_04863	Strict non-ONSEN TE background	316	0.85	0	0
BG_LTR_like_04866	Strict non-ONSEN TE background	570	0.85	7	12.280701754386
BG_LTR_like_04867	Strict non-ONSEN TE background	241	0.85	0	0
BG_LTR_like_04868	Strict non-ONSEN TE background	973	0.85	3	3.08324768756423
BG_LTR_like_04873	Strict non-ONSEN TE background	910	0.85	13	14.2857142857143
BG_LTR_like_04876	Strict non-ONSEN TE background	215	0.85	1	4.65116279069767
BG_LTR_like_04877	Strict non-ONSEN TE background	313	0.85	2	6.38977635782748
BG_LTR_like_04880	Strict non-ONSEN TE background	837	0.85	3	3.584229390681
BG_LTR_like_04881	Strict non-ONSEN TE background	503	0.85	3	5.96421471172962
BG_LTR_like_04882	Strict non-ONSEN TE background	271	0.85	4	14.760147601476
BG_LTR_like_04883	Strict non-ONSEN TE background	236	0.85	1	4.23728813559322
BG_LTR_like_04884	Strict non-ONSEN TE background	1822	0.85	8	4.39077936333699
BG_LTR_like_04885	Strict non-ONSEN TE background	1762	0.85	13	7.37797956867196
BG_LTR_like_04888	Strict non-ONSEN TE background	1532	0.85	31	20.2349869451697
BG_LTR_like_04889	Strict non-ONSEN TE background	1640	0.85	7	4.26829268292683
BG_LTR_like_04890	Strict non-ONSEN TE background	236	0.85	0	0
BG_LTR_like_04891	Strict non-ONSEN TE background	1801	0.85	9	4.99722376457524
BG_LTR_like_04892	Strict non-ONSEN TE background	1800	0.85	7	3.88888888888889
BG_LTR_like_04893	Strict non-ONSEN TE background	605	0.85	6	9.91735537190083
BG_LTR_like_04894	Strict non-ONSEN TE background	1365	0.85	11	8.05860805860806
BG_LTR_like_04897	Strict non-ONSEN TE background	1611	0.85	14	8.69025450031037
BG_LTR_like_04898	Strict non-ONSEN TE background	915	0.85	8	8.7431693989071
BG_LTR_like_04899	Strict non-ONSEN TE background	583	0.85	5	8.57632933104631
BG_LTR_like_04900	Strict non-ONSEN TE background	1232	0.85	14	11.3636363636364
BG_LTR_like_04901	Strict non-ONSEN TE background	580	0.85	6	10.3448275862069
BG_LTR_like_04902	Strict non-ONSEN TE background	622	0.85	7	11.2540192926045
BG_LTR_like_04903	Strict non-ONSEN TE background	635	0.85	6	9.44881889763779
BG_LTR_like_04904	Strict non-ONSEN TE background	205	0.85	1	4.8780487804878
BG_LTR_like_04905	Strict non-ONSEN TE background	1152	0.85	14	12.1527777777778
BG_LTR_like_04906	Strict non-ONSEN TE background	627	0.85	11	17.5438596491228
BG_LTR_like_04907	Strict non-ONSEN TE background	323	0.85	11	34.0557275541796
BG_LTR_like_04908	Strict non-ONSEN TE background	1004	0.85	4	3.98406374501992
BG_LTR_like_04909	Strict non-ONSEN TE background	1081	0.85	17	15.7261794634598
BG_LTR_like_04910	Strict non-ONSEN TE background	707	0.85	5	7.07213578500707
BG_LTR_like_04911	Strict non-ONSEN TE background	1773	0.85	25	14.1003948110547
BG_LTR_like_04912	Strict non-ONSEN TE background	955	0.85	13	13.6125654450262
BG_LTR_like_04913	Strict non-ONSEN TE background	521	0.85	2	3.83877159309021
BG_LTR_like_04914	Strict non-ONSEN TE background	254	0.85	6	23.6220472440945
BG_LTR_like_04915	Strict non-ONSEN TE background	1166	0.85	37	31.7324185248714
BG_LTR_like_04916	Strict non-ONSEN TE background	600	0.85	1	1.66666666666667
BG_LTR_like_04917	Strict non-ONSEN TE background	1625	0.85	18	11.0769230769231
BG_LTR_like_04920	Strict non-ONSEN TE background	1068	0.85	6	5.61797752808989
BG_LTR_like_04925	Strict non-ONSEN TE background	878	0.85	3	3.41685649202733
BG_LTR_like_04926	Strict non-ONSEN TE background	746	0.85	7	9.38337801608579
BG_LTR_like_04929	Strict non-ONSEN TE background	622	0.85	2	3.21543408360129
BG_LTR_like_04930	Strict non-ONSEN TE background	308	0.85	1	3.24675324675325
BG_LTR_like_04931	Strict non-ONSEN TE background	370	0.85	1	2.7027027027027
BG_LTR_like_04932	Strict non-ONSEN TE background	1912	0.85	10	5.23012552301255
BG_LTR_like_04933	Strict non-ONSEN TE background	1595	0.85	8	5.01567398119122
BG_LTR_like_04934	Strict non-ONSEN TE background	1600	0.85	8	5
BG_LTR_like_04937	Strict non-ONSEN TE background	1620	0.85	6	3.7037037037037
BG_LTR_like_04938	Strict non-ONSEN TE background	242	0.85	10	41.3223140495868
BG_LTR_like_04939	Strict non-ONSEN TE background	1240	0.85	8	6.45161290322581
BG_LTR_like_04940	Strict non-ONSEN TE background	996	0.85	4	4.01606425702811
BG_LTR_like_04943	Strict non-ONSEN TE background	397	0.85	1	2.51889168765743
BG_LTR_like_04944	Strict non-ONSEN TE background	668	0.85	1	1.49700598802395
BG_LTR_like_04945	Strict non-ONSEN TE background	1601	0.85	6	3.74765771392879
BG_LTR_like_04946	Strict non-ONSEN TE background	1117	0.85	7	6.2667860340197
BG_LTR_like_04947	Strict non-ONSEN TE background	464	0.85	7	15.0862068965517
BG_LTR_like_04948	Strict non-ONSEN TE background	1029	0.85	11	10.689990281827
BG_LTR_like_04949	Strict non-ONSEN TE background	1050	0.85	7	6.66666666666667
BG_LTR_like_04952	Strict non-ONSEN TE background	1807	0.85	7	3.87382401770891
BG_LTR_like_04953	Strict non-ONSEN TE background	1620	0.85	8	4.93827160493827
BG_LTR_like_04956	Strict non-ONSEN TE background	1512	0.85	22	14.5502645502646
BG_LTR_like_04957	Strict non-ONSEN TE background	275	0.85	1	3.63636363636364
BG_LTR_like_04958	Strict non-ONSEN TE background	560	0.85	13	23.2142857142857
BG_LTR_like_04959	Strict non-ONSEN TE background	322	0.85	3	9.3167701863354
BG_LTR_like_04960	Strict non-ONSEN TE background	888	0.85	1	1.12612612612613
BG_LTR_like_04961	Strict non-ONSEN TE background	247	0.85	4	16.1943319838057
BG_LTR_like_04962	Strict non-ONSEN TE background	200	0.85	0	0
BG_LTR_like_04963	Strict non-ONSEN TE background	1786	0.85	10	5.59910414333707
BG_LTR_like_04964	Strict non-ONSEN TE background	1615	0.85	5	3.09597523219814
BG_LTR_like_04965	Strict non-ONSEN TE background	692	0.85	7	10.1156069364162
BG_LTR_like_04966	Strict non-ONSEN TE background	1658	0.85	10	6.0313630880579
BG_LTR_like_04967	Strict non-ONSEN TE background	1754	0.85	26	14.8232611174458
BG_LTR_like_04972	Strict non-ONSEN TE background	1802	0.85	18	9.9889012208657
BG_LTR_like_04973	Strict non-ONSEN TE background	1740	0.85	6	3.44827586206897
BG_LTR_like_04974	Strict non-ONSEN TE background	1254	0.85	7	5.58213716108453
BG_LTR_like_04975	Strict non-ONSEN TE background	1078	0.85	17	15.7699443413729
BG_LTR_like_04976	Strict non-ONSEN TE background	1273	0.85	9	7.06991358994501
BG_LTR_like_04977	Strict non-ONSEN TE background	523	0.85	16	30.5927342256214
BG_LTR_like_04978	Strict non-ONSEN TE background	1303	0.85	8	6.13967766692249
BG_LTR_like_04979	Strict non-ONSEN TE background	244	0.85	4	16.3934426229508
BG_LTR_like_04980	Strict non-ONSEN TE background	307	0.85	0	0
BG_LTR_like_04981	Strict non-ONSEN TE background	780	0.85	3	3.84615384615385
BG_LTR_like_04982	Strict non-ONSEN TE background	644	0.85	3	4.6583850931677
BG_LTR_like_04983	Strict non-ONSEN TE background	320	0.85	1	3.125
BG_LTR_like_04984	Strict non-ONSEN TE background	437	0.85	2	4.5766590389016
BG_LTR_like_04985	Strict non-ONSEN TE background	923	0.85	9	9.75081256771398
BG_LTR_like_04986	Strict non-ONSEN TE background	1823	0.85	7	3.83982446516731
BG_LTR_like_04989	Strict non-ONSEN TE background	1796	0.85	12	6.6815144766147
BG_LTR_like_04990	Strict non-ONSEN TE background	951	0.85	13	13.6698212407992
BG_LTR_like_04993	Strict non-ONSEN TE background	621	0.85	3	4.83091787439614
BG_LTR_like_04994	Strict non-ONSEN TE background	1697	0.85	13	7.66057748968768
BG_LTR_like_04995	Strict non-ONSEN TE background	763	0.85	9	11.7955439056356
BG_LTR_like_05028	Strict non-ONSEN TE background	1177	0.85	11	9.34579439252336
BG_LTR_like_05029	Strict non-ONSEN TE background	1227	0.85	13	10.5949470252649
BG_LTR_like_05030	Strict non-ONSEN TE background	1514	0.85	13	8.58652575957728
BG_LTR_like_05033	Strict non-ONSEN TE background	1739	0.85	7	4.02530189764232
BG_LTR_like_05038	Strict non-ONSEN TE background	635	0.85	1	1.5748031496063
BG_LTR_like_05039	Strict non-ONSEN TE background	435	0.85	5	11.4942528735632
BG_LTR_like_05042	Strict non-ONSEN TE background	1479	0.85	16	10.8181203515889
BG_LTR_like_05045	Strict non-ONSEN TE background	552	0.85	0	0
BG_LTR_like_05048	Strict non-ONSEN TE background	1865	0.85	12	6.4343163538874
BG_LTR_like_05049	Strict non-ONSEN TE background	1072	0.85	7	6.52985074626866
BG_LTR_like_05050	Strict non-ONSEN TE background	793	0.85	4	5.04413619167718
BG_LTR_like_05051	Strict non-ONSEN TE background	440	0.85	0	0
BG_LTR_like_05052	Strict non-ONSEN TE background	929	0.85	15	16.1463939720129
BG_LTR_like_05053	Strict non-ONSEN TE background	357	0.85	7	19.6078431372549
BG_LTR_like_05054	Strict non-ONSEN TE background	1841	0.85	24	13.0363932645301
BG_LTR_like_05057	Strict non-ONSEN TE background	1678	0.85	13	7.74731823599523
BG_LTR_like_05058	Strict non-ONSEN TE background	1208	0.85	10	8.27814569536424
BG_LTR_like_05059	Strict non-ONSEN TE background	602	0.85	1	1.66112956810631
BG_LTR_like_05060	Strict non-ONSEN TE background	1579	0.85	14	8.86637112096263
BG_LTR_like_05061	Strict non-ONSEN TE background	257	0.85	0	0
BG_LTR_like_05062	Strict non-ONSEN TE background	636	0.85	7	11.0062893081761
BG_LTR_like_05063	Strict non-ONSEN TE background	354	0.85	0	0
BG_LTR_like_05064	Strict non-ONSEN TE background	902	0.85	3	3.32594235033259
BG_LTR_like_05065	Strict non-ONSEN TE background	477	0.85	4	8.38574423480084
BG_LTR_like_05066	Strict non-ONSEN TE background	302	0.85	1	3.3112582781457
BG_LTR_like_05067	Strict non-ONSEN TE background	1172	0.85	17	14.5051194539249
BG_LTR_like_05068	Strict non-ONSEN TE background	227	0.85	0	0
BG_LTR_like_05069	Strict non-ONSEN TE background	618	0.85	4	6.47249190938511
BG_LTR_like_05070	Strict non-ONSEN TE background	200	0.85	1	5
BG_LTR_like_05071	Strict non-ONSEN TE background	1291	0.85	11	8.52052672347018
BG_LTR_like_05072	Strict non-ONSEN TE background	1157	0.85	8	6.91443388072602
BG_LTR_like_05073	Strict non-ONSEN TE background	1228	0.85	14	11.400651465798
BG_LTR_like_05074	Strict non-ONSEN TE background	304	0.85	0	0
BG_LTR_like_05075	Strict non-ONSEN TE background	286	0.85	6	20.979020979021
BG_LTR_like_05076	Strict non-ONSEN TE background	1185	0.85	15	12.6582278481013
BG_LTR_like_05077	Strict non-ONSEN TE background	1482	0.85	27	18.2186234817814
BG_LTR_like_05078	Strict non-ONSEN TE background	231	0.85	1	4.32900432900433
BG_LTR_like_05079	Strict non-ONSEN TE background	1241	0.85	3	2.4174053182917
BG_LTR_like_05080	Strict non-ONSEN TE background	201	0.85	0	0
BG_LTR_like_05081	Strict non-ONSEN TE background	1372	0.85	8	5.83090379008746
BG_LTR_like_05082	Strict non-ONSEN TE background	741	0.85	3	4.04858299595142
BG_LTR_like_05085	Strict non-ONSEN TE background	1517	0.85	19	12.524719841793
BG_LTR_like_05086	Strict non-ONSEN TE background	424	0.85	3	7.07547169811321
BG_LTR_like_05087	Strict non-ONSEN TE background	1632	0.85	20	12.2549019607843
BG_LTR_like_05090	Strict non-ONSEN TE background	339	0.85	6	17.6991150442478
BG_LTR_like_05091	Strict non-ONSEN TE background	259	0.85	0	0
BG_LTR_like_05092	Strict non-ONSEN TE background	295	0.85	4	13.5593220338983
BG_LTR_like_05095	Strict non-ONSEN TE background	1674	0.85	10	5.97371565113501
BG_LTR_like_05096	Strict non-ONSEN TE background	310	0.85	0	0
BG_LTR_like_05099	Strict non-ONSEN TE background	261	0.85	3	11.4942528735632
BG_LTR_like_05100	Strict non-ONSEN TE background	211	0.85	1	4.739336492891
BG_LTR_like_05101	Strict non-ONSEN TE background	1379	0.85	8	5.80130529369108
BG_LTR_like_05102	Strict non-ONSEN TE background	1008	0.85	10	9.92063492063492
BG_LTR_like_05103	Strict non-ONSEN TE background	1198	0.85	8	6.67779632721202
BG_LTR_like_05104	Strict non-ONSEN TE background	262	0.85	1	3.81679389312977
BG_LTR_like_05105	Strict non-ONSEN TE background	1059	0.85	6	5.6657223796034
BG_LTR_like_05106	Strict non-ONSEN TE background	531	0.85	6	11.2994350282486
BG_LTR_like_05107	Strict non-ONSEN TE background	784	0.85	6	7.6530612244898
BG_LTR_like_05108	Strict non-ONSEN TE background	218	0.85	1	4.58715596330275
BG_LTR_like_05111	Strict non-ONSEN TE background	1198	0.85	7	5.84307178631052
BG_LTR_like_05114	Strict non-ONSEN TE background	234	0.85	0	0
BG_LTR_like_05115	Strict non-ONSEN TE background	483	0.85	1	2.0703933747412
BG_LTR_like_05116	Strict non-ONSEN TE background	1352	0.85	7	5.17751479289941
BG_LTR_like_05119	Strict non-ONSEN TE background	1628	0.85	6	3.68550368550369
BG_LTR_like_05120	Strict non-ONSEN TE background	1278	0.85	4	3.12989045383412
BG_LTR_like_05121	Strict non-ONSEN TE background	269	0.85	0	0
BG_LTR_like_05122	Strict non-ONSEN TE background	483	0.85	2	4.1407867494824
BG_LTR_like_05123	Strict non-ONSEN TE background	1712	0.85	4	2.33644859813084
BG_LTR_like_05124	Strict non-ONSEN TE background	1236	0.85	21	16.9902912621359
BG_LTR_like_05125	Strict non-ONSEN TE background	276	0.85	1	3.6231884057971
BG_LTR_like_05126	Strict non-ONSEN TE background	354	0.85	2	5.64971751412429
BG_LTR_like_05127	Strict non-ONSEN TE background	253	0.85	1	3.95256916996047
BG_LTR_like_05128	Strict non-ONSEN TE background	1368	0.85	7	5.11695906432749
BG_LTR_like_05129	Strict non-ONSEN TE background	446	0.85	2	4.48430493273543
BG_LTR_like_05130	Strict non-ONSEN TE background	948	0.85	5	5.27426160337553
BG_LTR_like_05131	Strict non-ONSEN TE background	446	0.85	2	4.48430493273543
BG_LTR_like_05132	Strict non-ONSEN TE background	1627	0.85	9	5.53165334972342
BG_LTR_like_05135	Strict non-ONSEN TE background	1925	0.85	20	10.3896103896104
BG_LTR_like_05136	Strict non-ONSEN TE background	912	0.85	6	6.57894736842105
BG_LTR_like_05137	Strict non-ONSEN TE background	1323	0.85	9	6.80272108843537
BG_LTR_like_05140	Strict non-ONSEN TE background	752	0.85	3	3.98936170212766
BG_LTR_like_05141	Strict non-ONSEN TE background	411	0.85	0	0
BG_LTR_like_05144	Strict non-ONSEN TE background	1611	0.85	8	4.96585971446307
BG_LTR_like_05145	Strict non-ONSEN TE background	1211	0.85	6	4.95458298926507
BG_LTR_like_05146	Strict non-ONSEN TE background	1176	0.85	12	10.2040816326531
BG_LTR_like_05149	Strict non-ONSEN TE background	1335	0.85	29	21.7228464419476
BG_LTR_like_05154	Strict non-ONSEN TE background	1922	0.85	18	9.36524453694069
BG_LTR_like_05155	Strict non-ONSEN TE background	1696	0.85	8	4.71698113207547
BG_LTR_like_05168	Strict non-ONSEN TE background	430	0.85	4	9.30232558139535
BG_LTR_like_05169	Strict non-ONSEN TE background	618	0.85	11	17.7993527508091
BG_LTR_like_05186	Strict non-ONSEN TE background	308	0.85	4	12.987012987013
BG_LTR_like_05187	Strict non-ONSEN TE background	1810	0.85	11	6.07734806629834
BG_LTR_like_05188	Strict non-ONSEN TE background	254	0.85	0	0
BG_LTR_like_05189	Strict non-ONSEN TE background	301	0.85	5	16.6112956810631
BG_LTR_like_05206	Strict non-ONSEN TE background	494	0.85	4	8.09716599190283
BG_LTR_like_05207	Strict non-ONSEN TE background	426	0.85	2	4.69483568075117
BG_LTR_like_05208	Strict non-ONSEN TE background	453	0.85	4	8.83002207505519
BG_LTR_like_05211	Strict non-ONSEN TE background	1990	0.85	15	7.53768844221106
BG_LTR_like_05212	Strict non-ONSEN TE background	541	0.85	11	20.3327171903882
BG_LTR_like_05213	Strict non-ONSEN TE background	1239	0.85	18	14.5278450363196
BG_LTR_like_05214	Strict non-ONSEN TE background	984	0.85	23	23.3739837398374
BG_LTR_like_05217	Strict non-ONSEN TE background	1742	0.85	9	5.16647531572905
BG_LTR_like_05220	Strict non-ONSEN TE background	1922	0.85	11	5.72320499479709
BG_LTR_like_05223	Strict non-ONSEN TE background	473	0.85	2	4.22832980972516
BG_LTR_like_05224	Strict non-ONSEN TE background	508	0.85	4	7.8740157480315
BG_LTR_like_05225	Strict non-ONSEN TE background	951	0.85	35	36.8033648790747
BG_LTR_like_05226	Strict non-ONSEN TE background	1308	0.85	9	6.88073394495413
BG_LTR_like_05227	Strict non-ONSEN TE background	1133	0.85	17	15.0044130626655
BG_LTR_like_05228	Strict non-ONSEN TE background	419	0.85	2	4.77326968973747
BG_LTR_like_05229	Strict non-ONSEN TE background	389	0.85	0	0
BG_LTR_like_05232	Strict non-ONSEN TE background	726	0.85	3	4.13223140495868
BG_LTR_like_05233	Strict non-ONSEN TE background	323	0.85	0	0
BG_LTR_like_05236	Strict non-ONSEN TE background	619	0.85	5	8.07754442649435
BG_LTR_like_05237	Strict non-ONSEN TE background	845	0.85	13	15.3846153846154
BG_LTR_like_05238	Strict non-ONSEN TE background	286	0.85	2	6.99300699300699
BG_LTR_like_05241	Strict non-ONSEN TE background	1399	0.85	12	8.57755539671194
BG_LTR_like_05242	Strict non-ONSEN TE background	1549	0.85	28	18.0761781794706
BG_LTR_like_05244	Strict non-ONSEN TE background	1625	0.85	9	5.53846153846154
BG_LTR_like_05245	Strict non-ONSEN TE background	267	0.85	3	11.2359550561798
BG_LTR_like_05246	Strict non-ONSEN TE background	1155	0.85	11	9.52380952380952
BG_LTR_like_05247	Strict non-ONSEN TE background	481	0.85	0	0
BG_LTR_like_05248	Strict non-ONSEN TE background	339	0.85	4	11.7994100294985
BG_LTR_like_05249	Strict non-ONSEN TE background	334	0.85	2	5.98802395209581
BG_LTR_like_05250	Strict non-ONSEN TE background	317	0.85	1	3.15457413249211
BG_LTR_like_05251	Strict non-ONSEN TE background	330	0.85	4	12.1212121212121
BG_LTR_like_05287	Strict non-ONSEN TE background	323	0.85	2	6.19195046439628
BG_LTR_like_05290	Strict non-ONSEN TE background	234	0.85	0	0
BG_LTR_like_05295	Strict non-ONSEN TE background	221	0.85	2	9.04977375565611
BG_LTR_like_05301	Strict non-ONSEN TE background	353	0.85	5	14.1643059490085
BG_LTR_like_05318	Strict non-ONSEN TE background	960	0.85	6	6.25
BG_LTR_like_05347	Strict non-ONSEN TE background	773	0.85	12	15.5239327296248
BG_LTR_like_05367	Strict non-ONSEN TE background	248	0.85	2	8.06451612903226
BG_LTR_like_05442	Strict non-ONSEN TE background	260	0.85	9	34.6153846153846
BG_LTR_like_05473	Strict non-ONSEN TE background	280	0.85	10	35.7142857142857
BG_LTR_like_05478	Strict non-ONSEN TE background	368	0.85	8	21.7391304347826
BG_LTR_like_05494	Strict non-ONSEN TE background	426	0.85	2	4.69483568075117
BG_LTR_like_05495	Strict non-ONSEN TE background	278	0.85	1	3.59712230215827
BG_LTR_like_05525	Strict non-ONSEN TE background	228	0.85	1	4.3859649122807
BG_LTR_like_05526	Strict non-ONSEN TE background	1554	0.85	5	3.21750321750322
BG_LTR_like_05575	Strict non-ONSEN TE background	260	0.85	4	15.3846153846154
BG_LTR_like_05592	Strict non-ONSEN TE background	351	0.85	0	0
BG_LTR_like_05596	Strict non-ONSEN TE background	381	0.85	4	10.498687664042
BG_LTR_like_05628	Strict non-ONSEN TE background	578	0.85	9	15.5709342560554
BG_LTR_like_05644	Strict non-ONSEN TE background	349	0.85	8	22.9226361031519
BG_LTR_like_05689	Strict non-ONSEN TE background	352	0.85	1	2.84090909090909
BG_LTR_like_05740	Strict non-ONSEN TE background	550	0.85	7	12.7272727272727
BG_LTR_like_05741	Strict non-ONSEN TE background	407	0.85	0	0
BG_LTR_like_05757	Strict non-ONSEN TE background	352	0.85	0	0
BG_LTR_like_05758	Strict non-ONSEN TE background	350	0.85	6	17.1428571428571
BG_LTR_like_05771	Strict non-ONSEN TE background	891	0.85	5	5.61167227833895
BG_LTR_like_05793	Strict non-ONSEN TE background	216	0.85	1	4.62962962962963
BG_LTR_like_05794	Strict non-ONSEN TE background	269	0.85	2	7.43494423791822
BG_LTR_like_05802	Strict non-ONSEN TE background	523	0.85	29	55.4493307839388
BG_LTR_like_05803	Strict non-ONSEN TE background	660	0.85	13	19.6969696969697
BG_LTR_like_05832	Strict non-ONSEN TE background	475	0.85	2	4.21052631578947
BG_LTR_like_05833	Strict non-ONSEN TE background	1230	0.85	8	6.50406504065041
BG_LTR_like_05844	Strict non-ONSEN TE background	333	0.85	4	12.012012012012
BG_LTR_like_05859	Strict non-ONSEN TE background	296	0.85	1	3.37837837837838
BG_LTR_like_05873	Strict non-ONSEN TE background	211	0.85	2	9.47867298578199
BG_LTR_like_05874	Strict non-ONSEN TE background	279	0.85	7	25.089605734767
BG_LTR_like_05903	Strict non-ONSEN TE background	449	0.85	2	4.4543429844098
BG_LTR_like_06037	Strict non-ONSEN TE background	265	0.85	2	7.54716981132075
BG_LTR_like_06081	Strict non-ONSEN TE background	281	0.85	3	10.6761565836299
BG_LTR_like_06117	Strict non-ONSEN TE background	355	0.85	2	5.63380281690141
BG_LTR_like_06118	Strict non-ONSEN TE background	467	0.85	7	14.9892933618844
BG_LTR_like_06150	Strict non-ONSEN TE background	510	0.85	3	5.88235294117647
BG_LTR_like_06169	Strict non-ONSEN TE background	393	0.85	0	0
BG_LTR_like_06193	Strict non-ONSEN TE background	228	0.85	1	4.3859649122807
BG_LTR_like_06241	Strict non-ONSEN TE background	224	0.85	4	17.8571428571429
BG_LTR_like_06242	Strict non-ONSEN TE background	430	0.85	0	0
BG_LTR_like_06243	Strict non-ONSEN TE background	268	0.85	0	0
BG_LTR_like_06244	Strict non-ONSEN TE background	768	0.85	7	9.11458333333333
BG_LTR_like_06247	Strict non-ONSEN TE background	805	0.85	3	3.72670807453416
BG_LTR_like_06295	Strict non-ONSEN TE background	243	0.85	0	0
BG_LTR_like_06337	Strict non-ONSEN TE background	266	0.85	0	0
BG_LTR_like_06396	Strict non-ONSEN TE background	541	0.85	4	7.39371534195933
BG_LTR_like_06461	Strict non-ONSEN TE background	306	0.85	5	16.3398692810458
BG_LTR_like_06470	Strict non-ONSEN TE background	799	0.85	11	13.7672090112641
BG_LTR_like_06662	Strict non-ONSEN TE background	231	0.85	0	0
BG_LTR_like_06719	Strict non-ONSEN TE background	246	0.85	0	0
BG_LTR_like_06875	Strict non-ONSEN TE background	202	0.85	4	19.8019801980198
BG_LTR_like_06959	Strict non-ONSEN TE background	1838	0.85	10	5.44069640914037
BG_LTR_like_07118	Strict non-ONSEN TE background	212	0.85	0	0
BG_LTR_like_07177	Strict non-ONSEN TE background	886	0.85	5	5.64334085778781
BG_LTR_like_07376	Strict non-ONSEN TE background	204	0.85	0	0
BG_LTR_like_07397	Strict non-ONSEN TE background	302	0.85	0	0
BG_LTR_like_07602	Strict non-ONSEN TE background	314	0.85	0	0
BG_LTR_like_07841	Strict non-ONSEN TE background	290	0.85	0	0
BG_LTR_like_07848	Strict non-ONSEN TE background	1111	0.85	7	6.3006300630063
BG_LTR_like_08022	Strict non-ONSEN TE background	330	0.85	0	0
BG_LTR_like_08064	Strict non-ONSEN TE background	276	0.85	1	3.6231884057971
BG_LTR_like_08118	Strict non-ONSEN TE background	225	0.85	0	0
BG_LTR_like_08149	Strict non-ONSEN TE background	252	0.85	4	15.8730158730159
BG_LTR_like_08150	Strict non-ONSEN TE background	294	0.85	0	0
BG_LTR_like_08191	Strict non-ONSEN TE background	310	0.85	0	0
BG_LTR_like_08208	Strict non-ONSEN TE background	318	0.85	6	18.8679245283019
BG_LTR_like_08244	Strict non-ONSEN TE background	234	0.85	0	0
BG_LTR_like_08245	Strict non-ONSEN TE background	234	0.85	0	0
BG_LTR_like_08246	Strict non-ONSEN TE background	203	0.85	8	39.4088669950739
BG_LTR_like_08256	Strict non-ONSEN TE background	393	0.85	0	0
BG_LTR_like_08268	Strict non-ONSEN TE background	371	0.85	13	35.0404312668464
BG_LTR_like_08328	Strict non-ONSEN TE background	270	0.85	1	3.7037037037037
BG_LTR_like_08329	Strict non-ONSEN TE background	522	0.85	2	3.83141762452107
BG_LTR_like_08341	Strict non-ONSEN TE background	235	0.85	2	8.51063829787234
BG_LTR_like_08346	Strict non-ONSEN TE background	350	0.85	1	2.85714285714286
BG_LTR_like_08355	Strict non-ONSEN TE background	925	0.85	2	2.16216216216216
BG_LTR_like_08370	Strict non-ONSEN TE background	212	0.85	1	4.71698113207547
BG_LTR_like_08371	Strict non-ONSEN TE background	392	0.85	3	7.6530612244898
BG_LTR_like_08396	Strict non-ONSEN TE background	658	0.85	0	0
BG_LTR_like_08417	Strict non-ONSEN TE background	206	0.85	0	0
BG_LTR_like_08418	Strict non-ONSEN TE background	486	0.85	0	0
BG_LTR_like_08419	Strict non-ONSEN TE background	1216	0.85	26	21.3815789473684
BG_LTR_like_08460	Strict non-ONSEN TE background	252	0.85	0	0
BG_LTR_like_08461	Strict non-ONSEN TE background	347	0.85	4	11.5273775216138
BG_LTR_like_08462	Strict non-ONSEN TE background	576	0.85	8	13.8888888888889
BG_LTR_like_08465	Strict non-ONSEN TE background	385	0.85	1	2.5974025974026
BG_LTR_like_08530	Strict non-ONSEN TE background	268	0.85	2	7.46268656716418
BG_LTR_like_08531	Strict non-ONSEN TE background	219	0.85	2	9.1324200913242
BG_LTR_like_08548	Strict non-ONSEN TE background	1206	0.85	23	19.0713101160862
BG_LTR_like_08558	Strict non-ONSEN TE background	373	0.85	1	2.68096514745308
BG_LTR_like_08587	Strict non-ONSEN TE background	342	0.85	3	8.7719298245614
BG_LTR_like_08588	Strict non-ONSEN TE background	1594	0.85	21	13.1744040150565
BG_LTR_like_08589	Strict non-ONSEN TE background	345	0.85	0	0
BG_LTR_like_08590	Strict non-ONSEN TE background	592	0.85	9	15.2027027027027
BG_LTR_like_08597	Strict non-ONSEN TE background	280	0.85	2	7.14285714285714
BG_LTR_like_08598	Strict non-ONSEN TE background	676	0.85	27	39.9408284023669
BG_LTR_like_08599	Strict non-ONSEN TE background	381	0.85	0	0
BG_LTR_like_08600	Strict non-ONSEN TE background	230	0.85	0	0
BG_LTR_like_08601	Strict non-ONSEN TE background	280	0.85	1	3.57142857142857
BG_LTR_like_08602	Strict non-ONSEN TE background	459	0.85	6	13.0718954248366
BG_LTR_like_08603	Strict non-ONSEN TE background	239	0.85	3	12.5523012552301
BG_LTR_like_08604	Strict non-ONSEN TE background	877	0.85	15	17.1037628278221
BG_LTR_like_08607	Strict non-ONSEN TE background	886	0.85	17	19.1873589164786
BG_LTR_like_08625	Strict non-ONSEN TE background	212	0.85	0	0
BG_LTR_like_08638	Strict non-ONSEN TE background	786	0.85	3	3.81679389312977
BG_LTR_like_08639	Strict non-ONSEN TE background	247	0.85	1	4.04858299595142
BG_LTR_like_08654	Strict non-ONSEN TE background	1935	0.85	18	9.30232558139535
BG_LTR_like_08657	Strict non-ONSEN TE background	439	0.85	0	0
BG_LTR_like_08658	Strict non-ONSEN TE background	304	0.85	2	6.57894736842105
BG_LTR_like_08659	Strict non-ONSEN TE background	1119	0.85	23	20.5540661304736
BG_LTR_like_08660	Strict non-ONSEN TE background	535	0.85	6	11.214953271028
BG_LTR_like_08661	Strict non-ONSEN TE background	323	0.85	6	18.5758513931889
BG_LTR_like_08662	Strict non-ONSEN TE background	969	0.85	11	11.3519091847265
BG_LTR_like_08663	Strict non-ONSEN TE background	1100	0.85	7	6.36363636363636
BG_LTR_like_08692	Strict non-ONSEN TE background	1663	0.85	23	13.8304269392664
BG_LTR_like_08699	Strict non-ONSEN TE background	646	0.85	15	23.2198142414861
BG_LTR_like_08702	Strict non-ONSEN TE background	1060	0.85	11	10.377358490566
BG_LTR_like_08703	Strict non-ONSEN TE background	598	0.85	6	10.0334448160535
BG_LTR_like_08717	Strict non-ONSEN TE background	1249	0.85	6	4.80384307445957
BG_LTR_like_08718	Strict non-ONSEN TE background	234	0.85	2	8.54700854700855
BG_LTR_like_08719	Strict non-ONSEN TE background	807	0.85	2	2.47831474597274
BG_LTR_like_08720	Strict non-ONSEN TE background	622	0.85	4	6.43086816720257
BG_LTR_like_08725	Strict non-ONSEN TE background	1771	0.85	11	6.2111801242236
BG_LTR_like_08728	Strict non-ONSEN TE background	1207	0.85	4	3.31400165700083
BG_LTR_like_08729	Strict non-ONSEN TE background	1027	0.85	8	7.78967867575463
BG_LTR_like_08730	Strict non-ONSEN TE background	242	0.85	4	16.5289256198347
BG_LTR_like_08736	Strict non-ONSEN TE background	963	0.85	10	10.3842159916926
BG_LTR_like_08737	Strict non-ONSEN TE background	863	0.85	6	6.95249130938586
BG_LTR_like_08738	Strict non-ONSEN TE background	231	0.85	0	0
BG_LTR_like_08739	Strict non-ONSEN TE background	455	0.85	7	15.3846153846154
BG_LTR_like_08742	Strict non-ONSEN TE background	1191	0.85	2	1.67926112510495
BG_LTR_like_08743	Strict non-ONSEN TE background	575	0.85	12	20.8695652173913
BG_LTR_like_08744	Strict non-ONSEN TE background	389	0.85	7	17.9948586118252
BG_LTR_like_08745	Strict non-ONSEN TE background	835	0.85	4	4.79041916167665
BG_LTR_like_08746	Strict non-ONSEN TE background	781	0.85	25	32.0102432778489
BG_LTR_like_08749	Strict non-ONSEN TE background	266	0.85	1	3.7593984962406
BG_LTR_like_08750	Strict non-ONSEN TE background	1020	0.85	1	0.980392156862745
BG_LTR_like_08751	Strict non-ONSEN TE background	1352	0.85	21	15.5325443786982
BG_LTR_like_08752	Strict non-ONSEN TE background	1152	0.85	12	10.4166666666667
BG_LTR_like_08753	Strict non-ONSEN TE background	617	0.85	4	6.48298217179903
BG_LTR_like_08754	Strict non-ONSEN TE background	1201	0.85	7	5.82847626977519
BG_LTR_like_08758	Strict non-ONSEN TE background	1053	0.85	14	13.29534662868
BG_LTR_like_08759	Strict non-ONSEN TE background	1884	0.85	6	3.18471337579618
BG_LTR_like_08778	Strict non-ONSEN TE background	403	0.85	2	4.96277915632754
BG_LTR_like_08779	Strict non-ONSEN TE background	1618	0.85	12	7.41656365883807
BG_LTR_like_08780	Strict non-ONSEN TE background	325	0.85	2	6.15384615384615
BG_LTR_like_08781	Strict non-ONSEN TE background	275	0.85	7	25.4545454545455
BG_LTR_like_08782	Strict non-ONSEN TE background	460	0.85	3	6.52173913043478
BG_LTR_like_08783	Strict non-ONSEN TE background	293	0.85	1	3.41296928327645
BG_LTR_like_08784	Strict non-ONSEN TE background	486	0.85	6	12.3456790123457
BG_LTR_like_08785	Strict non-ONSEN TE background	1247	0.85	7	5.61347233360064
BG_LTR_like_08786	Strict non-ONSEN TE background	359	0.85	4	11.142061281337
BG_LTR_like_08787	Strict non-ONSEN TE background	428	0.85	8	18.6915887850467
BG_LTR_like_08788	Strict non-ONSEN TE background	397	0.85	0	0
BG_LTR_like_08789	Strict non-ONSEN TE background	1780	0.85	14	7.86516853932584
BG_LTR_like_08790	Strict non-ONSEN TE background	208	0.85	1	4.80769230769231
BG_LTR_like_08791	Strict non-ONSEN TE background	257	0.85	1	3.89105058365759
BG_LTR_like_08792	Strict non-ONSEN TE background	346	0.85	0	0
BG_LTR_like_08795	Strict non-ONSEN TE background	1703	0.85	10	5.87199060481503
BG_LTR_like_08796	Strict non-ONSEN TE background	1143	0.85	18	15.748031496063
BG_LTR_like_08797	Strict non-ONSEN TE background	619	0.85	6	9.69305331179321
BG_LTR_like_08798	Strict non-ONSEN TE background	833	0.85	3	3.60144057623049
BG_LTR_like_08801	Strict non-ONSEN TE background	548	0.85	0	0
BG_LTR_like_08802	Strict non-ONSEN TE background	711	0.85	6	8.43881856540084
BG_LTR_like_08803	Strict non-ONSEN TE background	468	0.85	3	6.41025641025641
BG_LTR_like_08804	Strict non-ONSEN TE background	694	0.85	4	5.76368876080692
BG_LTR_like_08805	Strict non-ONSEN TE background	1524	0.85	5	3.28083989501312
BG_LTR_like_08806	Strict non-ONSEN TE background	1281	0.85	9	7.02576112412178
BG_LTR_like_08807	Strict non-ONSEN TE background	1649	0.85	9	5.45785324439054
BG_LTR_like_08812	Strict non-ONSEN TE background	465	0.85	4	8.60215053763441
BG_LTR_like_08813	Strict non-ONSEN TE background	320	0.85	0	0
BG_LTR_like_08814	Strict non-ONSEN TE background	283	0.85	0	0
BG_LTR_like_08815	Strict non-ONSEN TE background	935	0.85	5	5.3475935828877
BG_LTR_like_08818	Strict non-ONSEN TE background	1164	0.85	20	17.1821305841924
BG_LTR_like_08819	Strict non-ONSEN TE background	357	0.85	0	0
BG_LTR_like_08820	Strict non-ONSEN TE background	419	0.85	1	2.38663484486874
BG_LTR_like_08821	Strict non-ONSEN TE background	1226	0.85	7	5.70962479608483
BG_LTR_like_08824	Strict non-ONSEN TE background	516	0.85	9	17.4418604651163
BG_LTR_like_08825	Strict non-ONSEN TE background	1428	0.85	39	27.3109243697479
BG_LTR_like_08826	Strict non-ONSEN TE background	693	0.85	11	15.8730158730159
BG_LTR_like_08827	Strict non-ONSEN TE background	891	0.85	8	8.97867564534231
BG_LTR_like_08828	Strict non-ONSEN TE background	1784	0.85	23	12.8923766816143
BG_LTR_like_08829	Strict non-ONSEN TE background	366	0.85	2	5.46448087431694
BG_LTR_like_08830	Strict non-ONSEN TE background	375	0.85	5	13.3333333333333
BG_LTR_like_08831	Strict non-ONSEN TE background	1050	0.85	7	6.66666666666667
BG_LTR_like_08832	Strict non-ONSEN TE background	765	0.85	2	2.61437908496732
BG_LTR_like_08833	Strict non-ONSEN TE background	326	0.85	0	0
BG_LTR_like_08834	Strict non-ONSEN TE background	1622	0.85	15	9.2478421701603
BG_LTR_like_08835	Strict non-ONSEN TE background	1148	0.85	24	20.9059233449477
BG_LTR_like_08836	Strict non-ONSEN TE background	459	0.85	1	2.17864923747277
BG_LTR_like_08837	Strict non-ONSEN TE background	1671	0.85	32	19.1502094554159
BG_LTR_like_08838	Strict non-ONSEN TE background	1500	0.85	14	9.33333333333333
BG_LTR_like_08845	Strict non-ONSEN TE background	877	0.85	5	5.70125427594071
BG_LTR_like_08846	Strict non-ONSEN TE background	1293	0.85	5	3.86697602474865
BG_LTR_like_08847	Strict non-ONSEN TE background	1778	0.85	17	9.56130483689539
BG_LTR_like_08848	Strict non-ONSEN TE background	817	0.85	1	1.22399020807834
BG_LTR_like_08849	Strict non-ONSEN TE background	1167	0.85	5	4.28449014567266
BG_LTR_like_08850	Strict non-ONSEN TE background	1143	0.85	8	6.99912510936133
BG_LTR_like_08851	Strict non-ONSEN TE background	1235	0.85	12	9.7165991902834
BG_LTR_like_08852	Strict non-ONSEN TE background	461	0.85	4	8.67678958785249
BG_LTR_like_08857	Strict non-ONSEN TE background	485	0.85	4	8.24742268041237
BG_LTR_like_08860	Strict non-ONSEN TE background	994	0.85	11	11.0663983903421
BG_LTR_like_08861	Strict non-ONSEN TE background	1170	0.85	5	4.27350427350427
BG_LTR_like_08862	Strict non-ONSEN TE background	491	0.85	3	6.10997963340122
BG_LTR_like_08863	Strict non-ONSEN TE background	221	0.85	2	9.04977375565611
BG_LTR_like_08864	Strict non-ONSEN TE background	212	0.85	1	4.71698113207547
BG_LTR_like_08865	Strict non-ONSEN TE background	1289	0.85	19	14.7401086113266
BG_LTR_like_08873	Strict non-ONSEN TE background	350	0.85	1	2.85714285714286
BG_LTR_like_08876	Strict non-ONSEN TE background	480	0.85	0	0
BG_LTR_like_08877	Strict non-ONSEN TE background	1147	0.85	23	20.052310374891
BG_LTR_like_08882	Strict non-ONSEN TE background	262	0.85	0	0
BG_LTR_like_08885	Strict non-ONSEN TE background	921	0.85	16	17.3724212812161
BG_LTR_like_08886	Strict non-ONSEN TE background	1736	0.85	14	8.06451612903226
BG_LTR_like_08887	Strict non-ONSEN TE background	1073	0.85	10	9.31966449207828
BG_LTR_like_08890	Strict non-ONSEN TE background	1165	0.85	14	12.0171673819742
BG_LTR_like_08891	Strict non-ONSEN TE background	1136	0.85	15	13.2042253521127
BG_LTR_like_08893	Strict non-ONSEN TE background	720	0.85	4	5.55555555555556
BG_LTR_like_08894	Strict non-ONSEN TE background	940	0.85	5	5.31914893617021
BG_LTR_like_08897	Strict non-ONSEN TE background	263	0.85	0	0
BG_LTR_like_08898	Strict non-ONSEN TE background	359	0.85	3	8.35654596100279
BG_LTR_like_08899	Strict non-ONSEN TE background	235	0.85	7	29.7872340425532
BG_LTR_like_08900	Strict non-ONSEN TE background	480	0.85	3	6.25
BG_LTR_like_08901	Strict non-ONSEN TE background	1104	0.85	15	13.5869565217391
BG_LTR_like_08902	Strict non-ONSEN TE background	492	0.85	3	6.09756097560976
BG_LTR_like_08903	Strict non-ONSEN TE background	216	0.85	0	0
BG_LTR_like_08904	Strict non-ONSEN TE background	1048	0.85	5	4.77099236641221
BG_LTR_like_08905	Strict non-ONSEN TE background	460	0.85	4	8.69565217391304
BG_LTR_like_08906	Strict non-ONSEN TE background	252	0.85	4	15.8730158730159
BG_LTR_like_08907	Strict non-ONSEN TE background	1065	0.85	7	6.57276995305164
BG_LTR_like_08908	Strict non-ONSEN TE background	486	0.85	7	14.40329218107
BG_LTR_like_08909	Strict non-ONSEN TE background	1059	0.85	2	1.88857412653447
BG_LTR_like_08910	Strict non-ONSEN TE background	304	0.85	0	0
BG_LTR_like_08911	Strict non-ONSEN TE background	859	0.85	11	12.8055878928987
BG_LTR_like_08912	Strict non-ONSEN TE background	1918	0.85	13	6.77789363920751
BG_LTR_like_08915	Strict non-ONSEN TE background	420	0.85	3	7.14285714285714
BG_LTR_like_08916	Strict non-ONSEN TE background	831	0.85	7	8.42358604091456
BG_LTR_like_08917	Strict non-ONSEN TE background	1783	0.85	8	4.48681996634885
BG_LTR_like_08922	Strict non-ONSEN TE background	1173	0.85	7	5.96760443307758
BG_LTR_like_08923	Strict non-ONSEN TE background	1446	0.85	27	18.6721991701245
BG_LTR_like_08926	Strict non-ONSEN TE background	1078	0.85	7	6.49350649350649
BG_LTR_like_08927	Strict non-ONSEN TE background	859	0.85	8	9.31315483119907
BG_LTR_like_08930	Strict non-ONSEN TE background	1003	0.85	19	18.9431704885344
BG_LTR_like_08931	Strict non-ONSEN TE background	368	0.85	0	0
BG_LTR_like_08932	Strict non-ONSEN TE background	1186	0.85	12	10.1180438448567
BG_LTR_like_08939	Strict non-ONSEN TE background	886	0.85	5	5.64334085778781
BG_LTR_like_08944	Strict non-ONSEN TE background	1165	0.85	15	12.8755364806867
BG_LTR_like_08945	Strict non-ONSEN TE background	263	0.85	5	19.0114068441065
BG_LTR_like_08946	Strict non-ONSEN TE background	901	0.85	27	29.9667036625971
BG_LTR_like_08947	Strict non-ONSEN TE background	443	0.85	15	33.8600451467269
BG_LTR_like_08948	Strict non-ONSEN TE background	830	0.85	26	31.3253012048193
BG_LTR_like_08949	Strict non-ONSEN TE background	276	0.85	3	10.8695652173913
BG_LTR_like_08950	Strict non-ONSEN TE background	1078	0.85	5	4.63821892393321
BG_LTR_like_08956	Strict non-ONSEN TE background	729	0.85	4	5.48696844993141
BG_LTR_like_08957	Strict non-ONSEN TE background	796	0.85	5	6.28140703517588
BG_LTR_like_08960	Strict non-ONSEN TE background	1119	0.85	7	6.25558534405719
BG_LTR_like_08963	Strict non-ONSEN TE background	1927	0.85	28	14.5303580695381
BG_LTR_like_08964	Strict non-ONSEN TE background	1241	0.85	4	3.2232070910556
BG_LTR_like_08981	Strict non-ONSEN TE background	213	0.85	1	4.69483568075117
BG_LTR_like_08982	Strict non-ONSEN TE background	219	0.85	5	22.8310502283105
BG_LTR_like_08983	Strict non-ONSEN TE background	1014	0.85	10	9.86193293885602
BG_LTR_like_08984	Strict non-ONSEN TE background	1515	0.85	9	5.94059405940594
BG_LTR_like_08985	Strict non-ONSEN TE background	698	0.85	11	15.7593123209169
BG_LTR_like_08986	Strict non-ONSEN TE background	259	0.85	5	19.3050193050193
BG_LTR_like_09001	Strict non-ONSEN TE background	226	0.85	5	22.1238938053097
BG_LTR_like_09002	Strict non-ONSEN TE background	208	0.85	1	4.80769230769231
BG_LTR_like_09003	Strict non-ONSEN TE background	1150	0.85	25	21.7391304347826
BG_LTR_like_09004	Strict non-ONSEN TE background	442	0.85	11	24.8868778280543
BG_LTR_like_09005	Strict non-ONSEN TE background	1543	0.85	25	16.202203499676
BG_LTR_like_09006	Strict non-ONSEN TE background	441	0.85	1	2.26757369614512
BG_LTR_like_09007	Strict non-ONSEN TE background	651	0.85	5	7.68049155145929
BG_LTR_like_09008	Strict non-ONSEN TE background	552	0.85	1	1.81159420289855
BG_LTR_like_09009	Strict non-ONSEN TE background	356	0.85	9	25.2808988764045
BG_LTR_like_09010	Strict non-ONSEN TE background	1414	0.85	9	6.36492220650636
BG_LTR_like_09011	Strict non-ONSEN TE background	1757	0.85	9	5.12236767216847
BG_LTR_like_09014	Strict non-ONSEN TE background	1218	0.85	8	6.56814449917898
BG_LTR_like_09015	Strict non-ONSEN TE background	1888	0.85	13	6.88559322033898
BG_LTR_like_09016	Strict non-ONSEN TE background	1763	0.85	13	7.37379466817924
BG_LTR_like_09019	Strict non-ONSEN TE background	1125	0.85	21	18.6666666666667
BG_LTR_like_09020	Strict non-ONSEN TE background	1999	0.85	19	9.50475237618809
BG_LTR_like_09021	Strict non-ONSEN TE background	1206	0.85	16	13.2669983416252
BG_LTR_like_09022	Strict non-ONSEN TE background	343	0.85	0	0
BG_LTR_like_09023	Strict non-ONSEN TE background	1107	0.85	4	3.613369467028
BG_LTR_like_09026	Strict non-ONSEN TE background	376	0.85	3	7.97872340425532
BG_LTR_like_09029	Strict non-ONSEN TE background	300	0.85	1	3.33333333333333
BG_LTR_like_09030	Strict non-ONSEN TE background	401	0.85	0	0
BG_LTR_like_09031	Strict non-ONSEN TE background	514	0.85	8	15.5642023346303
BG_LTR_like_09032	Strict non-ONSEN TE background	1114	0.85	13	11.6696588868941
BG_LTR_like_09033	Strict non-ONSEN TE background	806	0.85	7	8.6848635235732
BG_LTR_like_09034	Strict non-ONSEN TE background	312	0.85	0	0
BG_LTR_like_09035	Strict non-ONSEN TE background	1026	0.85	10	9.74658869395712
BG_LTR_like_09036	Strict non-ONSEN TE background	1499	0.85	16	10.6737825216811
BG_LTR_like_09037	Strict non-ONSEN TE background	1187	0.85	13	10.9519797809604
BG_LTR_like_09040	Strict non-ONSEN TE background	581	0.85	7	12.0481927710843
BG_LTR_like_09041	Strict non-ONSEN TE background	1252	0.85	6	4.79233226837061
BG_LTR_like_09042	Strict non-ONSEN TE background	411	0.85	2	4.8661800486618
BG_LTR_like_09043	Strict non-ONSEN TE background	1255	0.85	5	3.98406374501992
BG_LTR_like_09044	Strict non-ONSEN TE background	358	0.85	0	0
BG_LTR_like_09047	Strict non-ONSEN TE background	297	0.85	6	20.2020202020202
BG_LTR_like_09048	Strict non-ONSEN TE background	1750	0.85	12	6.85714285714286
BG_LTR_like_09049	Strict non-ONSEN TE background	615	0.85	4	6.50406504065041
BG_LTR_like_09050	Strict non-ONSEN TE background	601	0.85	6	9.98336106489185
BG_LTR_like_09051	Strict non-ONSEN TE background	1350	0.85	7	5.18518518518519
BG_LTR_like_09052	Strict non-ONSEN TE background	1350	0.85	7	5.18518518518519
BG_LTR_like_09053	Strict non-ONSEN TE background	470	0.85	0	0
BG_LTR_like_09054	Strict non-ONSEN TE background	1813	0.85	16	8.82515168229454
BG_LTR_like_09055	Strict non-ONSEN TE background	451	0.85	1	2.21729490022173
BG_LTR_like_09056	Strict non-ONSEN TE background	464	0.85	6	12.9310344827586
BG_LTR_like_09057	Strict non-ONSEN TE background	953	0.85	10	10.4931794333683
BG_LTR_like_09060	Strict non-ONSEN TE background	623	0.85	3	4.81540930979133
BG_LTR_like_09061	Strict non-ONSEN TE background	648	0.85	0	0
BG_LTR_like_09062	Strict non-ONSEN TE background	537	0.85	1	1.86219739292365
BG_LTR_like_09063	Strict non-ONSEN TE background	1494	0.85	8	5.35475234270415
BG_LTR_like_09064	Strict non-ONSEN TE background	715	0.85	7	9.79020979020979
BG_LTR_like_09065	Strict non-ONSEN TE background	839	0.85	8	9.53516090584029
BG_LTR_like_09066	Strict non-ONSEN TE background	1156	0.85	20	17.3010380622837
BG_LTR_like_09067	Strict non-ONSEN TE background	530	0.85	12	22.6415094339623
BG_LTR_like_09068	Strict non-ONSEN TE background	946	0.85	15	15.8562367864693
BG_LTR_like_09069	Strict non-ONSEN TE background	838	0.85	5	5.96658711217184
BG_LTR_like_09070	Strict non-ONSEN TE background	821	0.85	17	20.7064555420219
BG_LTR_like_09071	Strict non-ONSEN TE background	1782	0.85	14	7.85634118967452
BG_LTR_like_09072	Strict non-ONSEN TE background	1196	0.85	4	3.34448160535117
BG_LTR_like_09073	Strict non-ONSEN TE background	848	0.85	10	11.7924528301887
BG_LTR_like_09074	Strict non-ONSEN TE background	701	0.85	2	2.85306704707561
BG_LTR_like_09075	Strict non-ONSEN TE background	1624	0.85	13	8.00492610837438
BG_LTR_like_09076	Strict non-ONSEN TE background	205	0.85	3	14.6341463414634
BG_LTR_like_09077	Strict non-ONSEN TE background	382	0.85	2	5.23560209424084
BG_LTR_like_09080	Strict non-ONSEN TE background	654	0.85	0	0
BG_LTR_like_09081	Strict non-ONSEN TE background	444	0.85	1	2.25225225225225
BG_LTR_like_09082	Strict non-ONSEN TE background	1878	0.85	9	4.79233226837061
BG_LTR_like_09083	Strict non-ONSEN TE background	1484	0.85	9	6.06469002695418
BG_LTR_like_09084	Strict non-ONSEN TE background	203	0.85	1	4.92610837438424
BG_LTR_like_09085	Strict non-ONSEN TE background	1224	0.85	4	3.26797385620915
BG_LTR_like_09086	Strict non-ONSEN TE background	352	0.85	7	19.8863636363636
BG_LTR_like_09087	Strict non-ONSEN TE background	1323	0.85	9	6.80272108843537
BG_LTR_like_09088	Strict non-ONSEN TE background	1213	0.85	4	3.29760923330585
BG_LTR_like_09091	Strict non-ONSEN TE background	461	0.85	0	0
BG_LTR_like_09092	Strict non-ONSEN TE background	1324	0.85	5	3.77643504531722
BG_LTR_like_09093	Strict non-ONSEN TE background	1609	0.85	18	11.1870727159727
BG_LTR_like_09096	Strict non-ONSEN TE background	954	0.85	20	20.9643605870021
BG_LTR_like_09097	Strict non-ONSEN TE background	344	0.85	8	23.2558139534884
BG_LTR_like_09098	Strict non-ONSEN TE background	1496	0.85	7	4.67914438502674
BG_LTR_like_09105	Strict non-ONSEN TE background	1148	0.85	15	13.0662020905923
BG_LTR_like_09106	Strict non-ONSEN TE background	1632	0.85	3	1.83823529411765
BG_LTR_like_09111	Strict non-ONSEN TE background	1283	0.85	16	12.4707716289945
BG_LTR_like_09112	Strict non-ONSEN TE background	1321	0.85	8	6.0560181680545
BG_LTR_like_09113	Strict non-ONSEN TE background	338	0.85	1	2.9585798816568
BG_LTR_like_09114	Strict non-ONSEN TE background	441	0.85	4	9.0702947845805
BG_LTR_like_09117	Strict non-ONSEN TE background	749	0.85	2	2.67022696929239
BG_LTR_like_09118	Strict non-ONSEN TE background	1744	0.85	32	18.348623853211
BG_LTR_like_09119	Strict non-ONSEN TE background	464	0.85	7	15.0862068965517
BG_LTR_like_09120	Strict non-ONSEN TE background	411	0.85	3	7.2992700729927
BG_LTR_like_09121	Strict non-ONSEN TE background	1711	0.85	16	9.35125657510228
BG_LTR_like_09124	Strict non-ONSEN TE background	304	0.85	0	0
BG_LTR_like_09128	Strict non-ONSEN TE background	902	0.85	10	11.0864745011086
BG_LTR_like_09129	Strict non-ONSEN TE background	688	0.85	12	17.4418604651163
BG_LTR_like_09132	Strict non-ONSEN TE background	1820	0.85	7	3.84615384615385
BG_LTR_like_09135	Strict non-ONSEN TE background	470	0.85	1	2.12765957446809
BG_LTR_like_09136	Strict non-ONSEN TE background	224	0.85	0	0
BG_LTR_like_09137	Strict non-ONSEN TE background	832	0.85	10	12.0192307692308
BG_LTR_like_09140	Strict non-ONSEN TE background	209	0.85	3	14.3540669856459
BG_LTR_like_09143	Strict non-ONSEN TE background	1293	0.85	11	8.50734725444702
BG_LTR_like_09145	Strict non-ONSEN TE background	1728	0.85	19	10.9953703703704
BG_LTR_like_09146	Strict non-ONSEN TE background	1228	0.85	24	19.5439739413681
BG_LTR_like_09147	Strict non-ONSEN TE background	1212	0.85	5	4.12541254125413
BG_LTR_like_09148	Strict non-ONSEN TE background	389	0.85	5	12.853470437018
BG_LTR_like_09149	Strict non-ONSEN TE background	603	0.85	9	14.9253731343284
BG_LTR_like_09150	Strict non-ONSEN TE background	660	0.85	18	27.2727272727273
BG_LTR_like_09151	Strict non-ONSEN TE background	1412	0.85	17	12.0396600566572
BG_LTR_like_09152	Strict non-ONSEN TE background	399	0.85	4	10.0250626566416
BG_LTR_like_09153	Strict non-ONSEN TE background	1556	0.85	5	3.2133676092545
BG_LTR_like_09154	Strict non-ONSEN TE background	610	0.85	0	0
BG_LTR_like_09155	Strict non-ONSEN TE background	1228	0.85	7	5.70032573289902
BG_LTR_like_09156	Strict non-ONSEN TE background	1658	0.85	16	9.65018094089264
BG_LTR_like_09159	Strict non-ONSEN TE background	570	0.85	8	14.0350877192982
BG_LTR_like_09160	Strict non-ONSEN TE background	265	0.85	1	3.77358490566038
BG_LTR_like_09161	Strict non-ONSEN TE background	1912	0.85	21	10.9832635983264
BG_LTR_like_09162	Strict non-ONSEN TE background	445	0.85	2	4.49438202247191
BG_LTR_like_09163	Strict non-ONSEN TE background	1760	0.85	10	5.68181818181818
BG_LTR_like_09164	Strict non-ONSEN TE background	687	0.85	5	7.27802037845706
BG_LTR_like_09165	Strict non-ONSEN TE background	1833	0.85	25	13.6388434260775
BG_LTR_like_09168	Strict non-ONSEN TE background	574	0.85	1	1.74216027874564
BG_LTR_like_09169	Strict non-ONSEN TE background	448	0.85	3	6.69642857142857
BG_LTR_like_09170	Strict non-ONSEN TE background	720	0.85	7	9.72222222222222
BG_LTR_like_09171	Strict non-ONSEN TE background	1798	0.85	17	9.45494994438265
BG_LTR_like_09178	Strict non-ONSEN TE background	293	0.85	2	6.8259385665529
BG_LTR_like_09179	Strict non-ONSEN TE background	1190	0.85	20	16.8067226890756
BG_LTR_like_09180	Strict non-ONSEN TE background	318	0.85	4	12.5786163522013
BG_LTR_like_09183	Strict non-ONSEN TE background	547	0.85	8	14.6252285191956
BG_LTR_like_09184	Strict non-ONSEN TE background	1064	0.85	12	11.2781954887218
BG_LTR_like_09185	Strict non-ONSEN TE background	714	0.85	8	11.2044817927171
BG_LTR_like_09186	Strict non-ONSEN TE background	210	0.85	1	4.76190476190476
BG_LTR_like_09187	Strict non-ONSEN TE background	1460	0.85	12	8.21917808219178
BG_LTR_like_09188	Strict non-ONSEN TE background	895	0.85	1	1.11731843575419
BG_LTR_like_09193	Strict non-ONSEN TE background	1421	0.85	8	5.62983814215341
BG_LTR_like_09194	Strict non-ONSEN TE background	319	0.85	4	12.5391849529781
BG_LTR_like_09195	Strict non-ONSEN TE background	1464	0.85	6	4.0983606557377
BG_LTR_like_09200	Strict non-ONSEN TE background	229	0.85	1	4.36681222707424
BG_LTR_like_09201	Strict non-ONSEN TE background	206	0.85	0	0
BG_LTR_like_09202	Strict non-ONSEN TE background	351	0.85	3	8.54700854700855
BG_LTR_like_09203	Strict non-ONSEN TE background	825	0.85	9	10.9090909090909
BG_LTR_like_09204	Strict non-ONSEN TE background	1181	0.85	5	4.23370025402201
BG_LTR_like_09207	Strict non-ONSEN TE background	880	0.85	12	13.6363636363636
BG_LTR_like_09212	Strict non-ONSEN TE background	802	0.85	1	1.24688279301746
BG_LTR_like_09213	Strict non-ONSEN TE background	1215	0.85	15	12.3456790123457
BG_LTR_like_09214	Strict non-ONSEN TE background	203	0.85	1	4.92610837438424
BG_LTR_like_09215	Strict non-ONSEN TE background	1209	0.85	3	2.48138957816377
BG_LTR_like_09216	Strict non-ONSEN TE background	300	0.85	7	23.3333333333333
BG_LTR_like_09217	Strict non-ONSEN TE background	1723	0.85	5	2.90191526407429
BG_LTR_like_09220	Strict non-ONSEN TE background	556	0.85	1	1.79856115107914
BG_LTR_like_09221	Strict non-ONSEN TE background	1835	0.85	21	11.4441416893733
BG_LTR_like_09222	Strict non-ONSEN TE background	309	0.85	3	9.70873786407767
BG_LTR_like_09229	Strict non-ONSEN TE background	319	0.85	1	3.13479623824451
BG_LTR_like_09230	Strict non-ONSEN TE background	846	0.85	1	1.18203309692671
BG_LTR_like_09231	Strict non-ONSEN TE background	382	0.85	2	5.23560209424084
BG_LTR_like_09232	Strict non-ONSEN TE background	419	0.85	0	0
BG_LTR_like_09233	Strict non-ONSEN TE background	1163	0.85	25	21.4961306964746
BG_LTR_like_09234	Strict non-ONSEN TE background	1130	0.85	2	1.76991150442478
BG_LTR_like_09241	Strict non-ONSEN TE background	229	0.85	0	0
BG_LTR_like_09244	Strict non-ONSEN TE background	335	0.85	3	8.95522388059701
BG_LTR_like_09245	Strict non-ONSEN TE background	411	0.85	7	17.0316301703163
BG_LTR_like_09246	Strict non-ONSEN TE background	210	0.85	7	33.3333333333333
BG_LTR_like_09249	Strict non-ONSEN TE background	514	0.85	7	13.6186770428016
BG_LTR_like_09250	Strict non-ONSEN TE background	235	0.85	0	0
BG_LTR_like_09251	Strict non-ONSEN TE background	698	0.85	3	4.29799426934097
BG_LTR_like_09256	Strict non-ONSEN TE background	728	0.85	9	12.3626373626374
BG_LTR_like_09257	Strict non-ONSEN TE background	1152	0.85	5	4.34027777777778
BG_LTR_like_09258	Strict non-ONSEN TE background	640	0.85	17	26.5625
BG_LTR_like_09259	Strict non-ONSEN TE background	216	0.85	5	23.1481481481481
BG_LTR_like_09262	Strict non-ONSEN TE background	718	0.85	6	8.35654596100279
BG_LTR_like_09263	Strict non-ONSEN TE background	419	0.85	0	0
BG_LTR_like_09270	Strict non-ONSEN TE background	333	0.85	2	6.00600600600601
BG_LTR_like_09271	Strict non-ONSEN TE background	330	0.85	2	6.06060606060606
BG_LTR_like_09272	Strict non-ONSEN TE background	327	0.85	2	6.11620795107034
BG_LTR_like_09273	Strict non-ONSEN TE background	235	0.85	0	0
BG_LTR_like_09274	Strict non-ONSEN TE background	323	0.85	2	6.19195046439628
BG_LTR_like_09284	Strict non-ONSEN TE background	1661	0.85	11	6.62251655629139
BG_LTR_like_09298	Strict non-ONSEN TE background	209	0.85	1	4.78468899521531
BG_LTR_like_09301	Strict non-ONSEN TE background	1305	0.85	16	12.2605363984674
BG_LTR_like_09302	Strict non-ONSEN TE background	437	0.85	4	9.1533180778032
BG_LTR_like_09303	Strict non-ONSEN TE background	1915	0.85	5	2.61096605744125
BG_LTR_like_09306	Strict non-ONSEN TE background	886	0.85	11	12.4153498871332
BG_LTR_like_09310	Strict non-ONSEN TE background	247	0.85	2	8.09716599190283
BG_LTR_like_09311	Strict non-ONSEN TE background	982	0.85	4	4.07331975560081
BG_LTR_like_09316	Strict non-ONSEN TE background	1207	0.85	10	8.28500414250207
BG_LTR_like_09317	Strict non-ONSEN TE background	229	0.85	1	4.36681222707424
BG_LTR_like_09318	Strict non-ONSEN TE background	1544	0.85	8	5.18134715025907
BG_LTR_like_09321	Strict non-ONSEN TE background	1356	0.85	20	14.7492625368732
BG_LTR_like_09326	Strict non-ONSEN TE background	596	0.85	0	0
BG_LTR_like_09327	Strict non-ONSEN TE background	1550	0.85	6	3.87096774193548
BG_LTR_like_09330	Strict non-ONSEN TE background	623	0.85	11	17.6565008025682
BG_LTR_like_09337	Strict non-ONSEN TE background	261	0.85	0	0
BG_LTR_like_09338	Strict non-ONSEN TE background	471	0.85	6	12.7388535031847
BG_LTR_like_09369	Strict non-ONSEN TE background	481	0.85	10	20.7900207900208
BG_LTR_like_09370	Strict non-ONSEN TE background	233	0.85	1	4.29184549356223
BG_LTR_like_09371	Strict non-ONSEN TE background	1177	0.85	11	9.34579439252336
BG_LTR_like_09394	Strict non-ONSEN TE background	397	0.85	0	0
BG_LTR_like_09395	Strict non-ONSEN TE background	549	0.85	1	1.82149362477231
BG_LTR_like_09442	Strict non-ONSEN TE background	224	0.85	2	8.92857142857143
BG_LTR_like_09443	Strict non-ONSEN TE background	291	0.85	7	24.0549828178694
BG_LTR_like_09450	Strict non-ONSEN TE background	238	0.85	0	0
BG_LTR_like_09453	Strict non-ONSEN TE background	1026	0.85	4	3.89863547758285
BG_LTR_like_09454	Strict non-ONSEN TE background	304	0.85	1	3.28947368421053
BG_LTR_like_09479	Strict non-ONSEN TE background	277	0.85	0	0
BG_LTR_like_09486	Strict non-ONSEN TE background	1186	0.85	26	21.9224283305228
BG_LTR_like_09489	Strict non-ONSEN TE background	333	0.85	2	6.00600600600601
BG_LTR_like_09490	Strict non-ONSEN TE background	539	0.85	3	5.56586270871985
BG_LTR_like_09520	Strict non-ONSEN TE background	446	0.85	2	4.48430493273543
BG_LTR_like_09530	Strict non-ONSEN TE background	1186	0.85	13	10.9612141652614
BG_LTR_like_09531	Strict non-ONSEN TE background	554	0.85	9	16.2454873646209
BG_LTR_like_09566	Strict non-ONSEN TE background	403	0.85	1	2.48138957816377
BG_LTR_like_09599	Strict non-ONSEN TE background	565	0.85	6	10.6194690265487
BG_LTR_like_09600	Strict non-ONSEN TE background	672	0.85	5	7.44047619047619
BG_LTR_like_09603	Strict non-ONSEN TE background	444	0.85	0	0
BG_LTR_like_09616	Strict non-ONSEN TE background	202	0.85	1	4.95049504950495
BG_LTR_like_09623	Strict non-ONSEN TE background	377	0.85	3	7.95755968169761
BG_LTR_like_09624	Strict non-ONSEN TE background	769	0.85	3	3.90117035110533
BG_LTR_like_09716	Strict non-ONSEN TE background	480	0.85	1	2.08333333333333
BG_LTR_like_09717	Strict non-ONSEN TE background	237	0.85	2	8.43881856540084
BG_LTR_like_09720	Strict non-ONSEN TE background	310	0.85	5	16.1290322580645
BG_LTR_like_09721	Strict non-ONSEN TE background	503	0.85	2	3.97614314115308
BG_LTR_like_09722	Strict non-ONSEN TE background	286	0.85	0	0
BG_LTR_like_09789	Strict non-ONSEN TE background	357	0.85	7	19.6078431372549
BG_LTR_like_09790	Strict non-ONSEN TE background	1438	0.85	22	15.2990264255911
BG_LTR_like_09814	Strict non-ONSEN TE background	223	0.85	0	0
BG_LTR_like_09834	Strict non-ONSEN TE background	203	0.85	7	34.4827586206897
BG_LTR_like_09835	Strict non-ONSEN TE background	407	0.85	7	17.1990171990172
BG_LTR_like_09876	Strict non-ONSEN TE background	280	0.85	2	7.14285714285714
BG_LTR_like_09925	Strict non-ONSEN TE background	945	0.85	7	7.40740740740741
BG_LTR_like_09936	Strict non-ONSEN TE background	416	0.85	6	14.4230769230769
BG_LTR_like_09942	Strict non-ONSEN TE background	1532	0.85	13	8.48563968668407
BG_LTR_like_09959	Strict non-ONSEN TE background	1080	0.85	6	5.55555555555556
BG_LTR_like_09960	Strict non-ONSEN TE background	574	0.85	3	5.22648083623693
BG_LTR_like_09961	Strict non-ONSEN TE background	265	0.85	2	7.54716981132075
BG_LTR_like_10193	Strict non-ONSEN TE background	218	0.85	0	0
BG_LTR_like_10300	Strict non-ONSEN TE background	889	0.85	12	13.4983127109111
BG_LTR_like_10377	Strict non-ONSEN TE background	426	0.85	2	4.69483568075117
BG_LTR_like_10401	Strict non-ONSEN TE background	456	0.85	5	10.9649122807018
BG_LTR_like_10402	Strict non-ONSEN TE background	714	0.85	12	16.8067226890756
BG_LTR_like_10413	Strict non-ONSEN TE background	1723	0.85	13	7.54497968659315
BG_LTR_like_10416	Strict non-ONSEN TE background	686	0.85	9	13.1195335276968
BG_LTR_like_10419	Strict non-ONSEN TE background	1401	0.85	14	9.99286224125625
BG_LTR_like_10420	Strict non-ONSEN TE background	275	0.85	0	0
BG_LTR_like_10423	Strict non-ONSEN TE background	1779	0.85	4	2.24845418774592
BG_LTR_like_10424	Strict non-ONSEN TE background	891	0.85	4	4.48933782267116
BG_LTR_like_10425	Strict non-ONSEN TE background	1532	0.85	21	13.7075718015666
BG_LTR_like_10432	Strict non-ONSEN TE background	244	0.85	0	0
BG_LTR_like_10435	Strict non-ONSEN TE background	673	0.85	4	5.94353640416047
BG_LTR_like_10436	Strict non-ONSEN TE background	1141	0.85	7	6.13496932515337
BG_LTR_like_10437	Strict non-ONSEN TE background	451	0.85	0	0
BG_LTR_like_10438	Strict non-ONSEN TE background	1270	0.85	4	3.1496062992126
BG_LTR_like_10439	Strict non-ONSEN TE background	1697	0.85	17	10.0176782557454
BG_LTR_like_10440	Strict non-ONSEN TE background	236	0.85	0	0
BG_LTR_like_10445	Strict non-ONSEN TE background	972	0.85	3	3.08641975308642
BG_LTR_like_10446	Strict non-ONSEN TE background	1181	0.85	21	17.7815410668925
BG_LTR_like_10447	Strict non-ONSEN TE background	763	0.85	4	5.24246395806029
BG_LTR_like_10450	Strict non-ONSEN TE background	717	0.85	4	5.57880055788006
BG_LTR_like_10451	Strict non-ONSEN TE background	457	0.85	3	6.56455142231947
BG_LTR_like_10452	Strict non-ONSEN TE background	1230	0.85	27	21.9512195121951
BG_LTR_like_10457	Strict non-ONSEN TE background	1157	0.85	18	15.5574762316335
BG_LTR_like_10458	Strict non-ONSEN TE background	348	0.85	2	5.74712643678161
BG_LTR_like_10463	Strict non-ONSEN TE background	251	0.85	1	3.98406374501992
BG_LTR_like_10464	Strict non-ONSEN TE background	267	0.85	1	3.74531835205992
BG_LTR_like_10470	Strict non-ONSEN TE background	227	0.85	0	0
BG_LTR_like_10471	Strict non-ONSEN TE background	248	0.85	2	8.06451612903226
BG_LTR_like_10475	Strict non-ONSEN TE background	425	0.85	13	30.5882352941176
BG_LTR_like_10476	Strict non-ONSEN TE background	203	0.85	0	0
BG_LTR_like_10477	Strict non-ONSEN TE background	807	0.85	6	7.43494423791822
BG_LTR_like_10478	Strict non-ONSEN TE background	983	0.85	14	14.2421159715158
BG_LTR_like_10479	Strict non-ONSEN TE background	308	0.85	9	29.2207792207792
BG_LTR_like_10480	Strict non-ONSEN TE background	497	0.85	9	18.1086519114688
BG_LTR_like_10481	Strict non-ONSEN TE background	884	0.85	3	3.39366515837104
BG_LTR_like_10482	Strict non-ONSEN TE background	1496	0.85	11	7.35294117647059
BG_LTR_like_10485	Strict non-ONSEN TE background	1415	0.85	21	14.8409893992933
BG_LTR_like_10488	Strict non-ONSEN TE background	828	0.85	11	13.2850241545894
BG_LTR_like_10495	Strict non-ONSEN TE background	546	0.85	2	3.66300366300366
BG_LTR_like_10496	Strict non-ONSEN TE background	650	0.85	5	7.69230769230769
BG_LTR_like_10497	Strict non-ONSEN TE background	284	0.85	2	7.04225352112676
BG_LTR_like_10498	Strict non-ONSEN TE background	273	0.85	0	0
BG_LTR_like_10500	Strict non-ONSEN TE background	1170	0.85	5	4.27350427350427
BG_LTR_like_10503	Strict non-ONSEN TE background	213	0.85	0	0
BG_LTR_like_10504	Strict non-ONSEN TE background	300	0.85	4	13.3333333333333
BG_LTR_like_10505	Strict non-ONSEN TE background	883	0.85	4	4.53001132502831
BG_LTR_like_10506	Strict non-ONSEN TE background	221	0.85	1	4.52488687782805
BG_LTR_like_10509	Strict non-ONSEN TE background	592	0.85	1	1.68918918918919
BG_LTR_like_10510	Strict non-ONSEN TE background	1692	0.85	7	4.1371158392435
BG_LTR_like_10511	Strict non-ONSEN TE background	1558	0.85	4	2.56739409499358
BG_LTR_like_10514	Strict non-ONSEN TE background	488	0.85	9	18.4426229508197
BG_LTR_like_10515	Strict non-ONSEN TE background	1456	0.85	4	2.74725274725275
BG_LTR_like_10516	Strict non-ONSEN TE background	1721	0.85	26	15.1074956420686
BG_LTR_like_10517	Strict non-ONSEN TE background	395	0.85	0	0
BG_LTR_like_10520	Strict non-ONSEN TE background	302	0.85	10	33.112582781457
BG_LTR_like_10521	Strict non-ONSEN TE background	1383	0.85	7	5.06146059291396
BG_LTR_like_10522	Strict non-ONSEN TE background	589	0.85	10	16.9779286926995
BG_LTR_like_10523	Strict non-ONSEN TE background	280	0.85	1	3.57142857142857
BG_LTR_like_10524	Strict non-ONSEN TE background	1255	0.85	14	11.1553784860558
BG_LTR_like_10525	Strict non-ONSEN TE background	317	0.85	0	0
BG_LTR_like_10526	Strict non-ONSEN TE background	1272	0.85	11	8.64779874213836
BG_LTR_like_10527	Strict non-ONSEN TE background	1246	0.85	10	8.02568218298555
BG_LTR_like_10528	Strict non-ONSEN TE background	896	0.85	17	18.9732142857143
BG_LTR_like_10529	Strict non-ONSEN TE background	924	0.85	1	1.08225108225108
BG_LTR_like_10530	Strict non-ONSEN TE background	1255	0.85	9	7.17131474103586
BG_LTR_like_10531	Strict non-ONSEN TE background	641	0.85	3	4.6801872074883
BG_LTR_like_10532	Strict non-ONSEN TE background	1193	0.85	15	12.5733445096396
BG_LTR_like_10533	Strict non-ONSEN TE background	1550	0.85	24	15.4838709677419
BG_LTR_like_10534	Strict non-ONSEN TE background	587	0.85	11	18.7393526405451
BG_LTR_like_10537	Strict non-ONSEN TE background	853	0.85	13	15.2403282532239
BG_LTR_like_10538	Strict non-ONSEN TE background	1482	0.85	6	4.04858299595142
BG_LTR_like_10539	Strict non-ONSEN TE background	418	0.85	3	7.17703349282297
BG_LTR_like_10542	Strict non-ONSEN TE background	262	0.85	1	3.81679389312977
BG_LTR_like_10543	Strict non-ONSEN TE background	930	0.85	13	13.9784946236559
BG_LTR_like_10544	Strict non-ONSEN TE background	1038	0.85	6	5.78034682080925
BG_LTR_like_10545	Strict non-ONSEN TE background	1225	0.85	14	11.4285714285714
BG_LTR_like_10548	Strict non-ONSEN TE background	578	0.85	2	3.46020761245675
BG_LTR_like_10549	Strict non-ONSEN TE background	392	0.85	0	0
BG_LTR_like_10550	Strict non-ONSEN TE background	1203	0.85	9	7.48129675810474
BG_LTR_like_10551	Strict non-ONSEN TE background	1184	0.85	7	5.91216216216216
BG_LTR_like_10552	Strict non-ONSEN TE background	1300	0.85	7	5.38461538461538
BG_LTR_like_10553	Strict non-ONSEN TE background	500	0.85	0	0
BG_LTR_like_10554	Strict non-ONSEN TE background	306	0.85	0	0
BG_LTR_like_10555	Strict non-ONSEN TE background	1571	0.85	7	4.45576066199873
BG_LTR_like_10558	Strict non-ONSEN TE background	210	0.85	0	0
BG_LTR_like_10559	Strict non-ONSEN TE background	547	0.85	9	16.4533820840951
BG_LTR_like_10560	Strict non-ONSEN TE background	1279	0.85	6	4.69116497263487
BG_LTR_like_10563	Strict non-ONSEN TE background	524	0.85	3	5.72519083969466
BG_LTR_like_10566	Strict non-ONSEN TE background	708	0.85	5	7.06214689265537
BG_LTR_like_10567	Strict non-ONSEN TE background	581	0.85	0	0
BG_LTR_like_10568	Strict non-ONSEN TE background	637	0.85	10	15.6985871271586
BG_LTR_like_10569	Strict non-ONSEN TE background	1132	0.85	6	5.30035335689046
BG_LTR_like_10570	Strict non-ONSEN TE background	1457	0.85	3	2.05902539464653
BG_LTR_like_10571	Strict non-ONSEN TE background	675	0.85	8	11.8518518518519
BG_LTR_like_10572	Strict non-ONSEN TE background	636	0.85	8	12.5786163522013
BG_LTR_like_10573	Strict non-ONSEN TE background	1026	0.85	6	5.84795321637427
BG_LTR_like_10574	Strict non-ONSEN TE background	332	0.85	0	0
BG_LTR_like_10575	Strict non-ONSEN TE background	801	0.85	8	9.98751560549313
BG_LTR_like_10576	Strict non-ONSEN TE background	1632	0.85	6	3.67647058823529
BG_LTR_like_10577	Strict non-ONSEN TE background	280	0.85	2	7.14285714285714
BG_LTR_like_10578	Strict non-ONSEN TE background	990	0.85	9	9.09090909090909
BG_LTR_like_10579	Strict non-ONSEN TE background	312	0.85	1	3.20512820512821
BG_LTR_like_10580	Strict non-ONSEN TE background	238	0.85	0	0
BG_LTR_like_10587	Strict non-ONSEN TE background	1623	0.85	20	12.3228589032656
BG_LTR_like_10588	Strict non-ONSEN TE background	1571	0.85	15	9.54805856142584
BG_LTR_like_10589	Strict non-ONSEN TE background	1205	0.85	15	12.448132780083
BG_LTR_like_10596	Strict non-ONSEN TE background	788	0.85	10	12.6903553299492
BG_LTR_like_10597	Strict non-ONSEN TE background	1517	0.85	23	15.161502966381
BG_LTR_like_10598	Strict non-ONSEN TE background	508	0.85	8	15.748031496063
BG_LTR_like_10599	Strict non-ONSEN TE background	807	0.85	5	6.19578686493185
BG_LTR_like_10600	Strict non-ONSEN TE background	1041	0.85	6	5.76368876080692
BG_LTR_like_10601	Strict non-ONSEN TE background	347	0.85	2	5.76368876080692
BG_LTR_like_10602	Strict non-ONSEN TE background	250	0.85	1	4
BG_LTR_like_10603	Strict non-ONSEN TE background	486	0.85	0	0
BG_LTR_like_10606	Strict non-ONSEN TE background	315	0.85	2	6.34920634920635
BG_LTR_like_10607	Strict non-ONSEN TE background	421	0.85	10	23.7529691211401
BG_LTR_like_10608	Strict non-ONSEN TE background	1766	0.85	24	13.5900339750849
BG_LTR_like_10609	Strict non-ONSEN TE background	415	0.85	0	0
BG_LTR_like_10610	Strict non-ONSEN TE background	1784	0.85	11	6.16591928251121
BG_LTR_like_10611	Strict non-ONSEN TE background	927	0.85	17	18.3387270765912
BG_LTR_like_10612	Strict non-ONSEN TE background	1708	0.85	11	6.44028103044497
BG_LTR_like_10615	Strict non-ONSEN TE background	806	0.85	7	8.6848635235732
BG_LTR_like_10616	Strict non-ONSEN TE background	1699	0.85	7	4.12007062978222
BG_LTR_like_10617	Strict non-ONSEN TE background	1144	0.85	10	8.74125874125874
BG_LTR_like_10618	Strict non-ONSEN TE background	268	0.85	0	0
BG_LTR_like_10619	Strict non-ONSEN TE background	240	0.85	2	8.33333333333333
BG_LTR_like_10620	Strict non-ONSEN TE background	317	0.85	1	3.15457413249211
BG_LTR_like_10621	Strict non-ONSEN TE background	1129	0.85	16	14.1718334809566
BG_LTR_like_10622	Strict non-ONSEN TE background	557	0.85	1	1.79533213644524
BG_LTR_like_10625	Strict non-ONSEN TE background	458	0.85	2	4.36681222707424
BG_LTR_like_10626	Strict non-ONSEN TE background	1812	0.85	19	10.485651214128
BG_LTR_like_10627	Strict non-ONSEN TE background	590	0.85	5	8.47457627118644
BG_LTR_like_10628	Strict non-ONSEN TE background	270	0.85	0	0
BG_LTR_like_10629	Strict non-ONSEN TE background	223	0.85	1	4.48430493273543
BG_LTR_like_10630	Strict non-ONSEN TE background	452	0.85	10	22.1238938053097
BG_LTR_like_10631	Strict non-ONSEN TE background	249	0.85	0	0
BG_LTR_like_10636	Strict non-ONSEN TE background	486	0.85	3	6.17283950617284
BG_LTR_like_10637	Strict non-ONSEN TE background	1529	0.85	21	13.734466971877
BG_LTR_like_10638	Strict non-ONSEN TE background	632	0.85	2	3.16455696202532
BG_LTR_like_10641	Strict non-ONSEN TE background	681	0.85	7	10.2790014684288
BG_LTR_like_10644	Strict non-ONSEN TE background	1277	0.85	17	13.3124510571652
BG_LTR_like_10645	Strict non-ONSEN TE background	509	0.85	1	1.96463654223969
BG_LTR_like_10646	Strict non-ONSEN TE background	1742	0.85	13	7.46268656716418
BG_LTR_like_10649	Strict non-ONSEN TE background	329	0.85	1	3.03951367781155
BG_LTR_like_10650	Strict non-ONSEN TE background	1009	0.85	14	13.8751238850347
BG_LTR_like_10651	Strict non-ONSEN TE background	1613	0.85	4	2.47985120892746
BG_LTR_like_10656	Strict non-ONSEN TE background	924	0.85	9	9.74025974025974
BG_LTR_like_10657	Strict non-ONSEN TE background	629	0.85	3	4.76947535771065
BG_LTR_like_10658	Strict non-ONSEN TE background	277	0.85	0	0
BG_LTR_like_10659	Strict non-ONSEN TE background	1418	0.85	7	4.93653032440056
BG_LTR_like_10660	Strict non-ONSEN TE background	1132	0.85	4	3.53356890459364
BG_LTR_like_10661	Strict non-ONSEN TE background	1726	0.85	22	12.7462340672074
BG_LTR_like_10666	Strict non-ONSEN TE background	495	0.85	0	0
BG_LTR_like_10673	Strict non-ONSEN TE background	261	0.85	3	11.4942528735632
BG_LTR_like_10676	Strict non-ONSEN TE background	1468	0.85	7	4.76839237057221
BG_LTR_like_10677	Strict non-ONSEN TE background	1204	0.85	13	10.797342192691
BG_LTR_like_10678	Strict non-ONSEN TE background	949	0.85	4	4.21496311907271
BG_LTR_like_10681	Strict non-ONSEN TE background	595	0.85	17	28.5714285714286
BG_LTR_like_10682	Strict non-ONSEN TE background	1188	0.85	13	10.9427609427609
BG_LTR_like_10683	Strict non-ONSEN TE background	1715	0.85	21	12.2448979591837
BG_LTR_like_10688	Strict non-ONSEN TE background	1164	0.85	22	18.9003436426117
BG_LTR_like_10689	Strict non-ONSEN TE background	208	0.85	0	0
BG_LTR_like_10690	Strict non-ONSEN TE background	1551	0.85	21	13.5396518375242
BG_LTR_like_10691	Strict non-ONSEN TE background	318	0.85	1	3.14465408805031
BG_LTR_like_10692	Strict non-ONSEN TE background	347	0.85	9	25.9365994236311
BG_LTR_like_10697	Strict non-ONSEN TE background	1457	0.85	5	3.43170899107756
BG_LTR_like_10698	Strict non-ONSEN TE background	249	0.85	2	8.03212851405623
BG_LTR_like_10699	Strict non-ONSEN TE background	1058	0.85	5	4.72589792060491
BG_LTR_like_10700	Strict non-ONSEN TE background	542	0.85	6	11.070110701107
BG_LTR_like_10701	Strict non-ONSEN TE background	1017	0.85	9	8.8495575221239
BG_LTR_like_10702	Strict non-ONSEN TE background	1535	0.85	16	10.4234527687296
BG_LTR_like_10703	Strict non-ONSEN TE background	1328	0.85	8	6.02409638554217
BG_LTR_like_10704	Strict non-ONSEN TE background	394	0.85	0	0
BG_LTR_like_10705	Strict non-ONSEN TE background	727	0.85	1	1.37551581843191
BG_LTR_like_10706	Strict non-ONSEN TE background	426	0.85	0	0
BG_LTR_like_10707	Strict non-ONSEN TE background	522	0.85	11	21.0727969348659
BG_LTR_like_10708	Strict non-ONSEN TE background	796	0.85	6	7.53768844221105
BG_LTR_like_10711	Strict non-ONSEN TE background	1726	0.85	9	5.2143684820394
BG_LTR_like_10712	Strict non-ONSEN TE background	708	0.85	1	1.41242937853107
BG_LTR_like_10713	Strict non-ONSEN TE background	714	0.85	3	4.20168067226891
BG_LTR_like_10714	Strict non-ONSEN TE background	1388	0.85	12	8.64553314121038
BG_LTR_like_10715	Strict non-ONSEN TE background	339	0.85	1	2.94985250737463
BG_LTR_like_10716	Strict non-ONSEN TE background	1662	0.85	8	4.81347773766546
BG_LTR_like_10717	Strict non-ONSEN TE background	544	0.85	6	11.0294117647059
BG_LTR_like_10718	Strict non-ONSEN TE background	1860	0.85	37	19.8924731182796
BG_LTR_like_10719	Strict non-ONSEN TE background	851	0.85	1	1.17508813160987
BG_LTR_like_10720	Strict non-ONSEN TE background	210	0.85	3	14.2857142857143
BG_LTR_like_10723	Strict non-ONSEN TE background	1164	0.85	28	24.0549828178694
BG_LTR_like_10726	Strict non-ONSEN TE background	208	0.85	2	9.61538461538462
BG_LTR_like_10727	Strict non-ONSEN TE background	1906	0.85	18	9.44386149003148
BG_LTR_like_10730	Strict non-ONSEN TE background	974	0.85	11	11.2936344969199
BG_LTR_like_10731	Strict non-ONSEN TE background	1204	0.85	19	15.78073089701
BG_LTR_like_10734	Strict non-ONSEN TE background	776	0.85	15	19.3298969072165
BG_LTR_like_10735	Strict non-ONSEN TE background	787	0.85	7	8.89453621346887
BG_LTR_like_10738	Strict non-ONSEN TE background	1200	0.85	12	10
BG_LTR_like_10739	Strict non-ONSEN TE background	1529	0.85	13	8.50228907782865
BG_LTR_like_10740	Strict non-ONSEN TE background	1497	0.85	15	10.0200400801603
BG_LTR_like_10741	Strict non-ONSEN TE background	1067	0.85	7	6.56044985941893
BG_LTR_like_10742	Strict non-ONSEN TE background	1645	0.85	15	9.11854103343465
BG_LTR_like_10745	Strict non-ONSEN TE background	720	0.85	2	2.77777777777778
BG_LTR_like_10746	Strict non-ONSEN TE background	611	0.85	30	49.0998363338789
BG_LTR_like_10749	Strict non-ONSEN TE background	213	0.85	0	0
BG_LTR_like_10756	Strict non-ONSEN TE background	568	0.85	6	10.5633802816901
BG_LTR_like_10757	Strict non-ONSEN TE background	506	0.85	6	11.8577075098814
BG_LTR_like_10758	Strict non-ONSEN TE background	1549	0.85	18	11.6204002582311
BG_LTR_like_10759	Strict non-ONSEN TE background	1607	0.85	14	8.71188550093342
BG_LTR_like_10760	Strict non-ONSEN TE background	464	0.85	0	0
BG_LTR_like_10761	Strict non-ONSEN TE background	243	0.85	0	0
BG_LTR_like_10762	Strict non-ONSEN TE background	541	0.85	5	9.24214417744917
BG_LTR_like_10763	Strict non-ONSEN TE background	857	0.85	20	23.3372228704784
BG_LTR_like_10764	Strict non-ONSEN TE background	297	0.85	3	10.1010101010101
BG_LTR_like_10765	Strict non-ONSEN TE background	1550	0.85	4	2.58064516129032
BG_LTR_like_10766	Strict non-ONSEN TE background	1073	0.85	8	7.45573159366263
BG_LTR_like_10767	Strict non-ONSEN TE background	574	0.85	13	22.6480836236934
BG_LTR_like_10772	Strict non-ONSEN TE background	230	0.85	2	8.69565217391304
BG_LTR_like_10773	Strict non-ONSEN TE background	475	0.85	4	8.42105263157895
BG_LTR_like_10774	Strict non-ONSEN TE background	1543	0.85	22	14.2579390797148
BG_LTR_like_10775	Strict non-ONSEN TE background	239	0.85	1	4.18410041841004
BG_LTR_like_10776	Strict non-ONSEN TE background	1074	0.85	27	25.1396648044693
BG_LTR_like_10777	Strict non-ONSEN TE background	1064	0.85	16	15.0375939849624
BG_LTR_like_10778	Strict non-ONSEN TE background	317	0.85	4	12.6182965299685
BG_LTR_like_10779	Strict non-ONSEN TE background	599	0.85	4	6.67779632721202
BG_LTR_like_10782	Strict non-ONSEN TE background	1667	0.85	25	14.99700059988
BG_LTR_like_10783	Strict non-ONSEN TE background	241	0.85	1	4.149377593361
BG_LTR_like_10784	Strict non-ONSEN TE background	272	0.85	6	22.0588235294118
BG_LTR_like_10788	Strict non-ONSEN TE background	1011	0.85	3	2.9673590504451
BG_LTR_like_10789	Strict non-ONSEN TE background	401	0.85	4	9.97506234413965
BG_LTR_like_10792	Strict non-ONSEN TE background	1350	0.85	8	5.92592592592593
BG_LTR_like_10795	Strict non-ONSEN TE background	1577	0.85	24	15.2187698161065
BG_LTR_like_10796	Strict non-ONSEN TE background	1750	0.85	8	4.57142857142857
BG_LTR_like_10797	Strict non-ONSEN TE background	1738	0.85	27	15.5350978135788
BG_LTR_like_10800	Strict non-ONSEN TE background	1140	0.85	14	12.280701754386
BG_LTR_like_10803	Strict non-ONSEN TE background	1235	0.85	5	4.04858299595142
BG_LTR_like_10804	Strict non-ONSEN TE background	1911	0.85	25	13.0821559392988
BG_LTR_like_10805	Strict non-ONSEN TE background	283	0.85	1	3.53356890459364
BG_LTR_like_10806	Strict non-ONSEN TE background	1647	0.85	30	18.2149362477231
BG_LTR_like_10809	Strict non-ONSEN TE background	1807	0.85	20	11.0680686220255
BG_LTR_like_10812	Strict non-ONSEN TE background	1575	0.85	9	5.71428571428571
BG_LTR_like_10815	Strict non-ONSEN TE background	1010	0.85	10	9.9009900990099
BG_LTR_like_10816	Strict non-ONSEN TE background	641	0.85	4	6.2402496099844
BG_LTR_like_10817	Strict non-ONSEN TE background	555	0.85	21	37.8378378378378
BG_LTR_like_10818	Strict non-ONSEN TE background	772	0.85	8	10.3626943005181
BG_LTR_like_10819	Strict non-ONSEN TE background	647	0.85	4	6.18238021638331
BG_LTR_like_10820	Strict non-ONSEN TE background	1590	0.85	8	5.0314465408805
BG_LTR_like_10821	Strict non-ONSEN TE background	651	0.85	2	3.07219662058372
BG_LTR_like_10822	Strict non-ONSEN TE background	1133	0.85	13	11.4739629302736
BG_LTR_like_10823	Strict non-ONSEN TE background	466	0.85	7	15.0214592274678
BG_LTR_like_10824	Strict non-ONSEN TE background	426	0.85	9	21.1267605633803
BG_LTR_like_10825	Strict non-ONSEN TE background	1517	0.85	5	3.295978905735
BG_LTR_like_10826	Strict non-ONSEN TE background	204	0.85	1	4.90196078431373
BG_LTR_like_10827	Strict non-ONSEN TE background	286	0.85	2	6.99300699300699
BG_LTR_like_10830	Strict non-ONSEN TE background	1074	0.85	5	4.65549348230912
BG_LTR_like_10833	Strict non-ONSEN TE background	632	0.85	3	4.74683544303797
BG_LTR_like_10834	Strict non-ONSEN TE background	1831	0.85	10	5.46149645002731
BG_LTR_like_10845	Strict non-ONSEN TE background	1174	0.85	28	23.8500851788756
BG_LTR_like_10848	Strict non-ONSEN TE background	229	0.85	0	0
BG_LTR_like_10849	Strict non-ONSEN TE background	330	0.85	3	9.09090909090909
BG_LTR_like_10850	Strict non-ONSEN TE background	212	0.85	1	4.71698113207547
BG_LTR_like_10851	Strict non-ONSEN TE background	549	0.85	8	14.5719489981785
BG_LTR_like_10852	Strict non-ONSEN TE background	334	0.85	5	14.9700598802395
BG_LTR_like_10853	Strict non-ONSEN TE background	1329	0.85	11	8.27689992475545
BG_LTR_like_10854	Strict non-ONSEN TE background	595	0.85	0	0
BG_LTR_like_10855	Strict non-ONSEN TE background	1246	0.85	12	9.63081861958266
BG_LTR_like_10856	Strict non-ONSEN TE background	1381	0.85	12	8.68935553946416
BG_LTR_like_10857	Strict non-ONSEN TE background	967	0.85	14	14.4777662874871
BG_LTR_like_10858	Strict non-ONSEN TE background	643	0.85	6	9.33125972006221
BG_LTR_like_10859	Strict non-ONSEN TE background	448	0.85	0	0
BG_LTR_like_10860	Strict non-ONSEN TE background	450	0.85	8	17.7777777777778
BG_LTR_like_10865	Strict non-ONSEN TE background	1096	0.85	7	6.38686131386861
BG_LTR_like_10869	Strict non-ONSEN TE background	1001	0.85	4	3.996003996004
BG_LTR_like_10872	Strict non-ONSEN TE background	1902	0.85	11	5.78338590956888
BG_LTR_like_10875	Strict non-ONSEN TE background	219	0.85	1	4.5662100456621
BG_LTR_like_10876	Strict non-ONSEN TE background	321	0.85	4	12.4610591900312
BG_LTR_like_10879	Strict non-ONSEN TE background	292	0.85	1	3.42465753424658
BG_LTR_like_10880	Strict non-ONSEN TE background	715	0.85	2	2.7972027972028
BG_LTR_like_10891	Strict non-ONSEN TE background	207	0.85	1	4.83091787439614
BG_LTR_like_10892	Strict non-ONSEN TE background	342	0.85	4	11.6959064327485
BG_LTR_like_10893	Strict non-ONSEN TE background	452	0.85	2	4.42477876106195
BG_LTR_like_10894	Strict non-ONSEN TE background	250	0.85	0	0
BG_LTR_like_10895	Strict non-ONSEN TE background	250	0.85	0	0
BG_LTR_like_10896	Strict non-ONSEN TE background	250	0.85	0	0
BG_LTR_like_10897	Strict non-ONSEN TE background	484	0.85	7	14.4628099173554
BG_LTR_like_10900	Strict non-ONSEN TE background	808	0.85	1	1.23762376237624
BG_LTR_like_10913	Strict non-ONSEN TE background	1753	0.85	28	15.9726183685111
BG_LTR_like_10916	Strict non-ONSEN TE background	611	0.85	17	27.823240589198
BG_LTR_like_10922	Strict non-ONSEN TE background	1625	0.85	12	7.38461538461539
BG_LTR_like_10923	Strict non-ONSEN TE background	495	0.85	3	6.06060606060606
BG_LTR_like_10938	Strict non-ONSEN TE background	303	0.85	2	6.6006600660066
BG_LTR_like_10939	Strict non-ONSEN TE background	650	0.85	8	12.3076923076923
BG_LTR_like_10950	Strict non-ONSEN TE background	590	0.85	0	0
BG_LTR_like_10964	Strict non-ONSEN TE background	233	0.85	1	4.29184549356223
BG_LTR_like_10965	Strict non-ONSEN TE background	666	0.85	9	13.5135135135135
BG_LTR_like_10966	Strict non-ONSEN TE background	1735	0.85	14	8.06916426512968
BG_LTR_like_11001	Strict non-ONSEN TE background	538	0.85	9	16.728624535316
BG_LTR_like_11002	Strict non-ONSEN TE background	273	0.85	0	0
BG_LTR_like_11003	Strict non-ONSEN TE background	329	0.85	0	0
BG_LTR_like_11006	Strict non-ONSEN TE background	325	0.85	0	0
BG_LTR_like_11007	Strict non-ONSEN TE background	211	0.85	1	4.739336492891
BG_LTR_like_11008	Strict non-ONSEN TE background	497	0.85	5	10.0603621730382
BG_LTR_like_11009	Strict non-ONSEN TE background	378	0.85	3	7.93650793650794
BG_LTR_like_11012	Strict non-ONSEN TE background	212	0.85	3	14.1509433962264
BG_LTR_like_11013	Strict non-ONSEN TE background	627	0.85	9	14.3540669856459
BG_LTR_like_11016	Strict non-ONSEN TE background	876	0.85	5	5.70776255707763
BG_LTR_like_11062	Strict non-ONSEN TE background	661	0.85	0	0
BG_LTR_like_11141	Strict non-ONSEN TE background	222	0.85	2	9.00900900900901
BG_LTR_like_11211	Strict non-ONSEN TE background	391	0.85	8	20.460358056266
BG_LTR_like_11212	Strict non-ONSEN TE background	206	0.85	1	4.85436893203884
BG_LTR_like_11213	Strict non-ONSEN TE background	212	0.85	2	9.43396226415094
BG_LTR_like_11236	Strict non-ONSEN TE background	382	0.85	7	18.3246073298429
BG_LTR_like_11237	Strict non-ONSEN TE background	551	0.85	8	14.519056261343
BG_LTR_like_11271	Strict non-ONSEN TE background	734	0.85	1	1.36239782016349
BG_LTR_like_11272	Strict non-ONSEN TE background	306	0.85	4	13.0718954248366
BG_LTR_like_11302	Strict non-ONSEN TE background	1499	0.85	9	6.00400266844563
BG_LTR_like_11303	Strict non-ONSEN TE background	315	0.85	5	15.8730158730159
BG_LTR_like_11304	Strict non-ONSEN TE background	261	0.85	0	0
BG_LTR_like_11305	Strict non-ONSEN TE background	366	0.85	1	2.73224043715847
BG_LTR_like_11347	Strict non-ONSEN TE background	634	0.85	0	0
BG_LTR_like_11400	Strict non-ONSEN TE background	277	0.85	0	0
BG_LTR_like_11401	Strict non-ONSEN TE background	549	0.85	11	20.0364298724954
BG_LTR_like_11411	Strict non-ONSEN TE background	399	0.85	1	2.5062656641604
BG_LTR_like_11483	Strict non-ONSEN TE background	327	0.85	11	33.6391437308869
BG_LTR_like_11484	Strict non-ONSEN TE background	606	0.85	3	4.95049504950495
BG_LTR_like_11560	Strict non-ONSEN TE background	290	0.85	0	0
BG_LTR_like_11564	Strict non-ONSEN TE background	1225	0.85	17	13.8775510204082
BG_LTR_like_11565	Strict non-ONSEN TE background	1162	0.85	9	7.74526678141136
BG_LTR_like_11570	Strict non-ONSEN TE background	786	0.85	8	10.1781170483461
BG_LTR_like_11653	Strict non-ONSEN TE background	384	0.85	3	7.8125
BG_LTR_like_11693	Strict non-ONSEN TE background	958	0.85	17	17.7453027139875
BG_LTR_like_11700	Strict non-ONSEN TE background	667	0.85	5	7.49625187406297
BG_LTR_like_11723	Strict non-ONSEN TE background	355	0.85	2	5.63380281690141
BG_LTR_like_11791	Strict non-ONSEN TE background	473	0.85	6	12.6849894291755
BG_LTR_like_12027	Strict non-ONSEN TE background	261	0.85	12	45.9770114942529
BG_LTR_like_12142	Strict non-ONSEN TE background	310	0.85	0	0
BG_LTR_like_12180	Strict non-ONSEN TE background	590	0.85	16	27.1186440677966
BG_LTR_like_12195	Strict non-ONSEN TE background	303	0.85	0	0
BG_LTR_like_12256	Strict non-ONSEN TE background	596	0.85	12	20.1342281879195
BG_LTR_like_12369	Strict non-ONSEN TE background	354	0.85	0	0
BG_LTR_like_12578	Strict non-ONSEN TE background	312	0.85	0	0
BG_LTR_like_12926	Strict non-ONSEN TE background	474	0.85	1	2.10970464135021
BG_LTR_like_12984	Strict non-ONSEN TE background	392	0.85	8	20.4081632653061
BG_LTR_like_13108	Strict non-ONSEN TE background	226	0.85	2	8.84955752212389
BG_LTR_like_13614	Strict non-ONSEN TE background	273	0.85	8	29.3040293040293
BG_LTR_like_13644	Strict non-ONSEN TE background	339	0.85	1	2.94985250737463
BG_LTR_like_13735	Strict non-ONSEN TE background	408	0.85	1	2.45098039215686
BG_LTR_like_13758	Strict non-ONSEN TE background	262	0.85	1	3.81679389312977
BG_LTR_like_13759	Strict non-ONSEN TE background	922	0.85	4	4.33839479392625
BG_LTR_like_13767	Strict non-ONSEN TE background	235	0.85	2	8.51063829787234
BG_LTR_like_13768	Strict non-ONSEN TE background	386	0.85	1	2.59067357512953
BG_LTR_like_13782	Strict non-ONSEN TE background	1623	0.85	7	4.31300061614295
BG_LTR_like_13783	Strict non-ONSEN TE background	308	0.85	6	19.4805194805195
BG_LTR_like_13798	Strict non-ONSEN TE background	493	0.85	2	4.05679513184584
BG_LTR_like_13799	Strict non-ONSEN TE background	343	0.85	0	0
BG_LTR_like_13800	Strict non-ONSEN TE background	344	0.85	3	8.72093023255814
BG_LTR_like_13805	Strict non-ONSEN TE background	668	0.85	6	8.98203592814371
BG_LTR_like_13827	Strict non-ONSEN TE background	240	0.85	0	0
BG_LTR_like_13828	Strict non-ONSEN TE background	230	0.85	1	4.34782608695652
BG_LTR_like_13856	Strict non-ONSEN TE background	273	0.85	0	0
BG_LTR_like_13857	Strict non-ONSEN TE background	609	0.85	11	18.0623973727422
BG_LTR_like_13858	Strict non-ONSEN TE background	1187	0.85	13	10.9519797809604
BG_LTR_like_13866	Strict non-ONSEN TE background	201	0.85	0	0
BG_LTR_like_13867	Strict non-ONSEN TE background	281	0.85	3	10.6761565836299
BG_LTR_like_13870	Strict non-ONSEN TE background	372	0.85	0	0
BG_LTR_like_13922	Strict non-ONSEN TE background	491	0.85	2	4.07331975560081
BG_LTR_like_13923	Strict non-ONSEN TE background	782	0.85	12	15.3452685421995
BG_LTR_like_13926	Strict non-ONSEN TE background	1352	0.85	7	5.17751479289941
BG_LTR_like_13927	Strict non-ONSEN TE background	564	0.85	14	24.822695035461
BG_LTR_like_13928	Strict non-ONSEN TE background	981	0.85	10	10.1936799184506
BG_LTR_like_13929	Strict non-ONSEN TE background	245	0.85	3	12.2448979591837
BG_LTR_like_13930	Strict non-ONSEN TE background	1181	0.85	13	11.0076206604572
BG_LTR_like_13933	Strict non-ONSEN TE background	1151	0.85	5	4.34404865334492
BG_LTR_like_13938	Strict non-ONSEN TE background	1811	0.85	16	8.83489784649365
BG_LTR_like_13939	Strict non-ONSEN TE background	226	0.85	0	0
BG_LTR_like_13940	Strict non-ONSEN TE background	1667	0.85	9	5.39892021595681
BG_LTR_like_13941	Strict non-ONSEN TE background	306	0.85	15	49.0196078431373
BG_LTR_like_13942	Strict non-ONSEN TE background	266	0.85	4	15.0375939849624
BG_LTR_like_13943	Strict non-ONSEN TE background	266	0.85	4	15.0375939849624
BG_LTR_like_13944	Strict non-ONSEN TE background	886	0.85	5	5.64334085778781
BG_LTR_like_13947	Strict non-ONSEN TE background	262	0.85	0	0
BG_LTR_like_13948	Strict non-ONSEN TE background	530	0.85	0	0
BG_LTR_like_13949	Strict non-ONSEN TE background	316	0.85	0	0
BG_LTR_like_13950	Strict non-ONSEN TE background	394	0.85	0	0
BG_LTR_like_13951	Strict non-ONSEN TE background	1049	0.85	6	5.71973307912297
BG_LTR_like_13952	Strict non-ONSEN TE background	723	0.85	2	2.76625172890733
BG_LTR_like_13953	Strict non-ONSEN TE background	1457	0.85	9	6.1770761839396
BG_LTR_like_13954	Strict non-ONSEN TE background	348	0.85	7	20.1149425287356
BG_LTR_like_13957	Strict non-ONSEN TE background	256	0.85	0	0
BG_LTR_like_13958	Strict non-ONSEN TE background	1704	0.85	18	10.5633802816901
BG_LTR_like_13961	Strict non-ONSEN TE background	418	0.85	2	4.78468899521531
BG_LTR_like_13962	Strict non-ONSEN TE background	253	0.85	3	11.8577075098814
BG_LTR_like_13963	Strict non-ONSEN TE background	455	0.85	15	32.967032967033
BG_LTR_like_13964	Strict non-ONSEN TE background	1119	0.85	16	14.2984807864164
BG_LTR_like_13965	Strict non-ONSEN TE background	1965	0.85	35	17.8117048346056
BG_LTR_like_13966	Strict non-ONSEN TE background	1557	0.85	9	5.78034682080925
BG_LTR_like_13967	Strict non-ONSEN TE background	557	0.85	6	10.7719928186715
BG_LTR_like_13968	Strict non-ONSEN TE background	1736	0.85	2	1.15207373271889
BG_LTR_like_13969	Strict non-ONSEN TE background	224	0.85	0	0
BG_LTR_like_13970	Strict non-ONSEN TE background	1710	0.85	16	9.35672514619883
BG_LTR_like_13971	Strict non-ONSEN TE background	1063	0.85	3	2.82220131702728
BG_LTR_like_13972	Strict non-ONSEN TE background	1753	0.85	6	3.42270393610953
BG_LTR_like_13973	Strict non-ONSEN TE background	271	0.85	2	7.38007380073801
BG_LTR_like_13974	Strict non-ONSEN TE background	359	0.85	2	5.57103064066852
BG_LTR_like_13977	Strict non-ONSEN TE background	1207	0.85	7	5.79950289975145
BG_LTR_like_13980	Strict non-ONSEN TE background	597	0.85	5	8.37520938023451
BG_LTR_like_13999	Strict non-ONSEN TE background	908	0.85	9	9.91189427312775
BG_LTR_like_14004	Strict non-ONSEN TE background	468	0.85	6	12.8205128205128
BG_LTR_like_14005	Strict non-ONSEN TE background	1180	0.85	10	8.47457627118644
BG_LTR_like_14006	Strict non-ONSEN TE background	711	0.85	3	4.21940928270042
BG_LTR_like_14015	Strict non-ONSEN TE background	443	0.85	0	0
BG_LTR_like_14018	Strict non-ONSEN TE background	1730	0.85	14	8.09248554913295
BG_LTR_like_14019	Strict non-ONSEN TE background	1186	0.85	5	4.21585160202361
BG_LTR_like_14020	Strict non-ONSEN TE background	1994	0.85	7	3.51053159478435
BG_LTR_like_14025	Strict non-ONSEN TE background	1705	0.85	17	9.97067448680352
BG_LTR_like_14026	Strict non-ONSEN TE background	1721	0.85	6	3.48634514816967
BG_LTR_like_14027	Strict non-ONSEN TE background	1117	0.85	11	9.84780662488809
BG_LTR_like_14030	Strict non-ONSEN TE background	1654	0.85	29	17.5332527206771
BG_LTR_like_14031	Strict non-ONSEN TE background	1445	0.85	20	13.840830449827
BG_LTR_like_14032	Strict non-ONSEN TE background	1192	0.85	12	10.0671140939597
BG_LTR_like_14035	Strict non-ONSEN TE background	709	0.85	15	21.1565585331453
BG_LTR_like_14038	Strict non-ONSEN TE background	1335	0.85	12	8.98876404494382
BG_LTR_like_14039	Strict non-ONSEN TE background	1051	0.85	7	6.66032350142721
BG_LTR_like_14040	Strict non-ONSEN TE background	426	0.85	2	4.69483568075117
BG_LTR_like_14041	Strict non-ONSEN TE background	412	0.85	2	4.85436893203884
BG_LTR_like_14044	Strict non-ONSEN TE background	1475	0.85	21	14.2372881355932
BG_LTR_like_14045	Strict non-ONSEN TE background	457	0.85	10	21.8818380743982
BG_LTR_like_14046	Strict non-ONSEN TE background	687	0.85	7	10.1892285298399
BG_LTR_like_14047	Strict non-ONSEN TE background	1385	0.85	13	9.38628158844765
BG_LTR_like_14048	Strict non-ONSEN TE background	1564	0.85	9	5.75447570332481
BG_LTR_like_14049	Strict non-ONSEN TE background	324	0.85	0	0
BG_LTR_like_14050	Strict non-ONSEN TE background	1322	0.85	20	15.1285930408472
BG_LTR_like_14051	Strict non-ONSEN TE background	319	0.85	3	9.40438871473354
BG_LTR_like_14054	Strict non-ONSEN TE background	206	0.85	0	0
BG_LTR_like_14055	Strict non-ONSEN TE background	306	0.85	1	3.26797385620915
BG_LTR_like_14056	Strict non-ONSEN TE background	508	0.85	21	41.3385826771654
BG_LTR_like_14059	Strict non-ONSEN TE background	1268	0.85	11	8.67507886435331
BG_LTR_like_14060	Strict non-ONSEN TE background	1296	0.85	21	16.2037037037037
BG_LTR_like_14063	Strict non-ONSEN TE background	561	0.85	7	12.4777183600713
BG_LTR_like_14064	Strict non-ONSEN TE background	1014	0.85	9	8.87573964497041
BG_LTR_like_14065	Strict non-ONSEN TE background	1223	0.85	8	6.54129190515127
BG_LTR_like_14066	Strict non-ONSEN TE background	696	0.85	1	1.4367816091954
BG_LTR_like_14067	Strict non-ONSEN TE background	708	0.85	14	19.774011299435
BG_LTR_like_14068	Strict non-ONSEN TE background	561	0.85	4	7.1301247771836
BG_LTR_like_14071	Strict non-ONSEN TE background	1228	0.85	16	13.0293159609121
BG_LTR_like_14074	Strict non-ONSEN TE background	444	0.85	5	11.2612612612613
BG_LTR_like_14075	Strict non-ONSEN TE background	1146	0.85	8	6.98080279232112
BG_LTR_like_14076	Strict non-ONSEN TE background	1411	0.85	14	9.92204110559887
BG_LTR_like_14077	Strict non-ONSEN TE background	1915	0.85	18	9.39947780678851
BG_LTR_like_14080	Strict non-ONSEN TE background	470	0.85	3	6.38297872340426
BG_LTR_like_14081	Strict non-ONSEN TE background	1224	0.85	5	4.08496732026144
BG_LTR_like_14082	Strict non-ONSEN TE background	412	0.85	1	2.42718446601942
BG_LTR_like_14083	Strict non-ONSEN TE background	1953	0.85	10	5.12032770097286
BG_LTR_like_14084	Strict non-ONSEN TE background	1220	0.85	12	9.83606557377049
BG_LTR_like_14085	Strict non-ONSEN TE background	246	0.85	0	0
BG_LTR_like_14086	Strict non-ONSEN TE background	1209	0.85	21	17.3697270471464
BG_LTR_like_14089	Strict non-ONSEN TE background	317	0.85	0	0
BG_LTR_like_14092	Strict non-ONSEN TE background	1325	0.85	12	9.0566037735849
BG_LTR_like_14095	Strict non-ONSEN TE background	1199	0.85	32	26.6889074228524
BG_LTR_like_14098	Strict non-ONSEN TE background	1751	0.85	16	9.13763563677898
BG_LTR_like_14103	Strict non-ONSEN TE background	429	0.85	6	13.986013986014
BG_LTR_like_14104	Strict non-ONSEN TE background	779	0.85	10	12.8369704749679
BG_LTR_like_14107	Strict non-ONSEN TE background	568	0.85	4	7.04225352112676
BG_LTR_like_14108	Strict non-ONSEN TE background	1559	0.85	25	16.0359204618345
BG_LTR_like_14109	Strict non-ONSEN TE background	494	0.85	3	6.07287449392713
BG_LTR_like_14110	Strict non-ONSEN TE background	479	0.85	7	14.6137787056367
BG_LTR_like_14111	Strict non-ONSEN TE background	402	0.85	3	7.46268656716418
BG_LTR_like_14114	Strict non-ONSEN TE background	1207	0.85	11	9.11350455675228
BG_LTR_like_14115	Strict non-ONSEN TE background	770	0.85	2	2.5974025974026
BG_LTR_like_14128	Strict non-ONSEN TE background	547	0.85	10	18.2815356489945
BG_LTR_like_14129	Strict non-ONSEN TE background	717	0.85	3	4.18410041841004
BG_LTR_like_14130	Strict non-ONSEN TE background	292	0.85	3	10.2739726027397
BG_LTR_like_14135	Strict non-ONSEN TE background	314	0.85	0	0
BG_LTR_like_14136	Strict non-ONSEN TE background	1052	0.85	16	15.2091254752852
BG_LTR_like_14137	Strict non-ONSEN TE background	978	0.85	11	11.2474437627812
BG_LTR_like_14140	Strict non-ONSEN TE background	1182	0.85	16	13.5363790186125
BG_LTR_like_14141	Strict non-ONSEN TE background	228	0.85	4	17.5438596491228
BG_LTR_like_14142	Strict non-ONSEN TE background	1187	0.85	21	17.6916596461668
BG_LTR_like_14143	Strict non-ONSEN TE background	539	0.85	4	7.42115027829314
BG_LTR_like_14148	Strict non-ONSEN TE background	280	0.85	5	17.8571428571429
BG_LTR_like_14149	Strict non-ONSEN TE background	1119	0.85	3	2.68096514745308
BG_LTR_like_14150	Strict non-ONSEN TE background	226	0.85	1	4.42477876106195
BG_LTR_like_14151	Strict non-ONSEN TE background	322	0.85	5	15.527950310559
BG_LTR_like_14152	Strict non-ONSEN TE background	475	0.85	3	6.31578947368421
BG_LTR_like_14153	Strict non-ONSEN TE background	525	0.85	1	1.9047619047619
BG_LTR_like_14156	Strict non-ONSEN TE background	1210	0.85	6	4.95867768595041
BG_LTR_like_14157	Strict non-ONSEN TE background	452	0.85	1	2.21238938053097
BG_LTR_like_14158	Strict non-ONSEN TE background	1895	0.85	12	6.33245382585752
BG_LTR_like_14159	Strict non-ONSEN TE background	763	0.85	20	26.2123197903014
BG_LTR_like_14160	Strict non-ONSEN TE background	310	0.85	2	6.45161290322581
BG_LTR_like_14163	Strict non-ONSEN TE background	1630	0.85	10	6.13496932515337
BG_LTR_like_14164	Strict non-ONSEN TE background	1554	0.85	10	6.43500643500643
BG_LTR_like_14165	Strict non-ONSEN TE background	1795	0.85	7	3.89972144846797
BG_LTR_like_14170	Strict non-ONSEN TE background	340	0.85	3	8.8235294117647
BG_LTR_like_14171	Strict non-ONSEN TE background	1336	0.85	7	5.23952095808383
BG_LTR_like_14172	Strict non-ONSEN TE background	251	0.85	0	0
BG_LTR_like_14173	Strict non-ONSEN TE background	261	0.85	4	15.3256704980843
BG_LTR_like_14174	Strict non-ONSEN TE background	1925	0.85	13	6.75324675324675
BG_LTR_like_14179	Strict non-ONSEN TE background	363	0.85	2	5.50964187327824
BG_LTR_like_14180	Strict non-ONSEN TE background	1250	0.85	5	4
BG_LTR_like_14183	Strict non-ONSEN TE background	1954	0.85	7	3.58239508700102
BG_LTR_like_14184	Strict non-ONSEN TE background	431	0.85	1	2.32018561484919
BG_LTR_like_14185	Strict non-ONSEN TE background	516	0.85	4	7.75193798449612
BG_LTR_like_14186	Strict non-ONSEN TE background	212	0.85	0	0
BG_LTR_like_14187	Strict non-ONSEN TE background	1666	0.85	8	4.80192076830732
BG_LTR_like_14190	Strict non-ONSEN TE background	1305	0.85	8	6.13026819923372
BG_LTR_like_14191	Strict non-ONSEN TE background	704	0.85	3	4.26136363636364
BG_LTR_like_14192	Strict non-ONSEN TE background	1142	0.85	17	14.8861646234676
BG_LTR_like_14193	Strict non-ONSEN TE background	1195	0.85	12	10.0418410041841
BG_LTR_like_14198	Strict non-ONSEN TE background	282	0.85	2	7.09219858156028
BG_LTR_like_14201	Strict non-ONSEN TE background	618	0.85	4	6.47249190938511
BG_LTR_like_14202	Strict non-ONSEN TE background	279	0.85	3	10.752688172043
BG_LTR_like_14203	Strict non-ONSEN TE background	454	0.85	2	4.40528634361233
BG_LTR_like_14204	Strict non-ONSEN TE background	250	0.85	7	28
BG_LTR_like_14207	Strict non-ONSEN TE background	322	0.85	10	31.055900621118
BG_LTR_like_14212	Strict non-ONSEN TE background	880	0.85	26	29.5454545454545
BG_LTR_like_14215	Strict non-ONSEN TE background	1651	0.85	24	14.5366444579043
BG_LTR_like_14218	Strict non-ONSEN TE background	582	0.85	6	10.3092783505155
BG_LTR_like_14219	Strict non-ONSEN TE background	1565	0.85	12	7.66773162939297
BG_LTR_like_14220	Strict non-ONSEN TE background	232	0.85	2	8.62068965517241
BG_LTR_like_14221	Strict non-ONSEN TE background	1395	0.85	16	11.4695340501792
BG_LTR_like_14224	Strict non-ONSEN TE background	425	0.85	10	23.5294117647059
BG_LTR_like_14227	Strict non-ONSEN TE background	722	0.85	0	0
BG_LTR_like_14228	Strict non-ONSEN TE background	1281	0.85	19	14.832162373146
BG_LTR_like_14235	Strict non-ONSEN TE background	1427	0.85	11	7.70847932725999
BG_LTR_like_14236	Strict non-ONSEN TE background	766	0.85	0	0
BG_LTR_like_14237	Strict non-ONSEN TE background	1210	0.85	9	7.43801652892562
BG_LTR_like_14238	Strict non-ONSEN TE background	1585	0.85	4	2.52365930599369
BG_LTR_like_14239	Strict non-ONSEN TE background	697	0.85	6	8.60832137733142
BG_LTR_like_14242	Strict non-ONSEN TE background	283	0.85	0	0
BG_LTR_like_14245	Strict non-ONSEN TE background	421	0.85	5	11.8764845605701
BG_LTR_like_14248	Strict non-ONSEN TE background	569	0.85	14	24.6045694200352
BG_LTR_like_14249	Strict non-ONSEN TE background	980	0.85	2	2.04081632653061
BG_LTR_like_14250	Strict non-ONSEN TE background	270	0.85	1	3.7037037037037
BG_LTR_like_14251	Strict non-ONSEN TE background	690	0.85	2	2.89855072463768
BG_LTR_like_14252	Strict non-ONSEN TE background	557	0.85	9	16.1579892280072
BG_LTR_like_14253	Strict non-ONSEN TE background	570	0.85	1	1.75438596491228
BG_LTR_like_14254	Strict non-ONSEN TE background	374	0.85	6	16.0427807486631
BG_LTR_like_14255	Strict non-ONSEN TE background	951	0.85	5	5.25762355415352
BG_LTR_like_14256	Strict non-ONSEN TE background	1389	0.85	5	3.59971202303816
BG_LTR_like_14257	Strict non-ONSEN TE background	467	0.85	2	4.28265524625268
BG_LTR_like_14258	Strict non-ONSEN TE background	280	0.85	0	0
BG_LTR_like_14261	Strict non-ONSEN TE background	213	0.85	0	0
BG_LTR_like_14269	Strict non-ONSEN TE background	1337	0.85	6	4.48765893792072
BG_LTR_like_14270	Strict non-ONSEN TE background	885	0.85	12	13.5593220338983
BG_LTR_like_14273	Strict non-ONSEN TE background	326	0.85	0	0
BG_LTR_like_14291	Strict non-ONSEN TE background	1278	0.85	39	30.5164319248826
BG_LTR_like_14292	Strict non-ONSEN TE background	319	0.85	2	6.26959247648903
BG_LTR_like_14293	Strict non-ONSEN TE background	1212	0.85	7	5.77557755775578
BG_LTR_like_14294	Strict non-ONSEN TE background	612	0.85	13	21.2418300653595
BG_LTR_like_14295	Strict non-ONSEN TE background	1414	0.85	10	7.07213578500707
BG_LTR_like_14296	Strict non-ONSEN TE background	1677	0.85	11	6.55933214072749
BG_LTR_like_14301	Strict non-ONSEN TE background	493	0.85	2	4.05679513184584
BG_LTR_like_14302	Strict non-ONSEN TE background	1373	0.85	22	16.0233066278223
BG_LTR_like_14303	Strict non-ONSEN TE background	254	0.85	0	0
BG_LTR_like_14306	Strict non-ONSEN TE background	1770	0.85	6	3.38983050847458
BG_LTR_like_14307	Strict non-ONSEN TE background	1969	0.85	13	6.60233621127476
BG_LTR_like_14308	Strict non-ONSEN TE background	253	0.85	0	0
BG_LTR_like_14309	Strict non-ONSEN TE background	812	0.85	2	2.46305418719212
BG_LTR_like_14310	Strict non-ONSEN TE background	1325	0.85	4	3.0188679245283
BG_LTR_like_14311	Strict non-ONSEN TE background	286	0.85	12	41.958041958042
BG_LTR_like_14312	Strict non-ONSEN TE background	243	0.85	6	24.6913580246914
BG_LTR_like_14313	Strict non-ONSEN TE background	235	0.85	0	0
BG_LTR_like_14314	Strict non-ONSEN TE background	1704	0.85	14	8.21596244131455
BG_LTR_like_14317	Strict non-ONSEN TE background	1352	0.85	11	8.13609467455621
BG_LTR_like_14318	Strict non-ONSEN TE background	662	0.85	2	3.02114803625378
BG_LTR_like_14319	Strict non-ONSEN TE background	247	0.85	2	8.09716599190283
BG_LTR_like_14320	Strict non-ONSEN TE background	523	0.85	1	1.91204588910134
BG_LTR_like_14325	Strict non-ONSEN TE background	1352	0.85	11	8.13609467455621
BG_LTR_like_14326	Strict non-ONSEN TE background	662	0.85	2	3.02114803625378
BG_LTR_like_14327	Strict non-ONSEN TE background	245	0.85	2	8.16326530612245
BG_LTR_like_14328	Strict non-ONSEN TE background	527	0.85	1	1.89753320683112
BG_LTR_like_14329	Strict non-ONSEN TE background	1177	0.85	11	9.34579439252336
BG_LTR_like_14330	Strict non-ONSEN TE background	576	0.85	0	0
BG_LTR_like_14331	Strict non-ONSEN TE background	1398	0.85	3	2.14592274678112
BG_LTR_like_14332	Strict non-ONSEN TE background	288	0.85	1	3.47222222222222
BG_LTR_like_14333	Strict non-ONSEN TE background	375	0.85	5	13.3333333333333
BG_LTR_like_14334	Strict non-ONSEN TE background	386	0.85	1	2.59067357512953
BG_LTR_like_14335	Strict non-ONSEN TE background	306	0.85	1	3.26797385620915
BG_LTR_like_14336	Strict non-ONSEN TE background	1617	0.85	6	3.71057513914657
BG_LTR_like_14337	Strict non-ONSEN TE background	1516	0.85	18	11.8733509234828
BG_LTR_like_14340	Strict non-ONSEN TE background	467	0.85	9	19.271948608137
BG_LTR_like_14341	Strict non-ONSEN TE background	429	0.85	9	20.979020979021
BG_LTR_like_14342	Strict non-ONSEN TE background	433	0.85	8	18.4757505773672
BG_LTR_like_14343	Strict non-ONSEN TE background	832	0.85	8	9.61538461538462
BG_LTR_like_14346	Strict non-ONSEN TE background	1440	0.85	26	18.0555555555556
BG_LTR_like_14351	Strict non-ONSEN TE background	1796	0.85	9	5.01113585746102
BG_LTR_like_14352	Strict non-ONSEN TE background	756	0.85	2	2.64550264550265
BG_LTR_like_14357	Strict non-ONSEN TE background	1059	0.85	2	1.88857412653447
BG_LTR_like_14358	Strict non-ONSEN TE background	520	0.85	6	11.5384615384615
BG_LTR_like_14359	Strict non-ONSEN TE background	1501	0.85	18	11.9920053297801
BG_LTR_like_14360	Strict non-ONSEN TE background	1549	0.85	15	9.68366688185926
BG_LTR_like_14361	Strict non-ONSEN TE background	288	0.85	0	0
BG_LTR_like_14362	Strict non-ONSEN TE background	1058	0.85	4	3.78071833648393
BG_LTR_like_14363	Strict non-ONSEN TE background	498	0.85	4	8.03212851405623
BG_LTR_like_14364	Strict non-ONSEN TE background	1699	0.85	2	1.17716303708064
BG_LTR_like_14365	Strict non-ONSEN TE background	286	0.85	1	3.4965034965035
BG_LTR_like_14366	Strict non-ONSEN TE background	556	0.85	9	16.1870503597122
BG_LTR_like_14367	Strict non-ONSEN TE background	1651	0.85	8	4.84554815263477
BG_LTR_like_14370	Strict non-ONSEN TE background	641	0.85	6	9.3603744149766
BG_LTR_like_14371	Strict non-ONSEN TE background	996	0.85	18	18.0722891566265
BG_LTR_like_14372	Strict non-ONSEN TE background	650	0.85	0	0
BG_LTR_like_14373	Strict non-ONSEN TE background	312	0.85	4	12.8205128205128
BG_LTR_like_14374	Strict non-ONSEN TE background	223	0.85	3	13.4529147982063
BG_LTR_like_14377	Strict non-ONSEN TE background	1178	0.85	7	5.94227504244482
BG_LTR_like_14378	Strict non-ONSEN TE background	1127	0.85	10	8.87311446317658
BG_LTR_like_14379	Strict non-ONSEN TE background	1713	0.85	15	8.75656742556918
BG_LTR_like_14380	Strict non-ONSEN TE background	1689	0.85	32	18.9461219656602
BG_LTR_like_14383	Strict non-ONSEN TE background	1130	0.85	11	9.73451327433628
BG_LTR_like_14386	Strict non-ONSEN TE background	399	0.85	7	17.5438596491228
BG_LTR_like_14387	Strict non-ONSEN TE background	463	0.85	2	4.31965442764579
BG_LTR_like_14388	Strict non-ONSEN TE background	277	0.85	4	14.4404332129964
BG_LTR_like_14393	Strict non-ONSEN TE background	444	0.85	0	0
BG_LTR_like_14396	Strict non-ONSEN TE background	811	0.85	6	7.39827373612824
BG_LTR_like_14397	Strict non-ONSEN TE background	229	0.85	2	8.73362445414847
BG_LTR_like_14398	Strict non-ONSEN TE background	235	0.85	5	21.2765957446809
BG_LTR_like_14399	Strict non-ONSEN TE background	624	0.85	2	3.20512820512821
BG_LTR_like_14400	Strict non-ONSEN TE background	327	0.85	1	3.05810397553517
BG_LTR_like_14403	Strict non-ONSEN TE background	1825	0.85	9	4.93150684931507
BG_LTR_like_14406	Strict non-ONSEN TE background	1393	0.85	10	7.17875089734386
BG_LTR_like_14407	Strict non-ONSEN TE background	307	0.85	4	13.0293159609121
BG_LTR_like_14410	Strict non-ONSEN TE background	1561	0.85	12	7.6873798846893
BG_LTR_like_14411	Strict non-ONSEN TE background	329	0.85	1	3.03951367781155
BG_LTR_like_14414	Strict non-ONSEN TE background	245	0.85	1	4.08163265306122
BG_LTR_like_14415	Strict non-ONSEN TE background	1822	0.85	20	10.9769484083425
BG_LTR_like_14418	Strict non-ONSEN TE background	1071	0.85	25	23.3426704014939
BG_LTR_like_14419	Strict non-ONSEN TE background	442	0.85	1	2.26244343891403
BG_LTR_like_14420	Strict non-ONSEN TE background	257	0.85	0	0
BG_LTR_like_14423	Strict non-ONSEN TE background	959	0.85	17	17.7267987486966
BG_LTR_like_14424	Strict non-ONSEN TE background	537	0.85	1	1.86219739292365
BG_LTR_like_14425	Strict non-ONSEN TE background	981	0.85	11	11.2130479102956
BG_LTR_like_14426	Strict non-ONSEN TE background	923	0.85	11	11.9176598049837
BG_LTR_like_14429	Strict non-ONSEN TE background	1533	0.85	9	5.87084148727984
BG_LTR_like_14439	Strict non-ONSEN TE background	240	0.85	0	0
BG_LTR_like_14440	Strict non-ONSEN TE background	369	0.85	1	2.710027100271
BG_LTR_like_14443	Strict non-ONSEN TE background	823	0.85	10	12.1506682867558
BG_LTR_like_14449	Strict non-ONSEN TE background	1423	0.85	19	13.3520730850316
BG_LTR_like_14450	Strict non-ONSEN TE background	1127	0.85	7	6.2111801242236
BG_LTR_like_14451	Strict non-ONSEN TE background	292	0.85	6	20.5479452054795
BG_LTR_like_14454	Strict non-ONSEN TE background	889	0.85	4	4.49943757030371
BG_LTR_like_14457	Strict non-ONSEN TE background	318	0.85	4	12.5786163522013
BG_LTR_like_14460	Strict non-ONSEN TE background	648	0.85	3	4.62962962962963
BG_LTR_like_14461	Strict non-ONSEN TE background	410	0.85	6	14.6341463414634
BG_LTR_like_14462	Strict non-ONSEN TE background	270	0.85	1	3.7037037037037
BG_LTR_like_14463	Strict non-ONSEN TE background	619	0.85	3	4.84652665589661
BG_LTR_like_14464	Strict non-ONSEN TE background	580	0.85	10	17.2413793103448
BG_LTR_like_14465	Strict non-ONSEN TE background	316	0.85	5	15.8227848101266
BG_LTR_like_14466	Strict non-ONSEN TE background	1613	0.85	15	9.29944203347799
BG_LTR_like_14469	Strict non-ONSEN TE background	285	0.85	2	7.01754385964912
BG_LTR_like_14470	Strict non-ONSEN TE background	1111	0.85	13	11.7011701170117
BG_LTR_like_14471	Strict non-ONSEN TE background	231	0.85	3	12.987012987013
BG_LTR_like_14472	Strict non-ONSEN TE background	932	0.85	18	19.31330472103
BG_LTR_like_14473	Strict non-ONSEN TE background	330	0.85	3	9.09090909090909
BG_LTR_like_14476	Strict non-ONSEN TE background	397	0.85	3	7.55667506297229
BG_LTR_like_14545	Strict non-ONSEN TE background	1486	0.85	10	6.72947510094213
BG_LTR_like_14548	Strict non-ONSEN TE background	408	0.85	3	7.35294117647059
BG_LTR_like_14600	Strict non-ONSEN TE background	384	0.85	0	0
BG_LTR_like_14601	Strict non-ONSEN TE background	966	0.85	7	7.2463768115942
BG_LTR_like_14602	Strict non-ONSEN TE background	1904	0.85	3	1.57563025210084
BG_LTR_like_14605	Strict non-ONSEN TE background	456	0.85	3	6.57894736842105
BG_LTR_like_14606	Strict non-ONSEN TE background	221	0.85	5	22.6244343891403
BG_LTR_like_14607	Strict non-ONSEN TE background	1521	0.85	5	3.28731097961867
BG_LTR_like_14676	Strict non-ONSEN TE background	597	0.85	15	25.1256281407035
BG_LTR_like_14677	Strict non-ONSEN TE background	210	0.85	0	0
BG_LTR_like_14678	Strict non-ONSEN TE background	943	0.85	0	0
BG_LTR_like_14679	Strict non-ONSEN TE background	360	0.85	2	5.55555555555556
BG_LTR_like_14707	Strict non-ONSEN TE background	346	0.85	0	0
BG_LTR_like_14708	Strict non-ONSEN TE background	339	0.85	2	5.89970501474926
BG_LTR_like_14709	Strict non-ONSEN TE background	441	0.85	4	9.0702947845805
BG_LTR_like_14712	Strict non-ONSEN TE background	453	0.85	9	19.8675496688742
BG_LTR_like_14715	Strict non-ONSEN TE background	423	0.85	3	7.09219858156028
BG_LTR_like_14716	Strict non-ONSEN TE background	758	0.85	8	10.5540897097625
BG_LTR_like_14719	Strict non-ONSEN TE background	1624	0.85	10	6.1576354679803
BG_LTR_like_14720	Strict non-ONSEN TE background	412	0.85	2	4.85436893203884
BG_LTR_like_14721	Strict non-ONSEN TE background	682	0.85	3	4.39882697947214
BG_LTR_like_14727	Strict non-ONSEN TE background	241	0.85	1	4.149377593361
BG_LTR_like_14734	Strict non-ONSEN TE background	563	0.85	6	10.6571936056838
BG_LTR_like_14773	Strict non-ONSEN TE background	211	0.85	0	0
BG_LTR_like_14795	Strict non-ONSEN TE background	347	0.85	0	0
BG_LTR_like_14813	Strict non-ONSEN TE background	515	0.85	1	1.94174757281553
BG_LTR_like_14814	Strict non-ONSEN TE background	995	0.85	8	8.04020100502512
BG_LTR_like_14815	Strict non-ONSEN TE background	372	0.85	0	0
BG_LTR_like_14816	Strict non-ONSEN TE background	346	0.85	0	0
BG_LTR_like_14819	Strict non-ONSEN TE background	417	0.85	10	23.9808153477218
BG_LTR_like_14820	Strict non-ONSEN TE background	507	0.85	13	25.6410256410256
BG_LTR_like_14821	Strict non-ONSEN TE background	490	0.85	4	8.16326530612245
BG_LTR_like_14822	Strict non-ONSEN TE background	302	0.85	1	3.3112582781457
BG_LTR_like_14835	Strict non-ONSEN TE background	258	0.85	0	0
BG_LTR_like_14836	Strict non-ONSEN TE background	674	0.85	4	5.93471810089021
BG_LTR_like_15025	Strict non-ONSEN TE background	303	0.85	11	36.3036303630363
BG_LTR_like_15030	Strict non-ONSEN TE background	216	0.85	2	9.25925925925926
BG_LTR_like_15033	Strict non-ONSEN TE background	372	0.85	0	0
BG_LTR_like_15034	Strict non-ONSEN TE background	523	0.85	3	5.73613766730401
BG_LTR_like_15041	Strict non-ONSEN TE background	227	0.85	2	8.81057268722467
BG_LTR_like_15054	Strict non-ONSEN TE background	208	0.85	2	9.61538461538462
BG_LTR_like_15094	Strict non-ONSEN TE background	204	0.85	5	24.5098039215686
BG_LTR_like_15095	Strict non-ONSEN TE background	477	0.85	1	2.09643605870021
BG_LTR_like_15096	Strict non-ONSEN TE background	444	0.85	4	9.00900900900901
BG_LTR_like_15097	Strict non-ONSEN TE background	744	0.85	10	13.4408602150538
BG_LTR_like_15155	Strict non-ONSEN TE background	485	0.85	2	4.12371134020619
BG_LTR_like_15156	Strict non-ONSEN TE background	203	0.85	5	24.6305418719212
BG_LTR_like_15159	Strict non-ONSEN TE background	1464	0.85	16	10.9289617486339
BG_LTR_like_15212	Strict non-ONSEN TE background	848	0.85	14	16.5094339622642
BG_LTR_like_15230	Strict non-ONSEN TE background	306	0.85	0	0
BG_LTR_like_15231	Strict non-ONSEN TE background	309	0.85	2	6.47249190938511
BG_LTR_like_15232	Strict non-ONSEN TE background	288	0.85	3	10.4166666666667
BG_LTR_like_15246	Strict non-ONSEN TE background	651	0.85	0	0
BG_LTR_like_15247	Strict non-ONSEN TE background	657	0.85	0	0
BG_LTR_like_15268	Strict non-ONSEN TE background	270	0.85	1	3.7037037037037
BG_LTR_like_15280	Strict non-ONSEN TE background	466	0.85	2	4.29184549356223
BG_LTR_like_15281	Strict non-ONSEN TE background	376	0.85	5	13.2978723404255
BG_LTR_like_15301	Strict non-ONSEN TE background	1171	0.85	21	17.933390264731
BG_LTR_like_15302	Strict non-ONSEN TE background	277	0.85	3	10.8303249097473
BG_LTR_like_15364	Strict non-ONSEN TE background	441	0.85	0	0
BG_LTR_like_15367	Strict non-ONSEN TE background	617	0.85	9	14.5867098865478
BG_LTR_like_15368	Strict non-ONSEN TE background	356	0.85	3	8.42696629213483
BG_LTR_like_15418	Strict non-ONSEN TE background	732	0.85	12	16.3934426229508
BG_LTR_like_15573	Strict non-ONSEN TE background	997	0.85	21	21.0631895687061
BG_LTR_like_15790	Strict non-ONSEN TE background	339	0.85	2	5.89970501474926
BG_LTR_like_15819	Strict non-ONSEN TE background	1591	0.85	22	13.8277812696417
BG_LTR_like_15888	Strict non-ONSEN TE background	201	0.85	2	9.9502487562189
Col0_AT1G11265_ONSEN1_leftLTRcandidate	ONSEN terminal candidate windows	800	0.9	23	28.75
Col0_AT1G11265_ONSEN1_rightLTRcandidate	ONSEN terminal candidate windows	800	0.9	18	22.5
Col0_AT1G21945_ONSEN7_leftLTRcandidate	ONSEN terminal candidate windows	800	0.9	11	13.75
Col0_AT1G21945_ONSEN7_rightLTRcandidate	ONSEN terminal candidate windows	800	0.9	17	21.25
Col0_AT1G48710_ONSEN5_leftLTRcandidate	ONSEN terminal candidate windows	800	0.9	23	28.75
Col0_AT1G48710_ONSEN5_rightLTRcandidate	ONSEN terminal candidate windows	800	0.9	19	23.75
Col0_AT1G58140_ONSEN4_leftLTRcandidate	ONSEN terminal candidate windows	800	0.9	17	21.25
Col0_AT1G58140_ONSEN4_rightLTRcandidate	ONSEN terminal candidate windows	800	0.9	14	17.5
Col0_AT3G32415_ONSEN8_leftLTRcandidate	ONSEN terminal candidate windows	800	0.9	23	28.75
Col0_AT3G32415_ONSEN8_rightLTRcandidate	ONSEN terminal candidate windows	800	0.9	20	25
Col0_AT3G59720_ONSEN6_leftLTRcandidate	ONSEN terminal candidate windows	800	0.9	20	25
Col0_AT3G59720_ONSEN6_rightLTRcandidate	ONSEN terminal candidate windows	800	0.9	15	18.75
Col0_AT3G61330_ONSEN2_leftLTRcandidate	ONSEN terminal candidate windows	800	0.9	18	22.5
Col0_AT3G61330_ONSEN2_rightLTRcandidate	ONSEN terminal candidate windows	800	0.9	23	28.75
Col0_AT5G13205_ONSEN3_leftLTRcandidate	ONSEN terminal candidate windows	800	0.9	20	25
Col0_AT5G13205_ONSEN3_rightLTRcandidate	ONSEN terminal candidate windows	800	0.9	25	31.25
BG_LTR_like_00069	Strict non-ONSEN TE background	1076	0.9	1	0.929368029739777
BG_LTR_like_00321	Strict non-ONSEN TE background	249	0.9	0	0
BG_LTR_like_00382	Strict non-ONSEN TE background	566	0.9	2	3.53356890459364
BG_LTR_like_00544	Strict non-ONSEN TE background	1953	0.9	6	3.07219662058372
BG_LTR_like_00545	Strict non-ONSEN TE background	794	0.9	2	2.51889168765743
BG_LTR_like_00598	Strict non-ONSEN TE background	454	0.9	0	0
BG_LTR_like_00976	Strict non-ONSEN TE background	373	0.9	1	2.68096514745308
BG_LTR_like_00977	Strict non-ONSEN TE background	219	0.9	0	0
BG_LTR_like_00988	Strict non-ONSEN TE background	575	0.9	2	3.47826086956522
BG_LTR_like_01007	Strict non-ONSEN TE background	320	0.9	2	6.25
BG_LTR_like_01035	Strict non-ONSEN TE background	1435	0.9	0	0
BG_LTR_like_01083	Strict non-ONSEN TE background	204	0.9	0	0
BG_LTR_like_01139	Strict non-ONSEN TE background	236	0.9	0	0
BG_LTR_like_01218	Strict non-ONSEN TE background	220	0.9	0	0
BG_LTR_like_01304	Strict non-ONSEN TE background	362	0.9	0	0
BG_LTR_like_01309	Strict non-ONSEN TE background	510	0.9	3	5.88235294117647
BG_LTR_like_01341	Strict non-ONSEN TE background	355	0.9	2	5.63380281690141
BG_LTR_like_01399	Strict non-ONSEN TE background	225	0.9	2	8.88888888888889
BG_LTR_like_01400	Strict non-ONSEN TE background	309	0.9	2	6.47249190938511
BG_LTR_like_01528	Strict non-ONSEN TE background	673	0.9	1	1.48588410104012
BG_LTR_like_01529	Strict non-ONSEN TE background	967	0.9	4	4.13650465356774
BG_LTR_like_01530	Strict non-ONSEN TE background	400	0.9	0	0
BG_LTR_like_01531	Strict non-ONSEN TE background	236	0.9	0	0
BG_LTR_like_01532	Strict non-ONSEN TE background	203	0.9	0	0
BG_LTR_like_01685	Strict non-ONSEN TE background	296	0.9	0	0
BG_LTR_like_01751	Strict non-ONSEN TE background	651	0.9	1	1.53609831029186
BG_LTR_like_01759	Strict non-ONSEN TE background	285	0.9	0	0
BG_LTR_like_01760	Strict non-ONSEN TE background	226	0.9	0	0
BG_LTR_like_01834	Strict non-ONSEN TE background	1972	0.9	1	0.50709939148073
BG_LTR_like_01871	Strict non-ONSEN TE background	663	0.9	4	6.03318250377074
BG_LTR_like_01872	Strict non-ONSEN TE background	331	0.9	8	24.1691842900302
BG_LTR_like_01873	Strict non-ONSEN TE background	215	0.9	0	0
BG_LTR_like_01994	Strict non-ONSEN TE background	273	0.9	0	0
BG_LTR_like_02021	Strict non-ONSEN TE background	200	0.9	0	0
BG_LTR_like_02057	Strict non-ONSEN TE background	224	0.9	0	0
BG_LTR_like_02071	Strict non-ONSEN TE background	1613	0.9	2	1.23992560446373
BG_LTR_like_02081	Strict non-ONSEN TE background	221	0.9	0	0
BG_LTR_like_02102	Strict non-ONSEN TE background	475	0.9	6	12.6315789473684
BG_LTR_like_02114	Strict non-ONSEN TE background	280	0.9	0	0
BG_LTR_like_02135	Strict non-ONSEN TE background	260	0.9	1	3.84615384615385
BG_LTR_like_02136	Strict non-ONSEN TE background	373	0.9	0	0
BG_LTR_like_02139	Strict non-ONSEN TE background	265	0.9	5	18.8679245283019
BG_LTR_like_02143	Strict non-ONSEN TE background	1052	0.9	7	6.65399239543726
BG_LTR_like_02144	Strict non-ONSEN TE background	780	0.9	1	1.28205128205128
BG_LTR_like_02145	Strict non-ONSEN TE background	1759	0.9	0	0
BG_LTR_like_02152	Strict non-ONSEN TE background	586	0.9	12	20.4778156996587
BG_LTR_like_02159	Strict non-ONSEN TE background	639	0.9	0	0
BG_LTR_like_02160	Strict non-ONSEN TE background	280	0.9	0	0
BG_LTR_like_02161	Strict non-ONSEN TE background	1526	0.9	13	8.51900393184797
BG_LTR_like_02164	Strict non-ONSEN TE background	272	0.9	0	0
BG_LTR_like_02169	Strict non-ONSEN TE background	1548	0.9	1	0.645994832041344
BG_LTR_like_02172	Strict non-ONSEN TE background	891	0.9	1	1.12233445566779
BG_LTR_like_02176	Strict non-ONSEN TE background	1731	0.9	1	0.577700751010976
BG_LTR_like_02181	Strict non-ONSEN TE background	210	0.9	0	0
BG_LTR_like_02182	Strict non-ONSEN TE background	232	0.9	0	0
BG_LTR_like_02185	Strict non-ONSEN TE background	807	0.9	0	0
BG_LTR_like_02189	Strict non-ONSEN TE background	1256	0.9	2	1.59235668789809
BG_LTR_like_02190	Strict non-ONSEN TE background	203	0.9	0	0
BG_LTR_like_02191	Strict non-ONSEN TE background	272	0.9	0	0
BG_LTR_like_02192	Strict non-ONSEN TE background	1001	0.9	3	2.997002997003
BG_LTR_like_02202	Strict non-ONSEN TE background	468	0.9	0	0
BG_LTR_like_02231	Strict non-ONSEN TE background	325	0.9	0	0
BG_LTR_like_02232	Strict non-ONSEN TE background	452	0.9	0	0
BG_LTR_like_02233	Strict non-ONSEN TE background	1536	0.9	3	1.953125
BG_LTR_like_02234	Strict non-ONSEN TE background	423	0.9	0	0
BG_LTR_like_02235	Strict non-ONSEN TE background	311	0.9	0	0
BG_LTR_like_02236	Strict non-ONSEN TE background	205	0.9	0	0
BG_LTR_like_02237	Strict non-ONSEN TE background	509	0.9	0	0
BG_LTR_like_02238	Strict non-ONSEN TE background	416	0.9	0	0
BG_LTR_like_02243	Strict non-ONSEN TE background	1640	0.9	3	1.82926829268293
BG_LTR_like_02244	Strict non-ONSEN TE background	800	0.9	5	6.25
BG_LTR_like_02245	Strict non-ONSEN TE background	995	0.9	0	0
BG_LTR_like_02250	Strict non-ONSEN TE background	796	0.9	0	0
BG_LTR_like_02251	Strict non-ONSEN TE background	1656	0.9	7	4.22705314009662
BG_LTR_like_02252	Strict non-ONSEN TE background	585	0.9	0	0
BG_LTR_like_02253	Strict non-ONSEN TE background	1662	0.9	4	2.40673886883273
BG_LTR_like_02254	Strict non-ONSEN TE background	211	0.9	11	52.132701421801
BG_LTR_like_02255	Strict non-ONSEN TE background	234	0.9	0	0
BG_LTR_like_02256	Strict non-ONSEN TE background	1232	0.9	5	4.05844155844156
BG_LTR_like_02257	Strict non-ONSEN TE background	1199	0.9	0	0
BG_LTR_like_02260	Strict non-ONSEN TE background	325	0.9	0	0
BG_LTR_like_02261	Strict non-ONSEN TE background	1137	0.9	1	0.879507475813544
BG_LTR_like_02280	Strict non-ONSEN TE background	1617	0.9	1	0.618429189857761
BG_LTR_like_02281	Strict non-ONSEN TE background	1443	0.9	3	2.07900207900208
BG_LTR_like_02288	Strict non-ONSEN TE background	1204	0.9	3	2.49169435215947
BG_LTR_like_02289	Strict non-ONSEN TE background	1136	0.9	2	1.76056338028169
BG_LTR_like_02290	Strict non-ONSEN TE background	717	0.9	0	0
BG_LTR_like_02291	Strict non-ONSEN TE background	837	0.9	1	1.194743130227
BG_LTR_like_02298	Strict non-ONSEN TE background	586	0.9	0	0
BG_LTR_like_02299	Strict non-ONSEN TE background	1118	0.9	1	0.894454382826476
BG_LTR_like_02300	Strict non-ONSEN TE background	214	0.9	0	0
BG_LTR_like_02301	Strict non-ONSEN TE background	1064	0.9	7	6.57894736842105
BG_LTR_like_02304	Strict non-ONSEN TE background	546	0.9	0	0
BG_LTR_like_02305	Strict non-ONSEN TE background	989	0.9	0	0
BG_LTR_like_02308	Strict non-ONSEN TE background	1526	0.9	2	1.31061598951507
BG_LTR_like_02309	Strict non-ONSEN TE background	1791	0.9	0	0
BG_LTR_like_02312	Strict non-ONSEN TE background	684	0.9	3	4.3859649122807
BG_LTR_like_02313	Strict non-ONSEN TE background	270	0.9	2	7.40740740740741
BG_LTR_like_02316	Strict non-ONSEN TE background	1315	0.9	6	4.56273764258555
BG_LTR_like_02317	Strict non-ONSEN TE background	1439	0.9	4	2.77970813064628
BG_LTR_like_02318	Strict non-ONSEN TE background	1389	0.9	2	1.43988480921526
BG_LTR_like_02319	Strict non-ONSEN TE background	1068	0.9	1	0.936329588014981
BG_LTR_like_02320	Strict non-ONSEN TE background	606	0.9	8	13.2013201320132
BG_LTR_like_02321	Strict non-ONSEN TE background	1011	0.9	1	0.989119683481701
BG_LTR_like_02322	Strict non-ONSEN TE background	606	0.9	2	3.3003300330033
BG_LTR_like_02323	Strict non-ONSEN TE background	1788	0.9	7	3.91498881431767
BG_LTR_like_02328	Strict non-ONSEN TE background	344	0.9	1	2.90697674418605
BG_LTR_like_02333	Strict non-ONSEN TE background	931	0.9	0	0
BG_LTR_like_02334	Strict non-ONSEN TE background	1579	0.9	0	0
BG_LTR_like_02335	Strict non-ONSEN TE background	1392	0.9	4	2.8735632183908
BG_LTR_like_02338	Strict non-ONSEN TE background	247	0.9	0	0
BG_LTR_like_02339	Strict non-ONSEN TE background	436	0.9	2	4.58715596330275
BG_LTR_like_02340	Strict non-ONSEN TE background	227	0.9	0	0
BG_LTR_like_02341	Strict non-ONSEN TE background	1573	0.9	4	2.54291163382072
BG_LTR_like_02342	Strict non-ONSEN TE background	1543	0.9	4	2.59235255994815
BG_LTR_like_02343	Strict non-ONSEN TE background	372	0.9	0	0
BG_LTR_like_02344	Strict non-ONSEN TE background	282	0.9	0	0
BG_LTR_like_02345	Strict non-ONSEN TE background	1608	0.9	2	1.24378109452736
BG_LTR_like_02346	Strict non-ONSEN TE background	631	0.9	1	1.58478605388273
BG_LTR_like_02347	Strict non-ONSEN TE background	281	0.9	0	0
BG_LTR_like_02348	Strict non-ONSEN TE background	1135	0.9	0	0
BG_LTR_like_02349	Strict non-ONSEN TE background	623	0.9	1	1.60513643659711
BG_LTR_like_02350	Strict non-ONSEN TE background	450	0.9	0	0
BG_LTR_like_02351	Strict non-ONSEN TE background	807	0.9	1	1.23915737298637
BG_LTR_like_02352	Strict non-ONSEN TE background	273	0.9	0	0
BG_LTR_like_02353	Strict non-ONSEN TE background	284	0.9	0	0
BG_LTR_like_02356	Strict non-ONSEN TE background	1948	0.9	1	0.513347022587269
BG_LTR_like_02357	Strict non-ONSEN TE background	1318	0.9	9	6.82852807283763
BG_LTR_like_02361	Strict non-ONSEN TE background	211	0.9	0	0
BG_LTR_like_02364	Strict non-ONSEN TE background	1210	0.9	1	0.826446280991736
BG_LTR_like_02365	Strict non-ONSEN TE background	1451	0.9	6	4.13507925568573
BG_LTR_like_02366	Strict non-ONSEN TE background	1094	0.9	4	3.6563071297989
BG_LTR_like_02367	Strict non-ONSEN TE background	421	0.9	0	0
BG_LTR_like_02372	Strict non-ONSEN TE background	599	0.9	3	5.00834724540902
BG_LTR_like_02373	Strict non-ONSEN TE background	1216	0.9	1	0.822368421052632
BG_LTR_like_02374	Strict non-ONSEN TE background	1991	0.9	6	3.01356102461075
BG_LTR_like_02375	Strict non-ONSEN TE background	505	0.9	0	0
BG_LTR_like_02376	Strict non-ONSEN TE background	592	0.9	0	0
BG_LTR_like_02377	Strict non-ONSEN TE background	1398	0.9	4	2.86123032904149
BG_LTR_like_02378	Strict non-ONSEN TE background	1635	0.9	6	3.6697247706422
BG_LTR_like_02397	Strict non-ONSEN TE background	409	0.9	1	2.44498777506112
BG_LTR_like_02398	Strict non-ONSEN TE background	405	0.9	0	0
BG_LTR_like_02399	Strict non-ONSEN TE background	1648	0.9	4	2.42718446601942
BG_LTR_like_02400	Strict non-ONSEN TE background	1544	0.9	3	1.94300518134715
BG_LTR_like_02401	Strict non-ONSEN TE background	597	0.9	0	0
BG_LTR_like_02402	Strict non-ONSEN TE background	380	0.9	4	10.5263157894737
BG_LTR_like_02405	Strict non-ONSEN TE background	1191	0.9	0	0
BG_LTR_like_02406	Strict non-ONSEN TE background	483	0.9	3	6.2111801242236
BG_LTR_like_02407	Strict non-ONSEN TE background	486	0.9	1	2.05761316872428
BG_LTR_like_02408	Strict non-ONSEN TE background	253	0.9	0	0
BG_LTR_like_02409	Strict non-ONSEN TE background	210	0.9	0	0
BG_LTR_like_02410	Strict non-ONSEN TE background	1130	0.9	4	3.53982300884956
BG_LTR_like_02411	Strict non-ONSEN TE background	870	0.9	1	1.14942528735632
BG_LTR_like_02412	Strict non-ONSEN TE background	798	0.9	0	0
BG_LTR_like_02413	Strict non-ONSEN TE background	461	0.9	0	0
BG_LTR_like_02414	Strict non-ONSEN TE background	485	0.9	2	4.12371134020619
BG_LTR_like_02415	Strict non-ONSEN TE background	241	0.9	0	0
BG_LTR_like_02416	Strict non-ONSEN TE background	1157	0.9	2	1.7286084701815
BG_LTR_like_02417	Strict non-ONSEN TE background	823	0.9	2	2.43013365735115
BG_LTR_like_02418	Strict non-ONSEN TE background	577	0.9	0	0
BG_LTR_like_02419	Strict non-ONSEN TE background	435	0.9	3	6.89655172413793
BG_LTR_like_02420	Strict non-ONSEN TE background	218	0.9	0	0
BG_LTR_like_02421	Strict non-ONSEN TE background	1690	0.9	2	1.18343195266272
BG_LTR_like_02422	Strict non-ONSEN TE background	506	0.9	0	0
BG_LTR_like_02425	Strict non-ONSEN TE background	369	0.9	0	0
BG_LTR_like_02426	Strict non-ONSEN TE background	1442	0.9	3	2.08044382801664
BG_LTR_like_02427	Strict non-ONSEN TE background	1686	0.9	2	1.18623962040332
BG_LTR_like_02428	Strict non-ONSEN TE background	1762	0.9	6	3.40522133938706
BG_LTR_like_02429	Strict non-ONSEN TE background	413	0.9	0	0
BG_LTR_like_02430	Strict non-ONSEN TE background	774	0.9	2	2.58397932816537
BG_LTR_like_02431	Strict non-ONSEN TE background	380	0.9	4	10.5263157894737
BG_LTR_like_02432	Strict non-ONSEN TE background	1191	0.9	0	0
BG_LTR_like_02433	Strict non-ONSEN TE background	483	0.9	3	6.2111801242236
BG_LTR_like_02434	Strict non-ONSEN TE background	486	0.9	1	2.05761316872428
BG_LTR_like_02435	Strict non-ONSEN TE background	253	0.9	0	0
BG_LTR_like_02436	Strict non-ONSEN TE background	210	0.9	0	0
BG_LTR_like_02437	Strict non-ONSEN TE background	1130	0.9	4	3.53982300884956
BG_LTR_like_02438	Strict non-ONSEN TE background	870	0.9	1	1.14942528735632
BG_LTR_like_02439	Strict non-ONSEN TE background	798	0.9	0	0
BG_LTR_like_02440	Strict non-ONSEN TE background	461	0.9	0	0
BG_LTR_like_02441	Strict non-ONSEN TE background	485	0.9	2	4.12371134020619
BG_LTR_like_02442	Strict non-ONSEN TE background	241	0.9	0	0
BG_LTR_like_02443	Strict non-ONSEN TE background	1157	0.9	2	1.7286084701815
BG_LTR_like_02444	Strict non-ONSEN TE background	823	0.9	2	2.43013365735115
BG_LTR_like_02445	Strict non-ONSEN TE background	577	0.9	0	0
BG_LTR_like_02446	Strict non-ONSEN TE background	435	0.9	3	6.89655172413793
BG_LTR_like_02447	Strict non-ONSEN TE background	218	0.9	0	0
BG_LTR_like_02448	Strict non-ONSEN TE background	1690	0.9	2	1.18343195266272
BG_LTR_like_02449	Strict non-ONSEN TE background	506	0.9	0	0
BG_LTR_like_02452	Strict non-ONSEN TE background	369	0.9	0	0
BG_LTR_like_02453	Strict non-ONSEN TE background	1442	0.9	3	2.08044382801664
BG_LTR_like_02454	Strict non-ONSEN TE background	1686	0.9	2	1.18623962040332
BG_LTR_like_02455	Strict non-ONSEN TE background	604	0.9	2	3.3112582781457
BG_LTR_like_02456	Strict non-ONSEN TE background	1733	0.9	3	1.73110213502597
BG_LTR_like_02459	Strict non-ONSEN TE background	421	0.9	4	9.50118764845606
BG_LTR_like_02460	Strict non-ONSEN TE background	1682	0.9	4	2.37812128418549
BG_LTR_like_02463	Strict non-ONSEN TE background	473	0.9	0	0
BG_LTR_like_02464	Strict non-ONSEN TE background	1341	0.9	1	0.745712155108128
BG_LTR_like_02465	Strict non-ONSEN TE background	245	0.9	0	0
BG_LTR_like_02466	Strict non-ONSEN TE background	1111	0.9	2	1.8001800180018
BG_LTR_like_02467	Strict non-ONSEN TE background	776	0.9	2	2.57731958762887
BG_LTR_like_02468	Strict non-ONSEN TE background	335	0.9	0	0
BG_LTR_like_02469	Strict non-ONSEN TE background	443	0.9	5	11.2866817155756
BG_LTR_like_02470	Strict non-ONSEN TE background	1612	0.9	2	1.24069478908189
BG_LTR_like_02471	Strict non-ONSEN TE background	506	0.9	0	0
BG_LTR_like_02472	Strict non-ONSEN TE background	211	0.9	0	0
BG_LTR_like_02473	Strict non-ONSEN TE background	1451	0.9	3	2.06753962784287
BG_LTR_like_02474	Strict non-ONSEN TE background	1692	0.9	2	1.18203309692671
BG_LTR_like_02475	Strict non-ONSEN TE background	1801	0.9	3	1.66574125485841
BG_LTR_like_02478	Strict non-ONSEN TE background	1423	0.9	1	0.702740688685875
BG_LTR_like_02479	Strict non-ONSEN TE background	1856	0.9	2	1.07758620689655
BG_LTR_like_02480	Strict non-ONSEN TE background	426	0.9	1	2.34741784037559
BG_LTR_like_02481	Strict non-ONSEN TE background	300	0.9	0	0
BG_LTR_like_02482	Strict non-ONSEN TE background	669	0.9	0	0
BG_LTR_like_02483	Strict non-ONSEN TE background	321	0.9	0	0
BG_LTR_like_02484	Strict non-ONSEN TE background	1525	0.9	0	0
BG_LTR_like_02485	Strict non-ONSEN TE background	874	0.9	0	0
BG_LTR_like_02486	Strict non-ONSEN TE background	1694	0.9	5	2.95159386068477
BG_LTR_like_02489	Strict non-ONSEN TE background	520	0.9	0	0
BG_LTR_like_02494	Strict non-ONSEN TE background	307	0.9	0	0
BG_LTR_like_02495	Strict non-ONSEN TE background	259	0.9	0	0
BG_LTR_like_02496	Strict non-ONSEN TE background	566	0.9	0	0
BG_LTR_like_02499	Strict non-ONSEN TE background	542	0.9	0	0
BG_LTR_like_02502	Strict non-ONSEN TE background	1448	0.9	2	1.38121546961326
BG_LTR_like_02503	Strict non-ONSEN TE background	407	0.9	0	0
BG_LTR_like_02507	Strict non-ONSEN TE background	1357	0.9	3	2.21075902726603
BG_LTR_like_02510	Strict non-ONSEN TE background	407	0.9	0	0
BG_LTR_like_02511	Strict non-ONSEN TE background	1978	0.9	2	1.01112234580384
BG_LTR_like_02514	Strict non-ONSEN TE background	1144	0.9	2	1.74825174825175
BG_LTR_like_02515	Strict non-ONSEN TE background	1912	0.9	15	7.84518828451883
BG_LTR_like_02516	Strict non-ONSEN TE background	294	0.9	0	0
BG_LTR_like_02517	Strict non-ONSEN TE background	219	0.9	0	0
BG_LTR_like_02520	Strict non-ONSEN TE background	1116	0.9	4	3.584229390681
BG_LTR_like_02523	Strict non-ONSEN TE background	941	0.9	2	2.12539851222104
BG_LTR_like_02526	Strict non-ONSEN TE background	1115	0.9	1	0.896860986547085
BG_LTR_like_02527	Strict non-ONSEN TE background	1631	0.9	3	1.83936235438381
BG_LTR_like_02528	Strict non-ONSEN TE background	1194	0.9	8	6.7001675041876
BG_LTR_like_02529	Strict non-ONSEN TE background	1620	0.9	0	0
BG_LTR_like_02530	Strict non-ONSEN TE background	1086	0.9	5	4.60405156537753
BG_LTR_like_02531	Strict non-ONSEN TE background	1305	0.9	2	1.53256704980843
BG_LTR_like_02532	Strict non-ONSEN TE background	1659	0.9	1	0.602772754671489
BG_LTR_like_02535	Strict non-ONSEN TE background	625	0.9	1	1.6
BG_LTR_like_02536	Strict non-ONSEN TE background	926	0.9	0	0
BG_LTR_like_02539	Strict non-ONSEN TE background	254	0.9	0	0
BG_LTR_like_02540	Strict non-ONSEN TE background	1302	0.9	2	1.53609831029186
BG_LTR_like_02541	Strict non-ONSEN TE background	621	0.9	0	0
BG_LTR_like_02542	Strict non-ONSEN TE background	262	0.9	0	0
BG_LTR_like_02543	Strict non-ONSEN TE background	651	0.9	1	1.53609831029186
BG_LTR_like_02544	Strict non-ONSEN TE background	283	0.9	0	0
BG_LTR_like_02545	Strict non-ONSEN TE background	650	0.9	1	1.53846153846154
BG_LTR_like_02546	Strict non-ONSEN TE background	288	0.9	0	0
BG_LTR_like_02549	Strict non-ONSEN TE background	459	0.9	0	0
BG_LTR_like_02550	Strict non-ONSEN TE background	263	0.9	0	0
BG_LTR_like_02551	Strict non-ONSEN TE background	1650	0.9	20	12.1212121212121
BG_LTR_like_02552	Strict non-ONSEN TE background	1274	0.9	5	3.92464678178964
BG_LTR_like_02553	Strict non-ONSEN TE background	824	0.9	9	10.9223300970874
BG_LTR_like_02556	Strict non-ONSEN TE background	593	0.9	1	1.68634064080944
BG_LTR_like_02557	Strict non-ONSEN TE background	211	0.9	0	0
BG_LTR_like_02558	Strict non-ONSEN TE background	258	0.9	1	3.87596899224806
BG_LTR_like_02559	Strict non-ONSEN TE background	1810	0.9	2	1.10497237569061
BG_LTR_like_02560	Strict non-ONSEN TE background	1157	0.9	1	0.864304235090752
BG_LTR_like_02561	Strict non-ONSEN TE background	1215	0.9	6	4.93827160493827
BG_LTR_like_02565	Strict non-ONSEN TE background	1220	0.9	2	1.63934426229508
BG_LTR_like_02566	Strict non-ONSEN TE background	966	0.9	9	9.3167701863354
BG_LTR_like_02567	Strict non-ONSEN TE background	200	0.9	1	5
BG_LTR_like_02568	Strict non-ONSEN TE background	1870	0.9	5	2.67379679144385
BG_LTR_like_02569	Strict non-ONSEN TE background	1866	0.9	1	0.535905680600214
BG_LTR_like_02570	Strict non-ONSEN TE background	518	0.9	1	1.93050193050193
BG_LTR_like_02573	Strict non-ONSEN TE background	1656	0.9	3	1.81159420289855
BG_LTR_like_02574	Strict non-ONSEN TE background	280	0.9	1	3.57142857142857
BG_LTR_like_02577	Strict non-ONSEN TE background	353	0.9	12	33.9943342776204
BG_LTR_like_02578	Strict non-ONSEN TE background	1275	0.9	0	0
BG_LTR_like_02581	Strict non-ONSEN TE background	813	0.9	5	6.15006150061501
BG_LTR_like_02582	Strict non-ONSEN TE background	1016	0.9	2	1.96850393700787
BG_LTR_like_02583	Strict non-ONSEN TE background	1943	0.9	0	0
BG_LTR_like_02584	Strict non-ONSEN TE background	1770	0.9	2	1.12994350282486
BG_LTR_like_02585	Strict non-ONSEN TE background	439	0.9	0	0
BG_LTR_like_02586	Strict non-ONSEN TE background	1197	0.9	1	0.835421888053467
BG_LTR_like_02587	Strict non-ONSEN TE background	1128	0.9	0	0
BG_LTR_like_02588	Strict non-ONSEN TE background	1130	0.9	1	0.884955752212389
BG_LTR_like_02589	Strict non-ONSEN TE background	1579	0.9	2	1.26662444585181
BG_LTR_like_02590	Strict non-ONSEN TE background	620	0.9	1	1.61290322580645
BG_LTR_like_02593	Strict non-ONSEN TE background	620	0.9	1	1.61290322580645
BG_LTR_like_02594	Strict non-ONSEN TE background	366	0.9	0	0
BG_LTR_like_02595	Strict non-ONSEN TE background	1207	0.9	0	0
BG_LTR_like_02596	Strict non-ONSEN TE background	1532	0.9	2	1.30548302872063
BG_LTR_like_02597	Strict non-ONSEN TE background	201	0.9	0	0
BG_LTR_like_02598	Strict non-ONSEN TE background	279	0.9	0	0
BG_LTR_like_02599	Strict non-ONSEN TE background	389	0.9	0	0
BG_LTR_like_02602	Strict non-ONSEN TE background	1234	0.9	6	4.86223662884927
BG_LTR_like_02605	Strict non-ONSEN TE background	905	0.9	1	1.10497237569061
BG_LTR_like_02606	Strict non-ONSEN TE background	900	0.9	2	2.22222222222222
BG_LTR_like_02607	Strict non-ONSEN TE background	894	0.9	0	0
BG_LTR_like_02608	Strict non-ONSEN TE background	528	0.9	3	5.68181818181818
BG_LTR_like_02611	Strict non-ONSEN TE background	693	0.9	0	0
BG_LTR_like_02612	Strict non-ONSEN TE background	1292	0.9	0	0
BG_LTR_like_02613	Strict non-ONSEN TE background	248	0.9	0	0
BG_LTR_like_02616	Strict non-ONSEN TE background	537	0.9	0	0
BG_LTR_like_02617	Strict non-ONSEN TE background	845	0.9	2	2.36686390532544
BG_LTR_like_02618	Strict non-ONSEN TE background	316	0.9	4	12.6582278481013
BG_LTR_like_02619	Strict non-ONSEN TE background	345	0.9	0	0
BG_LTR_like_02620	Strict non-ONSEN TE background	1668	0.9	3	1.79856115107914
BG_LTR_like_02621	Strict non-ONSEN TE background	1067	0.9	1	0.937207122774133
BG_LTR_like_02622	Strict non-ONSEN TE background	1362	0.9	2	1.46842878120411
BG_LTR_like_02623	Strict non-ONSEN TE background	1218	0.9	1	0.821018062397373
BG_LTR_like_02624	Strict non-ONSEN TE background	1259	0.9	1	0.79428117553614
BG_LTR_like_02625	Strict non-ONSEN TE background	233	0.9	0	0
BG_LTR_like_02626	Strict non-ONSEN TE background	485	0.9	4	8.24742268041237
BG_LTR_like_02627	Strict non-ONSEN TE background	259	0.9	0	0
BG_LTR_like_02632	Strict non-ONSEN TE background	360	0.9	0	0
BG_LTR_like_02633	Strict non-ONSEN TE background	463	0.9	1	2.15982721382289
BG_LTR_like_02634	Strict non-ONSEN TE background	1179	0.9	0	0
BG_LTR_like_02635	Strict non-ONSEN TE background	356	0.9	2	5.61797752808989
BG_LTR_like_02636	Strict non-ONSEN TE background	830	0.9	2	2.40963855421687
BG_LTR_like_02637	Strict non-ONSEN TE background	257	0.9	0	0
BG_LTR_like_02640	Strict non-ONSEN TE background	1210	0.9	0	0
BG_LTR_like_02698	Strict non-ONSEN TE background	201	0.9	1	4.97512437810945
BG_LTR_like_02699	Strict non-ONSEN TE background	920	0.9	2	2.17391304347826
BG_LTR_like_02704	Strict non-ONSEN TE background	1093	0.9	1	0.914913083257091
BG_LTR_like_02705	Strict non-ONSEN TE background	884	0.9	0	0
BG_LTR_like_02706	Strict non-ONSEN TE background	675	0.9	0	0
BG_LTR_like_02712	Strict non-ONSEN TE background	369	0.9	0	0
BG_LTR_like_02713	Strict non-ONSEN TE background	1524	0.9	0	0
BG_LTR_like_02714	Strict non-ONSEN TE background	212	0.9	0	0
BG_LTR_like_02715	Strict non-ONSEN TE background	241	0.9	0	0
BG_LTR_like_02716	Strict non-ONSEN TE background	1591	0.9	1	0.628535512256443
BG_LTR_like_02717	Strict non-ONSEN TE background	304	0.9	0	0
BG_LTR_like_02718	Strict non-ONSEN TE background	393	0.9	1	2.54452926208651
BG_LTR_like_02719	Strict non-ONSEN TE background	657	0.9	0	0
BG_LTR_like_02720	Strict non-ONSEN TE background	515	0.9	5	9.70873786407767
BG_LTR_like_02721	Strict non-ONSEN TE background	300	0.9	0	0
BG_LTR_like_02722	Strict non-ONSEN TE background	639	0.9	6	9.38967136150235
BG_LTR_like_02723	Strict non-ONSEN TE background	471	0.9	0	0
BG_LTR_like_02726	Strict non-ONSEN TE background	1200	0.9	1	0.833333333333333
BG_LTR_like_02727	Strict non-ONSEN TE background	1207	0.9	2	1.65700082850041
BG_LTR_like_02728	Strict non-ONSEN TE background	851	0.9	0	0
BG_LTR_like_02739	Strict non-ONSEN TE background	717	0.9	1	1.39470013947001
BG_LTR_like_02740	Strict non-ONSEN TE background	346	0.9	0	0
BG_LTR_like_02780	Strict non-ONSEN TE background	323	0.9	0	0
BG_LTR_like_02781	Strict non-ONSEN TE background	233	0.9	0	0
BG_LTR_like_02787	Strict non-ONSEN TE background	555	0.9	1	1.8018018018018
BG_LTR_like_02788	Strict non-ONSEN TE background	258	0.9	0	0
BG_LTR_like_02789	Strict non-ONSEN TE background	216	0.9	1	4.62962962962963
BG_LTR_like_02790	Strict non-ONSEN TE background	228	0.9	0	0
BG_LTR_like_02791	Strict non-ONSEN TE background	463	0.9	5	10.7991360691145
BG_LTR_like_02795	Strict non-ONSEN TE background	202	0.9	0	0
BG_LTR_like_02828	Strict non-ONSEN TE background	1024	0.9	1	0.9765625
BG_LTR_like_02843	Strict non-ONSEN TE background	228	0.9	0	0
BG_LTR_like_02846	Strict non-ONSEN TE background	287	0.9	0	0
BG_LTR_like_02847	Strict non-ONSEN TE background	355	0.9	1	2.8169014084507
BG_LTR_like_02848	Strict non-ONSEN TE background	209	0.9	0	0
BG_LTR_like_02849	Strict non-ONSEN TE background	378	0.9	0	0
BG_LTR_like_02870	Strict non-ONSEN TE background	521	0.9	2	3.83877159309021
BG_LTR_like_02874	Strict non-ONSEN TE background	290	0.9	0	0
BG_LTR_like_02875	Strict non-ONSEN TE background	256	0.9	0	0
BG_LTR_like_02876	Strict non-ONSEN TE background	887	0.9	9	10.1465614430665
BG_LTR_like_02879	Strict non-ONSEN TE background	700	0.9	1	1.42857142857143
BG_LTR_like_02883	Strict non-ONSEN TE background	853	0.9	9	10.5509964830012
BG_LTR_like_02901	Strict non-ONSEN TE background	302	0.9	0	0
BG_LTR_like_02902	Strict non-ONSEN TE background	472	0.9	0	0
BG_LTR_like_02929	Strict non-ONSEN TE background	299	0.9	0	0
BG_LTR_like_02937	Strict non-ONSEN TE background	201	0.9	0	0
BG_LTR_like_03130	Strict non-ONSEN TE background	655	0.9	0	0
BG_LTR_like_03131	Strict non-ONSEN TE background	297	0.9	0	0
BG_LTR_like_03153	Strict non-ONSEN TE background	203	0.9	0	0
BG_LTR_like_03154	Strict non-ONSEN TE background	501	0.9	0	0
BG_LTR_like_03155	Strict non-ONSEN TE background	256	0.9	0	0
BG_LTR_like_03182	Strict non-ONSEN TE background	219	0.9	1	4.5662100456621
BG_LTR_like_03190	Strict non-ONSEN TE background	288	0.9	1	3.47222222222222
BG_LTR_like_03191	Strict non-ONSEN TE background	228	0.9	0	0
BG_LTR_like_03276	Strict non-ONSEN TE background	222	0.9	0	0
BG_LTR_like_03289	Strict non-ONSEN TE background	364	0.9	0	0
BG_LTR_like_03290	Strict non-ONSEN TE background	213	0.9	0	0
BG_LTR_like_03293	Strict non-ONSEN TE background	966	0.9	0	0
BG_LTR_like_03294	Strict non-ONSEN TE background	375	0.9	0	0
BG_LTR_like_03319	Strict non-ONSEN TE background	989	0.9	6	6.06673407482305
BG_LTR_like_03345	Strict non-ONSEN TE background	234	0.9	0	0
BG_LTR_like_03362	Strict non-ONSEN TE background	655	0.9	0	0
BG_LTR_like_03389	Strict non-ONSEN TE background	220	0.9	0	0
BG_LTR_like_03390	Strict non-ONSEN TE background	225	0.9	0	0
BG_LTR_like_03448	Strict non-ONSEN TE background	233	0.9	0	0
BG_LTR_like_03451	Strict non-ONSEN TE background	384	0.9	0	0
BG_LTR_like_03501	Strict non-ONSEN TE background	306	0.9	0	0
BG_LTR_like_03511	Strict non-ONSEN TE background	570	0.9	1	1.75438596491228
BG_LTR_like_03512	Strict non-ONSEN TE background	221	0.9	0	0
BG_LTR_like_03513	Strict non-ONSEN TE background	419	0.9	1	2.38663484486874
BG_LTR_like_03538	Strict non-ONSEN TE background	207	0.9	0	0
BG_LTR_like_03583	Strict non-ONSEN TE background	202	0.9	0	0
BG_LTR_like_03600	Strict non-ONSEN TE background	246	0.9	0	0
BG_LTR_like_03662	Strict non-ONSEN TE background	440	0.9	0	0
BG_LTR_like_03728	Strict non-ONSEN TE background	226	0.9	1	4.42477876106195
BG_LTR_like_03729	Strict non-ONSEN TE background	352	0.9	1	2.84090909090909
BG_LTR_like_03786	Strict non-ONSEN TE background	251	0.9	0	0
BG_LTR_like_03865	Strict non-ONSEN TE background	232	0.9	0	0
BG_LTR_like_03882	Strict non-ONSEN TE background	324	0.9	0	0
BG_LTR_like_03949	Strict non-ONSEN TE background	327	0.9	2	6.11620795107034
BG_LTR_like_04081	Strict non-ONSEN TE background	443	0.9	0	0
BG_LTR_like_04547	Strict non-ONSEN TE background	644	0.9	1	1.5527950310559
BG_LTR_like_04548	Strict non-ONSEN TE background	350	0.9	0	0
BG_LTR_like_04603	Strict non-ONSEN TE background	854	0.9	0	0
BG_LTR_like_04604	Strict non-ONSEN TE background	375	0.9	1	2.66666666666667
BG_LTR_like_04605	Strict non-ONSEN TE background	1451	0.9	0	0
BG_LTR_like_04606	Strict non-ONSEN TE background	692	0.9	1	1.44508670520231
BG_LTR_like_04649	Strict non-ONSEN TE background	444	0.9	1	2.25225225225225
BG_LTR_like_04650	Strict non-ONSEN TE background	1178	0.9	3	2.54668930390492
BG_LTR_like_04651	Strict non-ONSEN TE background	326	0.9	2	6.13496932515337
BG_LTR_like_04652	Strict non-ONSEN TE background	429	0.9	1	2.33100233100233
BG_LTR_like_04653	Strict non-ONSEN TE background	621	0.9	3	4.83091787439614
BG_LTR_like_04654	Strict non-ONSEN TE background	674	0.9	1	1.48367952522255
BG_LTR_like_04659	Strict non-ONSEN TE background	1200	0.9	2	1.66666666666667
BG_LTR_like_04660	Strict non-ONSEN TE background	774	0.9	2	2.58397932816537
BG_LTR_like_04661	Strict non-ONSEN TE background	1221	0.9	5	4.09500409500409
BG_LTR_like_04669	Strict non-ONSEN TE background	708	0.9	6	8.47457627118644
BG_LTR_like_04672	Strict non-ONSEN TE background	291	0.9	0	0
BG_LTR_like_04673	Strict non-ONSEN TE background	1794	0.9	2	1.11482720178372
BG_LTR_like_04699	Strict non-ONSEN TE background	428	0.9	7	16.3551401869159
BG_LTR_like_04700	Strict non-ONSEN TE background	1476	0.9	4	2.710027100271
BG_LTR_like_04701	Strict non-ONSEN TE background	329	0.9	0	0
BG_LTR_like_04709	Strict non-ONSEN TE background	209	0.9	0	0
BG_LTR_like_04710	Strict non-ONSEN TE background	519	0.9	0	0
BG_LTR_like_04713	Strict non-ONSEN TE background	388	0.9	1	2.57731958762887
BG_LTR_like_04714	Strict non-ONSEN TE background	1179	0.9	1	0.848176420695505
BG_LTR_like_04715	Strict non-ONSEN TE background	364	0.9	0	0
BG_LTR_like_04716	Strict non-ONSEN TE background	430	0.9	1	2.32558139534884
BG_LTR_like_04725	Strict non-ONSEN TE background	498	0.9	1	2.00803212851406
BG_LTR_like_04726	Strict non-ONSEN TE background	1930	0.9	3	1.55440414507772
BG_LTR_like_04761	Strict non-ONSEN TE background	313	0.9	0	0
BG_LTR_like_04764	Strict non-ONSEN TE background	901	0.9	3	3.32963374028857
BG_LTR_like_04765	Strict non-ONSEN TE background	363	0.9	1	2.75482093663912
BG_LTR_like_04766	Strict non-ONSEN TE background	1685	0.9	1	0.593471810089021
BG_LTR_like_04767	Strict non-ONSEN TE background	1842	0.9	0	0
BG_LTR_like_04770	Strict non-ONSEN TE background	551	0.9	2	3.62976406533575
BG_LTR_like_04771	Strict non-ONSEN TE background	1181	0.9	6	5.08044030482642
BG_LTR_like_04772	Strict non-ONSEN TE background	618	0.9	2	3.23624595469256
BG_LTR_like_04773	Strict non-ONSEN TE background	717	0.9	2	2.78940027894003
BG_LTR_like_04774	Strict non-ONSEN TE background	1204	0.9	3	2.49169435215947
BG_LTR_like_04775	Strict non-ONSEN TE background	827	0.9	2	2.41837968561064
BG_LTR_like_04776	Strict non-ONSEN TE background	239	0.9	0	0
BG_LTR_like_04777	Strict non-ONSEN TE background	1834	0.9	5	2.72628135223555
BG_LTR_like_04778	Strict non-ONSEN TE background	1993	0.9	0	0
BG_LTR_like_04779	Strict non-ONSEN TE background	239	0.9	0	0
BG_LTR_like_04780	Strict non-ONSEN TE background	779	0.9	4	5.13478818998716
BG_LTR_like_04781	Strict non-ONSEN TE background	1205	0.9	11	9.12863070539419
BG_LTR_like_04782	Strict non-ONSEN TE background	1829	0.9	2	1.09349371241115
BG_LTR_like_04783	Strict non-ONSEN TE background	1209	0.9	0	0
BG_LTR_like_04784	Strict non-ONSEN TE background	1569	0.9	3	1.91204588910134
BG_LTR_like_04785	Strict non-ONSEN TE background	1149	0.9	5	4.35161009573542
BG_LTR_like_04788	Strict non-ONSEN TE background	1649	0.9	2	1.21285627653123
BG_LTR_like_04789	Strict non-ONSEN TE background	1629	0.9	7	4.29711479435236
BG_LTR_like_04790	Strict non-ONSEN TE background	403	0.9	1	2.48138957816377
BG_LTR_like_04791	Strict non-ONSEN TE background	1855	0.9	5	2.69541778975741
BG_LTR_like_04792	Strict non-ONSEN TE background	370	0.9	0	0
BG_LTR_like_04796	Strict non-ONSEN TE background	1607	0.9	1	0.622277535780958
BG_LTR_like_04797	Strict non-ONSEN TE background	1684	0.9	7	4.15676959619953
BG_LTR_like_04798	Strict non-ONSEN TE background	809	0.9	1	1.23609394313968
BG_LTR_like_04799	Strict non-ONSEN TE background	526	0.9	0	0
BG_LTR_like_04800	Strict non-ONSEN TE background	873	0.9	1	1.1454753722795
BG_LTR_like_04801	Strict non-ONSEN TE background	1335	0.9	1	0.749063670411985
BG_LTR_like_04804	Strict non-ONSEN TE background	1673	0.9	3	1.7931858936043
BG_LTR_like_04807	Strict non-ONSEN TE background	307	0.9	0	0
BG_LTR_like_04808	Strict non-ONSEN TE background	620	0.9	0	0
BG_LTR_like_04809	Strict non-ONSEN TE background	1458	0.9	14	9.60219478737997
BG_LTR_like_04810	Strict non-ONSEN TE background	1346	0.9	4	2.97176820208024
BG_LTR_like_04813	Strict non-ONSEN TE background	1421	0.9	4	2.81491907107671
BG_LTR_like_04814	Strict non-ONSEN TE background	678	0.9	0	0
BG_LTR_like_04817	Strict non-ONSEN TE background	1597	0.9	5	3.13087038196619
BG_LTR_like_04818	Strict non-ONSEN TE background	1224	0.9	0	0
BG_LTR_like_04821	Strict non-ONSEN TE background	811	0.9	2	2.46609124537608
BG_LTR_like_04824	Strict non-ONSEN TE background	702	0.9	1	1.42450142450142
BG_LTR_like_04825	Strict non-ONSEN TE background	444	0.9	0	0
BG_LTR_like_04826	Strict non-ONSEN TE background	985	0.9	9	9.13705583756345
BG_LTR_like_04827	Strict non-ONSEN TE background	1588	0.9	17	10.7052896725441
BG_LTR_like_04828	Strict non-ONSEN TE background	1521	0.9	4	2.62984878369494
BG_LTR_like_04831	Strict non-ONSEN TE background	689	0.9	0	0
BG_LTR_like_04832	Strict non-ONSEN TE background	414	0.9	2	4.83091787439614
BG_LTR_like_04833	Strict non-ONSEN TE background	1030	0.9	3	2.9126213592233
BG_LTR_like_04834	Strict non-ONSEN TE background	399	0.9	11	27.5689223057644
BG_LTR_like_04835	Strict non-ONSEN TE background	341	0.9	2	5.86510263929619
BG_LTR_like_04836	Strict non-ONSEN TE background	593	0.9	0	0
BG_LTR_like_04837	Strict non-ONSEN TE background	1234	0.9	4	3.24149108589951
BG_LTR_like_04838	Strict non-ONSEN TE background	1935	0.9	6	3.10077519379845
BG_LTR_like_04839	Strict non-ONSEN TE background	281	0.9	4	14.2348754448399
BG_LTR_like_04840	Strict non-ONSEN TE background	466	0.9	2	4.29184549356223
BG_LTR_like_04845	Strict non-ONSEN TE background	235	0.9	0	0
BG_LTR_like_04846	Strict non-ONSEN TE background	1402	0.9	3	2.1398002853067
BG_LTR_like_04849	Strict non-ONSEN TE background	220	0.9	2	9.09090909090909
BG_LTR_like_04852	Strict non-ONSEN TE background	754	0.9	1	1.3262599469496
BG_LTR_like_04855	Strict non-ONSEN TE background	301	0.9	0	0
BG_LTR_like_04858	Strict non-ONSEN TE background	290	0.9	1	3.44827586206897
BG_LTR_like_04859	Strict non-ONSEN TE background	442	0.9	1	2.26244343891403
BG_LTR_like_04860	Strict non-ONSEN TE background	384	0.9	0	0
BG_LTR_like_04863	Strict non-ONSEN TE background	316	0.9	0	0
BG_LTR_like_04866	Strict non-ONSEN TE background	570	0.9	1	1.75438596491228
BG_LTR_like_04867	Strict non-ONSEN TE background	241	0.9	0	0
BG_LTR_like_04868	Strict non-ONSEN TE background	973	0.9	0	0
BG_LTR_like_04873	Strict non-ONSEN TE background	910	0.9	4	4.3956043956044
BG_LTR_like_04876	Strict non-ONSEN TE background	215	0.9	0	0
BG_LTR_like_04877	Strict non-ONSEN TE background	313	0.9	0	0
BG_LTR_like_04880	Strict non-ONSEN TE background	837	0.9	0	0
BG_LTR_like_04881	Strict non-ONSEN TE background	503	0.9	2	3.97614314115308
BG_LTR_like_04882	Strict non-ONSEN TE background	271	0.9	2	7.38007380073801
BG_LTR_like_04883	Strict non-ONSEN TE background	236	0.9	0	0
BG_LTR_like_04884	Strict non-ONSEN TE background	1822	0.9	3	1.64654226125137
BG_LTR_like_04885	Strict non-ONSEN TE background	1762	0.9	3	1.70261066969353
BG_LTR_like_04888	Strict non-ONSEN TE background	1532	0.9	10	6.52741514360313
BG_LTR_like_04889	Strict non-ONSEN TE background	1640	0.9	1	0.609756097560976
BG_LTR_like_04890	Strict non-ONSEN TE background	236	0.9	0	0
BG_LTR_like_04891	Strict non-ONSEN TE background	1801	0.9	0	0
BG_LTR_like_04892	Strict non-ONSEN TE background	1800	0.9	2	1.11111111111111
BG_LTR_like_04893	Strict non-ONSEN TE background	605	0.9	1	1.65289256198347
BG_LTR_like_04894	Strict non-ONSEN TE background	1365	0.9	2	1.46520146520147
BG_LTR_like_04897	Strict non-ONSEN TE background	1611	0.9	8	4.96585971446307
BG_LTR_like_04898	Strict non-ONSEN TE background	915	0.9	0	0
BG_LTR_like_04899	Strict non-ONSEN TE background	583	0.9	1	1.71526586620926
BG_LTR_like_04900	Strict non-ONSEN TE background	1232	0.9	6	4.87012987012987
BG_LTR_like_04901	Strict non-ONSEN TE background	580	0.9	0	0
BG_LTR_like_04902	Strict non-ONSEN TE background	622	0.9	1	1.60771704180064
BG_LTR_like_04903	Strict non-ONSEN TE background	635	0.9	0	0
BG_LTR_like_04904	Strict non-ONSEN TE background	205	0.9	0	0
BG_LTR_like_04905	Strict non-ONSEN TE background	1152	0.9	2	1.73611111111111
BG_LTR_like_04906	Strict non-ONSEN TE background	627	0.9	0	0
BG_LTR_like_04907	Strict non-ONSEN TE background	323	0.9	0	0
BG_LTR_like_04908	Strict non-ONSEN TE background	1004	0.9	0	0
BG_LTR_like_04909	Strict non-ONSEN TE background	1081	0.9	9	8.32562442183164
BG_LTR_like_04910	Strict non-ONSEN TE background	707	0.9	4	5.65770862800566
BG_LTR_like_04911	Strict non-ONSEN TE background	1773	0.9	4	2.25606316976875
BG_LTR_like_04912	Strict non-ONSEN TE background	955	0.9	6	6.28272251308901
BG_LTR_like_04913	Strict non-ONSEN TE background	521	0.9	0	0
BG_LTR_like_04914	Strict non-ONSEN TE background	254	0.9	2	7.8740157480315
BG_LTR_like_04915	Strict non-ONSEN TE background	1166	0.9	16	13.7221269296741
BG_LTR_like_04916	Strict non-ONSEN TE background	600	0.9	0	0
BG_LTR_like_04917	Strict non-ONSEN TE background	1625	0.9	5	3.07692307692308
BG_LTR_like_04920	Strict non-ONSEN TE background	1068	0.9	0	0
BG_LTR_like_04925	Strict non-ONSEN TE background	878	0.9	2	2.27790432801822
BG_LTR_like_04926	Strict non-ONSEN TE background	746	0.9	1	1.34048257372654
BG_LTR_like_04929	Strict non-ONSEN TE background	622	0.9	0	0
BG_LTR_like_04930	Strict non-ONSEN TE background	308	0.9	0	0
BG_LTR_like_04931	Strict non-ONSEN TE background	370	0.9	0	0
BG_LTR_like_04932	Strict non-ONSEN TE background	1912	0.9	1	0.523012552301255
BG_LTR_like_04933	Strict non-ONSEN TE background	1595	0.9	1	0.626959247648903
BG_LTR_like_04934	Strict non-ONSEN TE background	1600	0.9	3	1.875
BG_LTR_like_04937	Strict non-ONSEN TE background	1620	0.9	3	1.85185185185185
BG_LTR_like_04938	Strict non-ONSEN TE background	242	0.9	3	12.396694214876
BG_LTR_like_04939	Strict non-ONSEN TE background	1240	0.9	2	1.61290322580645
BG_LTR_like_04940	Strict non-ONSEN TE background	996	0.9	1	1.00401606425703
BG_LTR_like_04943	Strict non-ONSEN TE background	397	0.9	0	0
BG_LTR_like_04944	Strict non-ONSEN TE background	668	0.9	0	0
BG_LTR_like_04945	Strict non-ONSEN TE background	1601	0.9	0	0
BG_LTR_like_04946	Strict non-ONSEN TE background	1117	0.9	0	0
BG_LTR_like_04947	Strict non-ONSEN TE background	464	0.9	0	0
BG_LTR_like_04948	Strict non-ONSEN TE background	1029	0.9	2	1.94363459669582
BG_LTR_like_04949	Strict non-ONSEN TE background	1050	0.9	1	0.952380952380952
BG_LTR_like_04952	Strict non-ONSEN TE background	1807	0.9	1	0.553403431101273
BG_LTR_like_04953	Strict non-ONSEN TE background	1620	0.9	1	0.617283950617284
BG_LTR_like_04956	Strict non-ONSEN TE background	1512	0.9	3	1.98412698412698
BG_LTR_like_04957	Strict non-ONSEN TE background	275	0.9	0	0
BG_LTR_like_04958	Strict non-ONSEN TE background	560	0.9	4	7.14285714285714
BG_LTR_like_04959	Strict non-ONSEN TE background	322	0.9	0	0
BG_LTR_like_04960	Strict non-ONSEN TE background	888	0.9	1	1.12612612612613
BG_LTR_like_04961	Strict non-ONSEN TE background	247	0.9	1	4.04858299595142
BG_LTR_like_04962	Strict non-ONSEN TE background	200	0.9	0	0
BG_LTR_like_04963	Strict non-ONSEN TE background	1786	0.9	1	0.559910414333707
BG_LTR_like_04964	Strict non-ONSEN TE background	1615	0.9	3	1.85758513931889
BG_LTR_like_04965	Strict non-ONSEN TE background	692	0.9	3	4.33526011560694
BG_LTR_like_04966	Strict non-ONSEN TE background	1658	0.9	4	2.41254523522316
BG_LTR_like_04967	Strict non-ONSEN TE background	1754	0.9	7	3.99087799315849
BG_LTR_like_04972	Strict non-ONSEN TE background	1802	0.9	3	1.66481687014428
BG_LTR_like_04973	Strict non-ONSEN TE background	1740	0.9	0	0
BG_LTR_like_04974	Strict non-ONSEN TE background	1254	0.9	0	0
BG_LTR_like_04975	Strict non-ONSEN TE background	1078	0.9	4	3.71057513914657
BG_LTR_like_04976	Strict non-ONSEN TE background	1273	0.9	2	1.57109190887667
BG_LTR_like_04977	Strict non-ONSEN TE background	523	0.9	5	9.56022944550669
BG_LTR_like_04978	Strict non-ONSEN TE background	1303	0.9	0	0
BG_LTR_like_04979	Strict non-ONSEN TE background	244	0.9	1	4.0983606557377
BG_LTR_like_04980	Strict non-ONSEN TE background	307	0.9	0	0
BG_LTR_like_04981	Strict non-ONSEN TE background	780	0.9	0	0
BG_LTR_like_04982	Strict non-ONSEN TE background	644	0.9	0	0
BG_LTR_like_04983	Strict non-ONSEN TE background	320	0.9	0	0
BG_LTR_like_04984	Strict non-ONSEN TE background	437	0.9	0	0
BG_LTR_like_04985	Strict non-ONSEN TE background	923	0.9	6	6.50054171180932
BG_LTR_like_04986	Strict non-ONSEN TE background	1823	0.9	0	0
BG_LTR_like_04989	Strict non-ONSEN TE background	1796	0.9	1	0.556792873051225
BG_LTR_like_04990	Strict non-ONSEN TE background	951	0.9	5	5.25762355415352
BG_LTR_like_04993	Strict non-ONSEN TE background	621	0.9	0	0
BG_LTR_like_04994	Strict non-ONSEN TE background	1697	0.9	3	1.76782557454331
BG_LTR_like_04995	Strict non-ONSEN TE background	763	0.9	1	1.31061598951507
BG_LTR_like_05028	Strict non-ONSEN TE background	1177	0.9	2	1.69923534409516
BG_LTR_like_05029	Strict non-ONSEN TE background	1227	0.9	3	2.44498777506112
BG_LTR_like_05030	Strict non-ONSEN TE background	1514	0.9	1	0.660501981505945
BG_LTR_like_05033	Strict non-ONSEN TE background	1739	0.9	1	0.575043128234618
BG_LTR_like_05038	Strict non-ONSEN TE background	635	0.9	0	0
BG_LTR_like_05039	Strict non-ONSEN TE background	435	0.9	2	4.59770114942529
BG_LTR_like_05042	Strict non-ONSEN TE background	1479	0.9	8	5.40906017579446
BG_LTR_like_05045	Strict non-ONSEN TE background	552	0.9	0	0
BG_LTR_like_05048	Strict non-ONSEN TE background	1865	0.9	2	1.07238605898123
BG_LTR_like_05049	Strict non-ONSEN TE background	1072	0.9	2	1.86567164179104
BG_LTR_like_05050	Strict non-ONSEN TE background	793	0.9	0	0
BG_LTR_like_05051	Strict non-ONSEN TE background	440	0.9	0	0
BG_LTR_like_05052	Strict non-ONSEN TE background	929	0.9	4	4.30570505920344
BG_LTR_like_05053	Strict non-ONSEN TE background	357	0.9	0	0
BG_LTR_like_05054	Strict non-ONSEN TE background	1841	0.9	6	3.25909831613254
BG_LTR_like_05057	Strict non-ONSEN TE background	1678	0.9	7	4.17163289630513
BG_LTR_like_05058	Strict non-ONSEN TE background	1208	0.9	1	0.827814569536424
BG_LTR_like_05059	Strict non-ONSEN TE background	602	0.9	0	0
BG_LTR_like_05060	Strict non-ONSEN TE background	1579	0.9	3	1.89993666877771
BG_LTR_like_05061	Strict non-ONSEN TE background	257	0.9	0	0
BG_LTR_like_05062	Strict non-ONSEN TE background	636	0.9	5	7.86163522012579
BG_LTR_like_05063	Strict non-ONSEN TE background	354	0.9	0	0
BG_LTR_like_05064	Strict non-ONSEN TE background	902	0.9	1	1.10864745011086
BG_LTR_like_05065	Strict non-ONSEN TE background	477	0.9	0	0
BG_LTR_like_05066	Strict non-ONSEN TE background	302	0.9	0	0
BG_LTR_like_05067	Strict non-ONSEN TE background	1172	0.9	6	5.11945392491468
BG_LTR_like_05068	Strict non-ONSEN TE background	227	0.9	0	0
BG_LTR_like_05069	Strict non-ONSEN TE background	618	0.9	0	0
BG_LTR_like_05070	Strict non-ONSEN TE background	200	0.9	0	0
BG_LTR_like_05071	Strict non-ONSEN TE background	1291	0.9	3	2.32378001549187
BG_LTR_like_05072	Strict non-ONSEN TE background	1157	0.9	0	0
BG_LTR_like_05073	Strict non-ONSEN TE background	1228	0.9	2	1.62866449511401
BG_LTR_like_05074	Strict non-ONSEN TE background	304	0.9	0	0
BG_LTR_like_05075	Strict non-ONSEN TE background	286	0.9	2	6.99300699300699
BG_LTR_like_05076	Strict non-ONSEN TE background	1185	0.9	5	4.21940928270042
BG_LTR_like_05077	Strict non-ONSEN TE background	1482	0.9	8	5.39811066126856
BG_LTR_like_05078	Strict non-ONSEN TE background	231	0.9	0	0
BG_LTR_like_05079	Strict non-ONSEN TE background	1241	0.9	0	0
BG_LTR_like_05080	Strict non-ONSEN TE background	201	0.9	0	0
BG_LTR_like_05081	Strict non-ONSEN TE background	1372	0.9	1	0.728862973760933
BG_LTR_like_05082	Strict non-ONSEN TE background	741	0.9	1	1.34952766531714
BG_LTR_like_05085	Strict non-ONSEN TE background	1517	0.9	12	7.91034937376401
BG_LTR_like_05086	Strict non-ONSEN TE background	424	0.9	1	2.35849056603774
BG_LTR_like_05087	Strict non-ONSEN TE background	1632	0.9	8	4.90196078431373
BG_LTR_like_05090	Strict non-ONSEN TE background	339	0.9	4	11.7994100294985
BG_LTR_like_05091	Strict non-ONSEN TE background	259	0.9	0	0
BG_LTR_like_05092	Strict non-ONSEN TE background	295	0.9	2	6.77966101694915
BG_LTR_like_05095	Strict non-ONSEN TE background	1674	0.9	0	0
BG_LTR_like_05096	Strict non-ONSEN TE background	310	0.9	0	0
BG_LTR_like_05099	Strict non-ONSEN TE background	261	0.9	1	3.83141762452107
BG_LTR_like_05100	Strict non-ONSEN TE background	211	0.9	0	0
BG_LTR_like_05101	Strict non-ONSEN TE background	1379	0.9	1	0.725163161711385
BG_LTR_like_05102	Strict non-ONSEN TE background	1008	0.9	0	0
BG_LTR_like_05103	Strict non-ONSEN TE background	1198	0.9	1	0.834724540901502
BG_LTR_like_05104	Strict non-ONSEN TE background	262	0.9	0	0
BG_LTR_like_05105	Strict non-ONSEN TE background	1059	0.9	1	0.944287063267233
BG_LTR_like_05106	Strict non-ONSEN TE background	531	0.9	3	5.64971751412429
BG_LTR_like_05107	Strict non-ONSEN TE background	784	0.9	1	1.27551020408163
BG_LTR_like_05108	Strict non-ONSEN TE background	218	0.9	0	0
BG_LTR_like_05111	Strict non-ONSEN TE background	1198	0.9	0	0
BG_LTR_like_05114	Strict non-ONSEN TE background	234	0.9	0	0
BG_LTR_like_05115	Strict non-ONSEN TE background	483	0.9	0	0
BG_LTR_like_05116	Strict non-ONSEN TE background	1352	0.9	2	1.4792899408284
BG_LTR_like_05119	Strict non-ONSEN TE background	1628	0.9	1	0.614250614250614
BG_LTR_like_05120	Strict non-ONSEN TE background	1278	0.9	1	0.782472613458529
BG_LTR_like_05121	Strict non-ONSEN TE background	269	0.9	0	0
BG_LTR_like_05122	Strict non-ONSEN TE background	483	0.9	1	2.0703933747412
BG_LTR_like_05123	Strict non-ONSEN TE background	1712	0.9	1	0.58411214953271
BG_LTR_like_05124	Strict non-ONSEN TE background	1236	0.9	6	4.85436893203883
BG_LTR_like_05125	Strict non-ONSEN TE background	276	0.9	0	0
BG_LTR_like_05126	Strict non-ONSEN TE background	354	0.9	0	0
BG_LTR_like_05127	Strict non-ONSEN TE background	253	0.9	0	0
BG_LTR_like_05128	Strict non-ONSEN TE background	1368	0.9	1	0.730994152046784
BG_LTR_like_05129	Strict non-ONSEN TE background	446	0.9	0	0
BG_LTR_like_05130	Strict non-ONSEN TE background	948	0.9	1	1.05485232067511
BG_LTR_like_05131	Strict non-ONSEN TE background	446	0.9	0	0
BG_LTR_like_05132	Strict non-ONSEN TE background	1627	0.9	5	3.07314074984634
BG_LTR_like_05135	Strict non-ONSEN TE background	1925	0.9	6	3.11688311688312
BG_LTR_like_05136	Strict non-ONSEN TE background	912	0.9	0	0
BG_LTR_like_05137	Strict non-ONSEN TE background	1323	0.9	3	2.26757369614512
BG_LTR_like_05140	Strict non-ONSEN TE background	752	0.9	1	1.32978723404255
BG_LTR_like_05141	Strict non-ONSEN TE background	411	0.9	0	0
BG_LTR_like_05144	Strict non-ONSEN TE background	1611	0.9	4	2.48292985723153
BG_LTR_like_05145	Strict non-ONSEN TE background	1211	0.9	0	0
BG_LTR_like_05146	Strict non-ONSEN TE background	1176	0.9	3	2.55102040816327
BG_LTR_like_05149	Strict non-ONSEN TE background	1335	0.9	5	3.74531835205993
BG_LTR_like_05154	Strict non-ONSEN TE background	1922	0.9	6	3.12174817898023
BG_LTR_like_05155	Strict non-ONSEN TE background	1696	0.9	3	1.7688679245283
BG_LTR_like_05168	Strict non-ONSEN TE background	430	0.9	2	4.65116279069767
BG_LTR_like_05169	Strict non-ONSEN TE background	618	0.9	1	1.61812297734628
BG_LTR_like_05186	Strict non-ONSEN TE background	308	0.9	0	0
BG_LTR_like_05187	Strict non-ONSEN TE background	1810	0.9	0	0
BG_LTR_like_05188	Strict non-ONSEN TE background	254	0.9	0	0
BG_LTR_like_05189	Strict non-ONSEN TE background	301	0.9	1	3.32225913621262
BG_LTR_like_05206	Strict non-ONSEN TE background	494	0.9	1	2.02429149797571
BG_LTR_like_05207	Strict non-ONSEN TE background	426	0.9	0	0
BG_LTR_like_05208	Strict non-ONSEN TE background	453	0.9	0	0
BG_LTR_like_05211	Strict non-ONSEN TE background	1990	0.9	2	1.00502512562814
BG_LTR_like_05212	Strict non-ONSEN TE background	541	0.9	6	11.090573012939
BG_LTR_like_05213	Strict non-ONSEN TE background	1239	0.9	5	4.03551251008878
BG_LTR_like_05214	Strict non-ONSEN TE background	984	0.9	13	13.2113821138211
BG_LTR_like_05217	Strict non-ONSEN TE background	1742	0.9	3	1.72215843857635
BG_LTR_like_05220	Strict non-ONSEN TE background	1922	0.9	5	2.60145681581686
BG_LTR_like_05223	Strict non-ONSEN TE background	473	0.9	0	0
BG_LTR_like_05224	Strict non-ONSEN TE background	508	0.9	0	0
BG_LTR_like_05225	Strict non-ONSEN TE background	951	0.9	9	9.46372239747634
BG_LTR_like_05226	Strict non-ONSEN TE background	1308	0.9	0	0
BG_LTR_like_05227	Strict non-ONSEN TE background	1133	0.9	3	2.64783759929391
BG_LTR_like_05228	Strict non-ONSEN TE background	419	0.9	1	2.38663484486874
BG_LTR_like_05229	Strict non-ONSEN TE background	389	0.9	0	0
BG_LTR_like_05232	Strict non-ONSEN TE background	726	0.9	0	0
BG_LTR_like_05233	Strict non-ONSEN TE background	323	0.9	0	0
BG_LTR_like_05236	Strict non-ONSEN TE background	619	0.9	1	1.61550888529887
BG_LTR_like_05237	Strict non-ONSEN TE background	845	0.9	3	3.55029585798817
BG_LTR_like_05238	Strict non-ONSEN TE background	286	0.9	0	0
BG_LTR_like_05241	Strict non-ONSEN TE background	1399	0.9	2	1.42959256611866
BG_LTR_like_05242	Strict non-ONSEN TE background	1549	0.9	7	4.51904454486766
BG_LTR_like_05244	Strict non-ONSEN TE background	1625	0.9	5	3.07692307692308
BG_LTR_like_05245	Strict non-ONSEN TE background	267	0.9	0	0
BG_LTR_like_05246	Strict non-ONSEN TE background	1155	0.9	4	3.46320346320346
BG_LTR_like_05247	Strict non-ONSEN TE background	481	0.9	0	0
BG_LTR_like_05248	Strict non-ONSEN TE background	339	0.9	2	5.89970501474926
BG_LTR_like_05249	Strict non-ONSEN TE background	334	0.9	0	0
BG_LTR_like_05250	Strict non-ONSEN TE background	317	0.9	0	0
BG_LTR_like_05251	Strict non-ONSEN TE background	330	0.9	4	12.1212121212121
BG_LTR_like_05287	Strict non-ONSEN TE background	323	0.9	1	3.09597523219814
BG_LTR_like_05290	Strict non-ONSEN TE background	234	0.9	0	0
BG_LTR_like_05295	Strict non-ONSEN TE background	221	0.9	0	0
BG_LTR_like_05301	Strict non-ONSEN TE background	353	0.9	4	11.3314447592068
BG_LTR_like_05318	Strict non-ONSEN TE background	960	0.9	0	0
BG_LTR_like_05347	Strict non-ONSEN TE background	773	0.9	4	5.17464424320828
BG_LTR_like_05367	Strict non-ONSEN TE background	248	0.9	0	0
BG_LTR_like_05442	Strict non-ONSEN TE background	260	0.9	3	11.5384615384615
BG_LTR_like_05473	Strict non-ONSEN TE background	280	0.9	6	21.4285714285714
BG_LTR_like_05478	Strict non-ONSEN TE background	368	0.9	0	0
BG_LTR_like_05494	Strict non-ONSEN TE background	426	0.9	0	0
BG_LTR_like_05495	Strict non-ONSEN TE background	278	0.9	0	0
BG_LTR_like_05525	Strict non-ONSEN TE background	228	0.9	0	0
BG_LTR_like_05526	Strict non-ONSEN TE background	1554	0.9	0	0
BG_LTR_like_05575	Strict non-ONSEN TE background	260	0.9	2	7.69230769230769
BG_LTR_like_05592	Strict non-ONSEN TE background	351	0.9	0	0
BG_LTR_like_05596	Strict non-ONSEN TE background	381	0.9	0	0
BG_LTR_like_05628	Strict non-ONSEN TE background	578	0.9	0	0
BG_LTR_like_05644	Strict non-ONSEN TE background	349	0.9	0	0
BG_LTR_like_05689	Strict non-ONSEN TE background	352	0.9	0	0
BG_LTR_like_05740	Strict non-ONSEN TE background	550	0.9	2	3.63636363636364
BG_LTR_like_05741	Strict non-ONSEN TE background	407	0.9	0	0
BG_LTR_like_05757	Strict non-ONSEN TE background	352	0.9	0	0
BG_LTR_like_05758	Strict non-ONSEN TE background	350	0.9	2	5.71428571428571
BG_LTR_like_05771	Strict non-ONSEN TE background	891	0.9	1	1.12233445566779
BG_LTR_like_05793	Strict non-ONSEN TE background	216	0.9	0	0
BG_LTR_like_05794	Strict non-ONSEN TE background	269	0.9	0	0
BG_LTR_like_05802	Strict non-ONSEN TE background	523	0.9	8	15.2963671128107
BG_LTR_like_05803	Strict non-ONSEN TE background	660	0.9	6	9.09090909090909
BG_LTR_like_05832	Strict non-ONSEN TE background	475	0.9	0	0
BG_LTR_like_05833	Strict non-ONSEN TE background	1230	0.9	3	2.4390243902439
BG_LTR_like_05844	Strict non-ONSEN TE background	333	0.9	0	0
BG_LTR_like_05859	Strict non-ONSEN TE background	296	0.9	0	0
BG_LTR_like_05873	Strict non-ONSEN TE background	211	0.9	0	0
BG_LTR_like_05874	Strict non-ONSEN TE background	279	0.9	4	14.336917562724
BG_LTR_like_05903	Strict non-ONSEN TE background	449	0.9	0	0
BG_LTR_like_06037	Strict non-ONSEN TE background	265	0.9	0	0
BG_LTR_like_06081	Strict non-ONSEN TE background	281	0.9	1	3.55871886120996
BG_LTR_like_06117	Strict non-ONSEN TE background	355	0.9	0	0
BG_LTR_like_06118	Strict non-ONSEN TE background	467	0.9	1	2.14132762312634
BG_LTR_like_06150	Strict non-ONSEN TE background	510	0.9	0	0
BG_LTR_like_06169	Strict non-ONSEN TE background	393	0.9	0	0
BG_LTR_like_06193	Strict non-ONSEN TE background	228	0.9	0	0
BG_LTR_like_06241	Strict non-ONSEN TE background	224	0.9	0	0
BG_LTR_like_06242	Strict non-ONSEN TE background	430	0.9	0	0
BG_LTR_like_06243	Strict non-ONSEN TE background	268	0.9	0	0
BG_LTR_like_06244	Strict non-ONSEN TE background	768	0.9	1	1.30208333333333
BG_LTR_like_06247	Strict non-ONSEN TE background	805	0.9	0	0
BG_LTR_like_06295	Strict non-ONSEN TE background	243	0.9	0	0
BG_LTR_like_06337	Strict non-ONSEN TE background	266	0.9	0	0
BG_LTR_like_06396	Strict non-ONSEN TE background	541	0.9	0	0
BG_LTR_like_06461	Strict non-ONSEN TE background	306	0.9	1	3.26797385620915
BG_LTR_like_06470	Strict non-ONSEN TE background	799	0.9	3	3.75469336670839
BG_LTR_like_06662	Strict non-ONSEN TE background	231	0.9	0	0
BG_LTR_like_06719	Strict non-ONSEN TE background	246	0.9	0	0
BG_LTR_like_06875	Strict non-ONSEN TE background	202	0.9	1	4.95049504950495
BG_LTR_like_06959	Strict non-ONSEN TE background	1838	0.9	2	1.08813928182807
BG_LTR_like_07118	Strict non-ONSEN TE background	212	0.9	0	0
BG_LTR_like_07177	Strict non-ONSEN TE background	886	0.9	0	0
BG_LTR_like_07376	Strict non-ONSEN TE background	204	0.9	0	0
BG_LTR_like_07397	Strict non-ONSEN TE background	302	0.9	0	0
BG_LTR_like_07602	Strict non-ONSEN TE background	314	0.9	0	0
BG_LTR_like_07841	Strict non-ONSEN TE background	290	0.9	0	0
BG_LTR_like_07848	Strict non-ONSEN TE background	1111	0.9	1	0.9000900090009
BG_LTR_like_08022	Strict non-ONSEN TE background	330	0.9	0	0
BG_LTR_like_08064	Strict non-ONSEN TE background	276	0.9	0	0
BG_LTR_like_08118	Strict non-ONSEN TE background	225	0.9	0	0
BG_LTR_like_08149	Strict non-ONSEN TE background	252	0.9	0	0
BG_LTR_like_08150	Strict non-ONSEN TE background	294	0.9	0	0
BG_LTR_like_08191	Strict non-ONSEN TE background	310	0.9	0	0
BG_LTR_like_08208	Strict non-ONSEN TE background	318	0.9	1	3.14465408805031
BG_LTR_like_08244	Strict non-ONSEN TE background	234	0.9	0	0
BG_LTR_like_08245	Strict non-ONSEN TE background	234	0.9	0	0
BG_LTR_like_08246	Strict non-ONSEN TE background	203	0.9	2	9.85221674876847
BG_LTR_like_08256	Strict non-ONSEN TE background	393	0.9	0	0
BG_LTR_like_08268	Strict non-ONSEN TE background	371	0.9	6	16.1725067385445
BG_LTR_like_08328	Strict non-ONSEN TE background	270	0.9	0	0
BG_LTR_like_08329	Strict non-ONSEN TE background	522	0.9	0	0
BG_LTR_like_08341	Strict non-ONSEN TE background	235	0.9	0	0
BG_LTR_like_08346	Strict non-ONSEN TE background	350	0.9	0	0
BG_LTR_like_08355	Strict non-ONSEN TE background	925	0.9	0	0
BG_LTR_like_08370	Strict non-ONSEN TE background	212	0.9	0	0
BG_LTR_like_08371	Strict non-ONSEN TE background	392	0.9	0	0
BG_LTR_like_08396	Strict non-ONSEN TE background	658	0.9	0	0
BG_LTR_like_08417	Strict non-ONSEN TE background	206	0.9	0	0
BG_LTR_like_08418	Strict non-ONSEN TE background	486	0.9	0	0
BG_LTR_like_08419	Strict non-ONSEN TE background	1216	0.9	10	8.22368421052632
BG_LTR_like_08460	Strict non-ONSEN TE background	252	0.9	0	0
BG_LTR_like_08461	Strict non-ONSEN TE background	347	0.9	1	2.88184438040346
BG_LTR_like_08462	Strict non-ONSEN TE background	576	0.9	2	3.47222222222222
BG_LTR_like_08465	Strict non-ONSEN TE background	385	0.9	0	0
BG_LTR_like_08530	Strict non-ONSEN TE background	268	0.9	0	0
BG_LTR_like_08531	Strict non-ONSEN TE background	219	0.9	1	4.5662100456621
BG_LTR_like_08548	Strict non-ONSEN TE background	1206	0.9	6	4.97512437810945
BG_LTR_like_08558	Strict non-ONSEN TE background	373	0.9	0	0
BG_LTR_like_08587	Strict non-ONSEN TE background	342	0.9	0	0
BG_LTR_like_08588	Strict non-ONSEN TE background	1594	0.9	4	2.50941028858218
BG_LTR_like_08589	Strict non-ONSEN TE background	345	0.9	0	0
BG_LTR_like_08590	Strict non-ONSEN TE background	592	0.9	3	5.06756756756757
BG_LTR_like_08597	Strict non-ONSEN TE background	280	0.9	0	0
BG_LTR_like_08598	Strict non-ONSEN TE background	676	0.9	4	5.91715976331361
BG_LTR_like_08599	Strict non-ONSEN TE background	381	0.9	0	0
BG_LTR_like_08600	Strict non-ONSEN TE background	230	0.9	0	0
BG_LTR_like_08601	Strict non-ONSEN TE background	280	0.9	0	0
BG_LTR_like_08602	Strict non-ONSEN TE background	459	0.9	2	4.35729847494553
BG_LTR_like_08603	Strict non-ONSEN TE background	239	0.9	0	0
BG_LTR_like_08604	Strict non-ONSEN TE background	877	0.9	1	1.14025085518814
BG_LTR_like_08607	Strict non-ONSEN TE background	886	0.9	1	1.12866817155756
BG_LTR_like_08625	Strict non-ONSEN TE background	212	0.9	0	0
BG_LTR_like_08638	Strict non-ONSEN TE background	786	0.9	1	1.27226463104326
BG_LTR_like_08639	Strict non-ONSEN TE background	247	0.9	1	4.04858299595142
BG_LTR_like_08654	Strict non-ONSEN TE background	1935	0.9	5	2.58397932816537
BG_LTR_like_08657	Strict non-ONSEN TE background	439	0.9	0	0
BG_LTR_like_08658	Strict non-ONSEN TE background	304	0.9	0	0
BG_LTR_like_08659	Strict non-ONSEN TE background	1119	0.9	5	4.46827524575514
BG_LTR_like_08660	Strict non-ONSEN TE background	535	0.9	2	3.73831775700935
BG_LTR_like_08661	Strict non-ONSEN TE background	323	0.9	2	6.19195046439628
BG_LTR_like_08662	Strict non-ONSEN TE background	969	0.9	2	2.0639834881321
BG_LTR_like_08663	Strict non-ONSEN TE background	1100	0.9	0	0
BG_LTR_like_08692	Strict non-ONSEN TE background	1663	0.9	9	5.41190619362598
BG_LTR_like_08699	Strict non-ONSEN TE background	646	0.9	4	6.19195046439628
BG_LTR_like_08702	Strict non-ONSEN TE background	1060	0.9	1	0.943396226415094
BG_LTR_like_08703	Strict non-ONSEN TE background	598	0.9	1	1.67224080267559
BG_LTR_like_08717	Strict non-ONSEN TE background	1249	0.9	0	0
BG_LTR_like_08718	Strict non-ONSEN TE background	234	0.9	0	0
BG_LTR_like_08719	Strict non-ONSEN TE background	807	0.9	0	0
BG_LTR_like_08720	Strict non-ONSEN TE background	622	0.9	0	0
BG_LTR_like_08725	Strict non-ONSEN TE background	1771	0.9	2	1.12930547713156
BG_LTR_like_08728	Strict non-ONSEN TE background	1207	0.9	1	0.828500414250207
BG_LTR_like_08729	Strict non-ONSEN TE background	1027	0.9	2	1.94741966893866
BG_LTR_like_08730	Strict non-ONSEN TE background	242	0.9	1	4.13223140495868
BG_LTR_like_08736	Strict non-ONSEN TE background	963	0.9	2	2.07684319833853
BG_LTR_like_08737	Strict non-ONSEN TE background	863	0.9	0	0
BG_LTR_like_08738	Strict non-ONSEN TE background	231	0.9	0	0
BG_LTR_like_08739	Strict non-ONSEN TE background	455	0.9	2	4.3956043956044
BG_LTR_like_08742	Strict non-ONSEN TE background	1191	0.9	0	0
BG_LTR_like_08743	Strict non-ONSEN TE background	575	0.9	2	3.47826086956522
BG_LTR_like_08744	Strict non-ONSEN TE background	389	0.9	1	2.5706940874036
BG_LTR_like_08745	Strict non-ONSEN TE background	835	0.9	1	1.19760479041916
BG_LTR_like_08746	Strict non-ONSEN TE background	781	0.9	9	11.5236875800256
BG_LTR_like_08749	Strict non-ONSEN TE background	266	0.9	0	0
BG_LTR_like_08750	Strict non-ONSEN TE background	1020	0.9	0	0
BG_LTR_like_08751	Strict non-ONSEN TE background	1352	0.9	13	9.61538461538462
BG_LTR_like_08752	Strict non-ONSEN TE background	1152	0.9	5	4.34027777777778
BG_LTR_like_08753	Strict non-ONSEN TE background	617	0.9	1	1.62074554294976
BG_LTR_like_08754	Strict non-ONSEN TE background	1201	0.9	0	0
BG_LTR_like_08758	Strict non-ONSEN TE background	1053	0.9	3	2.84900284900285
BG_LTR_like_08759	Strict non-ONSEN TE background	1884	0.9	0	0
BG_LTR_like_08778	Strict non-ONSEN TE background	403	0.9	0	0
BG_LTR_like_08779	Strict non-ONSEN TE background	1618	0.9	7	4.32632880098887
BG_LTR_like_08780	Strict non-ONSEN TE background	325	0.9	1	3.07692307692308
BG_LTR_like_08781	Strict non-ONSEN TE background	275	0.9	3	10.9090909090909
BG_LTR_like_08782	Strict non-ONSEN TE background	460	0.9	2	4.34782608695652
BG_LTR_like_08783	Strict non-ONSEN TE background	293	0.9	0	0
BG_LTR_like_08784	Strict non-ONSEN TE background	486	0.9	1	2.05761316872428
BG_LTR_like_08785	Strict non-ONSEN TE background	1247	0.9	1	0.801924619085806
BG_LTR_like_08786	Strict non-ONSEN TE background	359	0.9	0	0
BG_LTR_like_08787	Strict non-ONSEN TE background	428	0.9	2	4.67289719626168
BG_LTR_like_08788	Strict non-ONSEN TE background	397	0.9	0	0
BG_LTR_like_08789	Strict non-ONSEN TE background	1780	0.9	2	1.12359550561798
BG_LTR_like_08790	Strict non-ONSEN TE background	208	0.9	0	0
BG_LTR_like_08791	Strict non-ONSEN TE background	257	0.9	0	0
BG_LTR_like_08792	Strict non-ONSEN TE background	346	0.9	0	0
BG_LTR_like_08795	Strict non-ONSEN TE background	1703	0.9	1	0.587199060481503
BG_LTR_like_08796	Strict non-ONSEN TE background	1143	0.9	3	2.6246719160105
BG_LTR_like_08797	Strict non-ONSEN TE background	619	0.9	2	3.23101777059774
BG_LTR_like_08798	Strict non-ONSEN TE background	833	0.9	0	0
BG_LTR_like_08801	Strict non-ONSEN TE background	548	0.9	0	0
BG_LTR_like_08802	Strict non-ONSEN TE background	711	0.9	2	2.81293952180028
BG_LTR_like_08803	Strict non-ONSEN TE background	468	0.9	0	0
BG_LTR_like_08804	Strict non-ONSEN TE background	694	0.9	0	0
BG_LTR_like_08805	Strict non-ONSEN TE background	1524	0.9	1	0.656167979002625
BG_LTR_like_08806	Strict non-ONSEN TE background	1281	0.9	0	0
BG_LTR_like_08807	Strict non-ONSEN TE background	1649	0.9	4	2.42571255306246
BG_LTR_like_08812	Strict non-ONSEN TE background	465	0.9	0	0
BG_LTR_like_08813	Strict non-ONSEN TE background	320	0.9	0	0
BG_LTR_like_08814	Strict non-ONSEN TE background	283	0.9	0	0
BG_LTR_like_08815	Strict non-ONSEN TE background	935	0.9	2	2.13903743315508
BG_LTR_like_08818	Strict non-ONSEN TE background	1164	0.9	10	8.59106529209622
BG_LTR_like_08819	Strict non-ONSEN TE background	357	0.9	0	0
BG_LTR_like_08820	Strict non-ONSEN TE background	419	0.9	0	0
BG_LTR_like_08821	Strict non-ONSEN TE background	1226	0.9	3	2.44698205546493
BG_LTR_like_08824	Strict non-ONSEN TE background	516	0.9	1	1.93798449612403
BG_LTR_like_08825	Strict non-ONSEN TE background	1428	0.9	18	12.6050420168067
BG_LTR_like_08826	Strict non-ONSEN TE background	693	0.9	1	1.44300144300144
BG_LTR_like_08827	Strict non-ONSEN TE background	891	0.9	2	2.24466891133558
BG_LTR_like_08828	Strict non-ONSEN TE background	1784	0.9	9	5.04484304932735
BG_LTR_like_08829	Strict non-ONSEN TE background	366	0.9	1	2.73224043715847
BG_LTR_like_08830	Strict non-ONSEN TE background	375	0.9	1	2.66666666666667
BG_LTR_like_08831	Strict non-ONSEN TE background	1050	0.9	2	1.9047619047619
BG_LTR_like_08832	Strict non-ONSEN TE background	765	0.9	1	1.30718954248366
BG_LTR_like_08833	Strict non-ONSEN TE background	326	0.9	0	0
BG_LTR_like_08834	Strict non-ONSEN TE background	1622	0.9	1	0.61652281134402
BG_LTR_like_08835	Strict non-ONSEN TE background	1148	0.9	7	6.09756097560976
BG_LTR_like_08836	Strict non-ONSEN TE background	459	0.9	0	0
BG_LTR_like_08837	Strict non-ONSEN TE background	1671	0.9	16	9.57510472770796
BG_LTR_like_08838	Strict non-ONSEN TE background	1500	0.9	7	4.66666666666667
BG_LTR_like_08845	Strict non-ONSEN TE background	877	0.9	1	1.14025085518814
BG_LTR_like_08846	Strict non-ONSEN TE background	1293	0.9	1	0.773395204949729
BG_LTR_like_08847	Strict non-ONSEN TE background	1778	0.9	3	1.68728908886389
BG_LTR_like_08848	Strict non-ONSEN TE background	817	0.9	0	0
BG_LTR_like_08849	Strict non-ONSEN TE background	1167	0.9	0	0
BG_LTR_like_08850	Strict non-ONSEN TE background	1143	0.9	0	0
BG_LTR_like_08851	Strict non-ONSEN TE background	1235	0.9	2	1.61943319838057
BG_LTR_like_08852	Strict non-ONSEN TE background	461	0.9	1	2.16919739696312
BG_LTR_like_08857	Strict non-ONSEN TE background	485	0.9	1	2.06185567010309
BG_LTR_like_08860	Strict non-ONSEN TE background	994	0.9	3	3.01810865191147
BG_LTR_like_08861	Strict non-ONSEN TE background	1170	0.9	1	0.854700854700855
BG_LTR_like_08862	Strict non-ONSEN TE background	491	0.9	0	0
BG_LTR_like_08863	Strict non-ONSEN TE background	221	0.9	0	0
BG_LTR_like_08864	Strict non-ONSEN TE background	212	0.9	0	0
BG_LTR_like_08865	Strict non-ONSEN TE background	1289	0.9	0	0
BG_LTR_like_08873	Strict non-ONSEN TE background	350	0.9	0	0
BG_LTR_like_08876	Strict non-ONSEN TE background	480	0.9	0	0
BG_LTR_like_08877	Strict non-ONSEN TE background	1147	0.9	10	8.71839581517001
BG_LTR_like_08882	Strict non-ONSEN TE background	262	0.9	0	0
BG_LTR_like_08885	Strict non-ONSEN TE background	921	0.9	10	10.85776330076
BG_LTR_like_08886	Strict non-ONSEN TE background	1736	0.9	2	1.15207373271889
BG_LTR_like_08887	Strict non-ONSEN TE background	1073	0.9	4	3.72786579683131
BG_LTR_like_08890	Strict non-ONSEN TE background	1165	0.9	5	4.29184549356223
BG_LTR_like_08891	Strict non-ONSEN TE background	1136	0.9	9	7.92253521126761
BG_LTR_like_08893	Strict non-ONSEN TE background	720	0.9	0	0
BG_LTR_like_08894	Strict non-ONSEN TE background	940	0.9	0	0
BG_LTR_like_08897	Strict non-ONSEN TE background	263	0.9	0	0
BG_LTR_like_08898	Strict non-ONSEN TE background	359	0.9	0	0
BG_LTR_like_08899	Strict non-ONSEN TE background	235	0.9	1	4.25531914893617
BG_LTR_like_08900	Strict non-ONSEN TE background	480	0.9	1	2.08333333333333
BG_LTR_like_08901	Strict non-ONSEN TE background	1104	0.9	1	0.905797101449275
BG_LTR_like_08902	Strict non-ONSEN TE background	492	0.9	0	0
BG_LTR_like_08903	Strict non-ONSEN TE background	216	0.9	0	0
BG_LTR_like_08904	Strict non-ONSEN TE background	1048	0.9	1	0.954198473282443
BG_LTR_like_08905	Strict non-ONSEN TE background	460	0.9	1	2.17391304347826
BG_LTR_like_08906	Strict non-ONSEN TE background	252	0.9	0	0
BG_LTR_like_08907	Strict non-ONSEN TE background	1065	0.9	3	2.8169014084507
BG_LTR_like_08908	Strict non-ONSEN TE background	486	0.9	2	4.11522633744856
BG_LTR_like_08909	Strict non-ONSEN TE background	1059	0.9	0	0
BG_LTR_like_08910	Strict non-ONSEN TE background	304	0.9	0	0
BG_LTR_like_08911	Strict non-ONSEN TE background	859	0.9	2	2.32828870779977
BG_LTR_like_08912	Strict non-ONSEN TE background	1918	0.9	2	1.04275286757039
BG_LTR_like_08915	Strict non-ONSEN TE background	420	0.9	0	0
BG_LTR_like_08916	Strict non-ONSEN TE background	831	0.9	0	0
BG_LTR_like_08917	Strict non-ONSEN TE background	1783	0.9	2	1.12170499158721
BG_LTR_like_08922	Strict non-ONSEN TE background	1173	0.9	1	0.852514919011083
BG_LTR_like_08923	Strict non-ONSEN TE background	1446	0.9	6	4.149377593361
BG_LTR_like_08926	Strict non-ONSEN TE background	1078	0.9	0	0
BG_LTR_like_08927	Strict non-ONSEN TE background	859	0.9	2	2.32828870779977
BG_LTR_like_08930	Strict non-ONSEN TE background	1003	0.9	9	8.97308075772682
BG_LTR_like_08931	Strict non-ONSEN TE background	368	0.9	0	0
BG_LTR_like_08932	Strict non-ONSEN TE background	1186	0.9	4	3.37268128161889
BG_LTR_like_08939	Strict non-ONSEN TE background	886	0.9	1	1.12866817155756
BG_LTR_like_08944	Strict non-ONSEN TE background	1165	0.9	1	0.858369098712446
BG_LTR_like_08945	Strict non-ONSEN TE background	263	0.9	0	0
BG_LTR_like_08946	Strict non-ONSEN TE background	901	0.9	5	5.54938956714761
BG_LTR_like_08947	Strict non-ONSEN TE background	443	0.9	2	4.51467268623025
BG_LTR_like_08948	Strict non-ONSEN TE background	830	0.9	8	9.63855421686747
BG_LTR_like_08949	Strict non-ONSEN TE background	276	0.9	0	0
BG_LTR_like_08950	Strict non-ONSEN TE background	1078	0.9	2	1.85528756957328
BG_LTR_like_08956	Strict non-ONSEN TE background	729	0.9	0	0
BG_LTR_like_08957	Strict non-ONSEN TE background	796	0.9	1	1.25628140703518
BG_LTR_like_08960	Strict non-ONSEN TE background	1119	0.9	2	1.78731009830206
BG_LTR_like_08963	Strict non-ONSEN TE background	1927	0.9	6	3.11364815775817
BG_LTR_like_08964	Strict non-ONSEN TE background	1241	0.9	1	0.8058017727639
BG_LTR_like_08981	Strict non-ONSEN TE background	213	0.9	0	0
BG_LTR_like_08982	Strict non-ONSEN TE background	219	0.9	2	9.1324200913242
BG_LTR_like_08983	Strict non-ONSEN TE background	1014	0.9	1	0.986193293885602
BG_LTR_like_08984	Strict non-ONSEN TE background	1515	0.9	3	1.98019801980198
BG_LTR_like_08985	Strict non-ONSEN TE background	698	0.9	2	2.86532951289398
BG_LTR_like_08986	Strict non-ONSEN TE background	259	0.9	1	3.86100386100386
BG_LTR_like_09001	Strict non-ONSEN TE background	226	0.9	0	0
BG_LTR_like_09002	Strict non-ONSEN TE background	208	0.9	0	0
BG_LTR_like_09003	Strict non-ONSEN TE background	1150	0.9	5	4.34782608695652
BG_LTR_like_09004	Strict non-ONSEN TE background	442	0.9	2	4.52488687782805
BG_LTR_like_09005	Strict non-ONSEN TE background	1543	0.9	5	3.24044069993519
BG_LTR_like_09006	Strict non-ONSEN TE background	441	0.9	1	2.26757369614512
BG_LTR_like_09007	Strict non-ONSEN TE background	651	0.9	1	1.53609831029186
BG_LTR_like_09008	Strict non-ONSEN TE background	552	0.9	1	1.81159420289855
BG_LTR_like_09009	Strict non-ONSEN TE background	356	0.9	3	8.42696629213483
BG_LTR_like_09010	Strict non-ONSEN TE background	1414	0.9	0	0
BG_LTR_like_09011	Strict non-ONSEN TE background	1757	0.9	1	0.569151963574274
BG_LTR_like_09014	Strict non-ONSEN TE background	1218	0.9	1	0.821018062397373
BG_LTR_like_09015	Strict non-ONSEN TE background	1888	0.9	2	1.05932203389831
BG_LTR_like_09016	Strict non-ONSEN TE background	1763	0.9	2	1.13442994895065
BG_LTR_like_09019	Strict non-ONSEN TE background	1125	0.9	9	8
BG_LTR_like_09020	Strict non-ONSEN TE background	1999	0.9	5	2.50125062531266
BG_LTR_like_09021	Strict non-ONSEN TE background	1206	0.9	5	4.14593698175788
BG_LTR_like_09022	Strict non-ONSEN TE background	343	0.9	0	0
BG_LTR_like_09023	Strict non-ONSEN TE background	1107	0.9	2	1.806684733514
BG_LTR_like_09026	Strict non-ONSEN TE background	376	0.9	1	2.65957446808511
BG_LTR_like_09029	Strict non-ONSEN TE background	300	0.9	0	0
BG_LTR_like_09030	Strict non-ONSEN TE background	401	0.9	0	0
BG_LTR_like_09031	Strict non-ONSEN TE background	514	0.9	2	3.89105058365759
BG_LTR_like_09032	Strict non-ONSEN TE background	1114	0.9	3	2.69299820466786
BG_LTR_like_09033	Strict non-ONSEN TE background	806	0.9	2	2.48138957816377
BG_LTR_like_09034	Strict non-ONSEN TE background	312	0.9	0	0
BG_LTR_like_09035	Strict non-ONSEN TE background	1026	0.9	1	0.974658869395711
BG_LTR_like_09036	Strict non-ONSEN TE background	1499	0.9	4	2.66844563042028
BG_LTR_like_09037	Strict non-ONSEN TE background	1187	0.9	4	3.3698399326032
BG_LTR_like_09040	Strict non-ONSEN TE background	581	0.9	2	3.44234079173838
BG_LTR_like_09041	Strict non-ONSEN TE background	1252	0.9	1	0.798722044728435
BG_LTR_like_09042	Strict non-ONSEN TE background	411	0.9	1	2.4330900243309
BG_LTR_like_09043	Strict non-ONSEN TE background	1255	0.9	2	1.59362549800797
BG_LTR_like_09044	Strict non-ONSEN TE background	358	0.9	0	0
BG_LTR_like_09047	Strict non-ONSEN TE background	297	0.9	4	13.4680134680135
BG_LTR_like_09048	Strict non-ONSEN TE background	1750	0.9	3	1.71428571428571
BG_LTR_like_09049	Strict non-ONSEN TE background	615	0.9	1	1.6260162601626
BG_LTR_like_09050	Strict non-ONSEN TE background	601	0.9	0	0
BG_LTR_like_09051	Strict non-ONSEN TE background	1350	0.9	0	0
BG_LTR_like_09052	Strict non-ONSEN TE background	1350	0.9	0	0
BG_LTR_like_09053	Strict non-ONSEN TE background	470	0.9	0	0
BG_LTR_like_09054	Strict non-ONSEN TE background	1813	0.9	7	3.86100386100386
BG_LTR_like_09055	Strict non-ONSEN TE background	451	0.9	0	0
BG_LTR_like_09056	Strict non-ONSEN TE background	464	0.9	1	2.1551724137931
BG_LTR_like_09057	Strict non-ONSEN TE background	953	0.9	2	2.09863588667366
BG_LTR_like_09060	Strict non-ONSEN TE background	623	0.9	1	1.60513643659711
BG_LTR_like_09061	Strict non-ONSEN TE background	648	0.9	0	0
BG_LTR_like_09062	Strict non-ONSEN TE background	537	0.9	0	0
BG_LTR_like_09063	Strict non-ONSEN TE background	1494	0.9	1	0.669344042838019
BG_LTR_like_09064	Strict non-ONSEN TE background	715	0.9	3	4.1958041958042
BG_LTR_like_09065	Strict non-ONSEN TE background	839	0.9	2	2.38379022646007
BG_LTR_like_09066	Strict non-ONSEN TE background	1156	0.9	8	6.9204152249135
BG_LTR_like_09067	Strict non-ONSEN TE background	530	0.9	4	7.54716981132075
BG_LTR_like_09068	Strict non-ONSEN TE background	946	0.9	2	2.11416490486258
BG_LTR_like_09069	Strict non-ONSEN TE background	838	0.9	1	1.19331742243437
BG_LTR_like_09070	Strict non-ONSEN TE background	821	0.9	7	8.52618757612668
BG_LTR_like_09071	Strict non-ONSEN TE background	1782	0.9	3	1.68350168350168
BG_LTR_like_09072	Strict non-ONSEN TE background	1196	0.9	0	0
BG_LTR_like_09073	Strict non-ONSEN TE background	848	0.9	3	3.5377358490566
BG_LTR_like_09074	Strict non-ONSEN TE background	701	0.9	1	1.4265335235378
BG_LTR_like_09075	Strict non-ONSEN TE background	1624	0.9	4	2.46305418719212
BG_LTR_like_09076	Strict non-ONSEN TE background	205	0.9	1	4.8780487804878
BG_LTR_like_09077	Strict non-ONSEN TE background	382	0.9	0	0
BG_LTR_like_09080	Strict non-ONSEN TE background	654	0.9	0	0
BG_LTR_like_09081	Strict non-ONSEN TE background	444	0.9	0	0
BG_LTR_like_09082	Strict non-ONSEN TE background	1878	0.9	0	0
BG_LTR_like_09083	Strict non-ONSEN TE background	1484	0.9	3	2.02156334231806
BG_LTR_like_09084	Strict non-ONSEN TE background	203	0.9	0	0
BG_LTR_like_09085	Strict non-ONSEN TE background	1224	0.9	2	1.63398692810458
BG_LTR_like_09086	Strict non-ONSEN TE background	352	0.9	2	5.68181818181818
BG_LTR_like_09087	Strict non-ONSEN TE background	1323	0.9	3	2.26757369614512
BG_LTR_like_09088	Strict non-ONSEN TE background	1213	0.9	2	1.64880461665293
BG_LTR_like_09091	Strict non-ONSEN TE background	461	0.9	0	0
BG_LTR_like_09092	Strict non-ONSEN TE background	1324	0.9	1	0.755287009063444
BG_LTR_like_09093	Strict non-ONSEN TE background	1609	0.9	4	2.48601615910503
BG_LTR_like_09096	Strict non-ONSEN TE background	954	0.9	9	9.43396226415094
BG_LTR_like_09097	Strict non-ONSEN TE background	344	0.9	1	2.90697674418605
BG_LTR_like_09098	Strict non-ONSEN TE background	1496	0.9	2	1.33689839572193
BG_LTR_like_09105	Strict non-ONSEN TE background	1148	0.9	3	2.61324041811847
BG_LTR_like_09106	Strict non-ONSEN TE background	1632	0.9	1	0.612745098039216
BG_LTR_like_09111	Strict non-ONSEN TE background	1283	0.9	5	3.8971161340608
BG_LTR_like_09112	Strict non-ONSEN TE background	1321	0.9	0	0
BG_LTR_like_09113	Strict non-ONSEN TE background	338	0.9	0	0
BG_LTR_like_09114	Strict non-ONSEN TE background	441	0.9	0	0
BG_LTR_like_09117	Strict non-ONSEN TE background	749	0.9	0	0
BG_LTR_like_09118	Strict non-ONSEN TE background	1744	0.9	6	3.44036697247706
BG_LTR_like_09119	Strict non-ONSEN TE background	464	0.9	1	2.1551724137931
BG_LTR_like_09120	Strict non-ONSEN TE background	411	0.9	0	0
BG_LTR_like_09121	Strict non-ONSEN TE background	1711	0.9	1	0.584453535943892
BG_LTR_like_09124	Strict non-ONSEN TE background	304	0.9	0	0
BG_LTR_like_09128	Strict non-ONSEN TE background	902	0.9	1	1.10864745011086
BG_LTR_like_09129	Strict non-ONSEN TE background	688	0.9	6	8.72093023255814
BG_LTR_like_09132	Strict non-ONSEN TE background	1820	0.9	0	0
BG_LTR_like_09135	Strict non-ONSEN TE background	470	0.9	0	0
BG_LTR_like_09136	Strict non-ONSEN TE background	224	0.9	0	0
BG_LTR_like_09137	Strict non-ONSEN TE background	832	0.9	1	1.20192307692308
BG_LTR_like_09140	Strict non-ONSEN TE background	209	0.9	1	4.78468899521531
BG_LTR_like_09143	Strict non-ONSEN TE background	1293	0.9	3	2.32018561484919
BG_LTR_like_09145	Strict non-ONSEN TE background	1728	0.9	9	5.20833333333333
BG_LTR_like_09146	Strict non-ONSEN TE background	1228	0.9	9	7.32899022801303
BG_LTR_like_09147	Strict non-ONSEN TE background	1212	0.9	2	1.65016501650165
BG_LTR_like_09148	Strict non-ONSEN TE background	389	0.9	0	0
BG_LTR_like_09149	Strict non-ONSEN TE background	603	0.9	0	0
BG_LTR_like_09150	Strict non-ONSEN TE background	660	0.9	11	16.6666666666667
BG_LTR_like_09151	Strict non-ONSEN TE background	1412	0.9	7	4.95750708215297
BG_LTR_like_09152	Strict non-ONSEN TE background	399	0.9	3	7.5187969924812
BG_LTR_like_09153	Strict non-ONSEN TE background	1556	0.9	1	0.6426735218509
BG_LTR_like_09154	Strict non-ONSEN TE background	610	0.9	0	0
BG_LTR_like_09155	Strict non-ONSEN TE background	1228	0.9	0	0
BG_LTR_like_09156	Strict non-ONSEN TE background	1658	0.9	3	1.80940892641737
BG_LTR_like_09159	Strict non-ONSEN TE background	570	0.9	1	1.75438596491228
BG_LTR_like_09160	Strict non-ONSEN TE background	265	0.9	1	3.77358490566038
BG_LTR_like_09161	Strict non-ONSEN TE background	1912	0.9	9	4.7071129707113
BG_LTR_like_09162	Strict non-ONSEN TE background	445	0.9	0	0
BG_LTR_like_09163	Strict non-ONSEN TE background	1760	0.9	3	1.70454545454545
BG_LTR_like_09164	Strict non-ONSEN TE background	687	0.9	1	1.45560407569141
BG_LTR_like_09165	Strict non-ONSEN TE background	1833	0.9	2	1.0911074740862
BG_LTR_like_09168	Strict non-ONSEN TE background	574	0.9	0	0
BG_LTR_like_09169	Strict non-ONSEN TE background	448	0.9	0	0
BG_LTR_like_09170	Strict non-ONSEN TE background	720	0.9	0	0
BG_LTR_like_09171	Strict non-ONSEN TE background	1798	0.9	2	1.11234705228031
BG_LTR_like_09178	Strict non-ONSEN TE background	293	0.9	0	0
BG_LTR_like_09179	Strict non-ONSEN TE background	1190	0.9	6	5.04201680672269
BG_LTR_like_09180	Strict non-ONSEN TE background	318	0.9	2	6.28930817610063
BG_LTR_like_09183	Strict non-ONSEN TE background	547	0.9	2	3.6563071297989
BG_LTR_like_09184	Strict non-ONSEN TE background	1064	0.9	1	0.93984962406015
BG_LTR_like_09185	Strict non-ONSEN TE background	714	0.9	2	2.80112044817927
BG_LTR_like_09186	Strict non-ONSEN TE background	210	0.9	0	0
BG_LTR_like_09187	Strict non-ONSEN TE background	1460	0.9	4	2.73972602739726
BG_LTR_like_09188	Strict non-ONSEN TE background	895	0.9	0	0
BG_LTR_like_09193	Strict non-ONSEN TE background	1421	0.9	2	1.40745953553835
BG_LTR_like_09194	Strict non-ONSEN TE background	319	0.9	1	3.13479623824451
BG_LTR_like_09195	Strict non-ONSEN TE background	1464	0.9	2	1.36612021857923
BG_LTR_like_09200	Strict non-ONSEN TE background	229	0.9	0	0
BG_LTR_like_09201	Strict non-ONSEN TE background	206	0.9	0	0
BG_LTR_like_09202	Strict non-ONSEN TE background	351	0.9	0	0
BG_LTR_like_09203	Strict non-ONSEN TE background	825	0.9	1	1.21212121212121
BG_LTR_like_09204	Strict non-ONSEN TE background	1181	0.9	0	0
BG_LTR_like_09207	Strict non-ONSEN TE background	880	0.9	3	3.40909090909091
BG_LTR_like_09212	Strict non-ONSEN TE background	802	0.9	0	0
BG_LTR_like_09213	Strict non-ONSEN TE background	1215	0.9	4	3.29218106995885
BG_LTR_like_09214	Strict non-ONSEN TE background	203	0.9	0	0
BG_LTR_like_09215	Strict non-ONSEN TE background	1209	0.9	0	0
BG_LTR_like_09216	Strict non-ONSEN TE background	300	0.9	4	13.3333333333333
BG_LTR_like_09217	Strict non-ONSEN TE background	1723	0.9	2	1.16076610562972
BG_LTR_like_09220	Strict non-ONSEN TE background	556	0.9	0	0
BG_LTR_like_09221	Strict non-ONSEN TE background	1835	0.9	0	0
BG_LTR_like_09222	Strict non-ONSEN TE background	309	0.9	0	0
BG_LTR_like_09229	Strict non-ONSEN TE background	319	0.9	0	0
BG_LTR_like_09230	Strict non-ONSEN TE background	846	0.9	1	1.18203309692671
BG_LTR_like_09231	Strict non-ONSEN TE background	382	0.9	0	0
BG_LTR_like_09232	Strict non-ONSEN TE background	419	0.9	0	0
BG_LTR_like_09233	Strict non-ONSEN TE background	1163	0.9	10	8.59845227858985
BG_LTR_like_09234	Strict non-ONSEN TE background	1130	0.9	0	0
BG_LTR_like_09241	Strict non-ONSEN TE background	229	0.9	0	0
BG_LTR_like_09244	Strict non-ONSEN TE background	335	0.9	0	0
BG_LTR_like_09245	Strict non-ONSEN TE background	411	0.9	0	0
BG_LTR_like_09246	Strict non-ONSEN TE background	210	0.9	2	9.52380952380952
BG_LTR_like_09249	Strict non-ONSEN TE background	514	0.9	1	1.94552529182879
BG_LTR_like_09250	Strict non-ONSEN TE background	235	0.9	0	0
BG_LTR_like_09251	Strict non-ONSEN TE background	698	0.9	0	0
BG_LTR_like_09256	Strict non-ONSEN TE background	728	0.9	0	0
BG_LTR_like_09257	Strict non-ONSEN TE background	1152	0.9	0	0
BG_LTR_like_09258	Strict non-ONSEN TE background	640	0.9	7	10.9375
BG_LTR_like_09259	Strict non-ONSEN TE background	216	0.9	1	4.62962962962963
BG_LTR_like_09262	Strict non-ONSEN TE background	718	0.9	0	0
BG_LTR_like_09263	Strict non-ONSEN TE background	419	0.9	0	0
BG_LTR_like_09270	Strict non-ONSEN TE background	333	0.9	0	0
BG_LTR_like_09271	Strict non-ONSEN TE background	330	0.9	0	0
BG_LTR_like_09272	Strict non-ONSEN TE background	327	0.9	0	0
BG_LTR_like_09273	Strict non-ONSEN TE background	235	0.9	0	0
BG_LTR_like_09274	Strict non-ONSEN TE background	323	0.9	0	0
BG_LTR_like_09284	Strict non-ONSEN TE background	1661	0.9	2	1.20409391932571
BG_LTR_like_09298	Strict non-ONSEN TE background	209	0.9	0	0
BG_LTR_like_09301	Strict non-ONSEN TE background	1305	0.9	4	3.06513409961686
BG_LTR_like_09302	Strict non-ONSEN TE background	437	0.9	1	2.2883295194508
BG_LTR_like_09303	Strict non-ONSEN TE background	1915	0.9	0	0
BG_LTR_like_09306	Strict non-ONSEN TE background	886	0.9	4	4.51467268623025
BG_LTR_like_09310	Strict non-ONSEN TE background	247	0.9	1	4.04858299595142
BG_LTR_like_09311	Strict non-ONSEN TE background	982	0.9	0	0
BG_LTR_like_09316	Strict non-ONSEN TE background	1207	0.9	3	2.48550124275062
BG_LTR_like_09317	Strict non-ONSEN TE background	229	0.9	0	0
BG_LTR_like_09318	Strict non-ONSEN TE background	1544	0.9	0	0
BG_LTR_like_09321	Strict non-ONSEN TE background	1356	0.9	9	6.63716814159292
BG_LTR_like_09326	Strict non-ONSEN TE background	596	0.9	0	0
BG_LTR_like_09327	Strict non-ONSEN TE background	1550	0.9	0	0
BG_LTR_like_09330	Strict non-ONSEN TE background	623	0.9	1	1.60513643659711
BG_LTR_like_09337	Strict non-ONSEN TE background	261	0.9	0	0
BG_LTR_like_09338	Strict non-ONSEN TE background	471	0.9	0	0
BG_LTR_like_09369	Strict non-ONSEN TE background	481	0.9	2	4.15800415800416
BG_LTR_like_09370	Strict non-ONSEN TE background	233	0.9	0	0
BG_LTR_like_09371	Strict non-ONSEN TE background	1177	0.9	3	2.54885301614274
BG_LTR_like_09394	Strict non-ONSEN TE background	397	0.9	0	0
BG_LTR_like_09395	Strict non-ONSEN TE background	549	0.9	1	1.82149362477231
BG_LTR_like_09442	Strict non-ONSEN TE background	224	0.9	1	4.46428571428571
BG_LTR_like_09443	Strict non-ONSEN TE background	291	0.9	4	13.745704467354
BG_LTR_like_09450	Strict non-ONSEN TE background	238	0.9	0	0
BG_LTR_like_09453	Strict non-ONSEN TE background	1026	0.9	0	0
BG_LTR_like_09454	Strict non-ONSEN TE background	304	0.9	1	3.28947368421053
BG_LTR_like_09479	Strict non-ONSEN TE background	277	0.9	0	0
BG_LTR_like_09486	Strict non-ONSEN TE background	1186	0.9	8	6.74536256323777
BG_LTR_like_09489	Strict non-ONSEN TE background	333	0.9	0	0
BG_LTR_like_09490	Strict non-ONSEN TE background	539	0.9	1	1.85528756957328
BG_LTR_like_09520	Strict non-ONSEN TE background	446	0.9	0	0
BG_LTR_like_09530	Strict non-ONSEN TE background	1186	0.9	3	2.52951096121417
BG_LTR_like_09531	Strict non-ONSEN TE background	554	0.9	3	5.41516245487365
BG_LTR_like_09566	Strict non-ONSEN TE background	403	0.9	0	0
BG_LTR_like_09599	Strict non-ONSEN TE background	565	0.9	0	0
BG_LTR_like_09600	Strict non-ONSEN TE background	672	0.9	0	0
BG_LTR_like_09603	Strict non-ONSEN TE background	444	0.9	0	0
BG_LTR_like_09616	Strict non-ONSEN TE background	202	0.9	0	0
BG_LTR_like_09623	Strict non-ONSEN TE background	377	0.9	0	0
BG_LTR_like_09624	Strict non-ONSEN TE background	769	0.9	1	1.30039011703511
BG_LTR_like_09716	Strict non-ONSEN TE background	480	0.9	0	0
BG_LTR_like_09717	Strict non-ONSEN TE background	237	0.9	0	0
BG_LTR_like_09720	Strict non-ONSEN TE background	310	0.9	0	0
BG_LTR_like_09721	Strict non-ONSEN TE background	503	0.9	1	1.98807157057654
BG_LTR_like_09722	Strict non-ONSEN TE background	286	0.9	0	0
BG_LTR_like_09789	Strict non-ONSEN TE background	357	0.9	3	8.40336134453782
BG_LTR_like_09790	Strict non-ONSEN TE background	1438	0.9	3	2.08623087621697
BG_LTR_like_09814	Strict non-ONSEN TE background	223	0.9	0	0
BG_LTR_like_09834	Strict non-ONSEN TE background	203	0.9	3	14.7783251231527
BG_LTR_like_09835	Strict non-ONSEN TE background	407	0.9	3	7.37100737100737
BG_LTR_like_09876	Strict non-ONSEN TE background	280	0.9	0	0
BG_LTR_like_09925	Strict non-ONSEN TE background	945	0.9	3	3.17460317460317
BG_LTR_like_09936	Strict non-ONSEN TE background	416	0.9	1	2.40384615384615
BG_LTR_like_09942	Strict non-ONSEN TE background	1532	0.9	1	0.652741514360313
BG_LTR_like_09959	Strict non-ONSEN TE background	1080	0.9	1	0.925925925925926
BG_LTR_like_09960	Strict non-ONSEN TE background	574	0.9	0	0
BG_LTR_like_09961	Strict non-ONSEN TE background	265	0.9	1	3.77358490566038
BG_LTR_like_10193	Strict non-ONSEN TE background	218	0.9	0	0
BG_LTR_like_10300	Strict non-ONSEN TE background	889	0.9	0	0
BG_LTR_like_10377	Strict non-ONSEN TE background	426	0.9	0	0
BG_LTR_like_10401	Strict non-ONSEN TE background	456	0.9	0	0
BG_LTR_like_10402	Strict non-ONSEN TE background	714	0.9	5	7.00280112044818
BG_LTR_like_10413	Strict non-ONSEN TE background	1723	0.9	3	1.74114915844457
BG_LTR_like_10416	Strict non-ONSEN TE background	686	0.9	0	0
BG_LTR_like_10419	Strict non-ONSEN TE background	1401	0.9	4	2.85510349750178
BG_LTR_like_10420	Strict non-ONSEN TE background	275	0.9	0	0
BG_LTR_like_10423	Strict non-ONSEN TE background	1779	0.9	1	0.562113546936481
BG_LTR_like_10424	Strict non-ONSEN TE background	891	0.9	0	0
BG_LTR_like_10425	Strict non-ONSEN TE background	1532	0.9	3	1.95822454308094
BG_LTR_like_10432	Strict non-ONSEN TE background	244	0.9	0	0
BG_LTR_like_10435	Strict non-ONSEN TE background	673	0.9	1	1.48588410104012
BG_LTR_like_10436	Strict non-ONSEN TE background	1141	0.9	4	3.5056967572305
BG_LTR_like_10437	Strict non-ONSEN TE background	451	0.9	0	0
BG_LTR_like_10438	Strict non-ONSEN TE background	1270	0.9	0	0
BG_LTR_like_10439	Strict non-ONSEN TE background	1697	0.9	4	2.35710076605775
BG_LTR_like_10440	Strict non-ONSEN TE background	236	0.9	0	0
BG_LTR_like_10445	Strict non-ONSEN TE background	972	0.9	0	0
BG_LTR_like_10446	Strict non-ONSEN TE background	1181	0.9	3	2.54022015241321
BG_LTR_like_10447	Strict non-ONSEN TE background	763	0.9	0	0
BG_LTR_like_10450	Strict non-ONSEN TE background	717	0.9	0	0
BG_LTR_like_10451	Strict non-ONSEN TE background	457	0.9	0	0
BG_LTR_like_10452	Strict non-ONSEN TE background	1230	0.9	13	10.5691056910569
BG_LTR_like_10457	Strict non-ONSEN TE background	1157	0.9	3	2.59291270527226
BG_LTR_like_10458	Strict non-ONSEN TE background	348	0.9	0	0
BG_LTR_like_10463	Strict non-ONSEN TE background	251	0.9	1	3.98406374501992
BG_LTR_like_10464	Strict non-ONSEN TE background	267	0.9	1	3.74531835205992
BG_LTR_like_10470	Strict non-ONSEN TE background	227	0.9	0	0
BG_LTR_like_10471	Strict non-ONSEN TE background	248	0.9	0	0
BG_LTR_like_10475	Strict non-ONSEN TE background	425	0.9	9	21.1764705882353
BG_LTR_like_10476	Strict non-ONSEN TE background	203	0.9	0	0
BG_LTR_like_10477	Strict non-ONSEN TE background	807	0.9	1	1.23915737298637
BG_LTR_like_10478	Strict non-ONSEN TE background	983	0.9	2	2.03458799593082
BG_LTR_like_10479	Strict non-ONSEN TE background	308	0.9	6	19.4805194805195
BG_LTR_like_10480	Strict non-ONSEN TE background	497	0.9	5	10.0603621730382
BG_LTR_like_10481	Strict non-ONSEN TE background	884	0.9	0	0
BG_LTR_like_10482	Strict non-ONSEN TE background	1496	0.9	4	2.67379679144385
BG_LTR_like_10485	Strict non-ONSEN TE background	1415	0.9	4	2.82685512367491
BG_LTR_like_10488	Strict non-ONSEN TE background	828	0.9	4	4.83091787439614
BG_LTR_like_10495	Strict non-ONSEN TE background	546	0.9	1	1.83150183150183
BG_LTR_like_10496	Strict non-ONSEN TE background	650	0.9	1	1.53846153846154
BG_LTR_like_10497	Strict non-ONSEN TE background	284	0.9	0	0
BG_LTR_like_10498	Strict non-ONSEN TE background	273	0.9	0	0
BG_LTR_like_10500	Strict non-ONSEN TE background	1170	0.9	0	0
BG_LTR_like_10503	Strict non-ONSEN TE background	213	0.9	0	0
BG_LTR_like_10504	Strict non-ONSEN TE background	300	0.9	1	3.33333333333333
BG_LTR_like_10505	Strict non-ONSEN TE background	883	0.9	1	1.13250283125708
BG_LTR_like_10506	Strict non-ONSEN TE background	221	0.9	1	4.52488687782805
BG_LTR_like_10509	Strict non-ONSEN TE background	592	0.9	0	0
BG_LTR_like_10510	Strict non-ONSEN TE background	1692	0.9	2	1.18203309692671
BG_LTR_like_10511	Strict non-ONSEN TE background	1558	0.9	1	0.641848523748395
BG_LTR_like_10514	Strict non-ONSEN TE background	488	0.9	4	8.19672131147541
BG_LTR_like_10515	Strict non-ONSEN TE background	1456	0.9	1	0.686813186813187
BG_LTR_like_10516	Strict non-ONSEN TE background	1721	0.9	5	2.90528762347472
BG_LTR_like_10517	Strict non-ONSEN TE background	395	0.9	0	0
BG_LTR_like_10520	Strict non-ONSEN TE background	302	0.9	6	19.8675496688742
BG_LTR_like_10521	Strict non-ONSEN TE background	1383	0.9	3	2.16919739696312
BG_LTR_like_10522	Strict non-ONSEN TE background	589	0.9	2	3.3955857385399
BG_LTR_like_10523	Strict non-ONSEN TE background	280	0.9	0	0
BG_LTR_like_10524	Strict non-ONSEN TE background	1255	0.9	10	7.96812749003984
BG_LTR_like_10525	Strict non-ONSEN TE background	317	0.9	0	0
BG_LTR_like_10526	Strict non-ONSEN TE background	1272	0.9	2	1.57232704402516
BG_LTR_like_10527	Strict non-ONSEN TE background	1246	0.9	2	1.60513643659711
BG_LTR_like_10528	Strict non-ONSEN TE background	896	0.9	8	8.92857142857143
BG_LTR_like_10529	Strict non-ONSEN TE background	924	0.9	0	0
BG_LTR_like_10530	Strict non-ONSEN TE background	1255	0.9	4	3.18725099601594
BG_LTR_like_10531	Strict non-ONSEN TE background	641	0.9	0	0
BG_LTR_like_10532	Strict non-ONSEN TE background	1193	0.9	1	0.838222967309304
BG_LTR_like_10533	Strict non-ONSEN TE background	1550	0.9	4	2.58064516129032
BG_LTR_like_10534	Strict non-ONSEN TE background	587	0.9	7	11.9250425894378
BG_LTR_like_10537	Strict non-ONSEN TE background	853	0.9	3	3.51699882766706
BG_LTR_like_10538	Strict non-ONSEN TE background	1482	0.9	1	0.67476383265857
BG_LTR_like_10539	Strict non-ONSEN TE background	418	0.9	0	0
BG_LTR_like_10542	Strict non-ONSEN TE background	262	0.9	0	0
BG_LTR_like_10543	Strict non-ONSEN TE background	930	0.9	4	4.3010752688172
BG_LTR_like_10544	Strict non-ONSEN TE background	1038	0.9	3	2.89017341040462
BG_LTR_like_10545	Strict non-ONSEN TE background	1225	0.9	7	5.71428571428571
BG_LTR_like_10548	Strict non-ONSEN TE background	578	0.9	0	0
BG_LTR_like_10549	Strict non-ONSEN TE background	392	0.9	0	0
BG_LTR_like_10550	Strict non-ONSEN TE background	1203	0.9	4	3.32502078137988
BG_LTR_like_10551	Strict non-ONSEN TE background	1184	0.9	0	0
BG_LTR_like_10552	Strict non-ONSEN TE background	1300	0.9	2	1.53846153846154
BG_LTR_like_10553	Strict non-ONSEN TE background	500	0.9	0	0
BG_LTR_like_10554	Strict non-ONSEN TE background	306	0.9	0	0
BG_LTR_like_10555	Strict non-ONSEN TE background	1571	0.9	2	1.27307447485678
BG_LTR_like_10558	Strict non-ONSEN TE background	210	0.9	0	0
BG_LTR_like_10559	Strict non-ONSEN TE background	547	0.9	1	1.82815356489945
BG_LTR_like_10560	Strict non-ONSEN TE background	1279	0.9	1	0.781860828772479
BG_LTR_like_10563	Strict non-ONSEN TE background	524	0.9	0	0
BG_LTR_like_10566	Strict non-ONSEN TE background	708	0.9	2	2.82485875706215
BG_LTR_like_10567	Strict non-ONSEN TE background	581	0.9	0	0
BG_LTR_like_10568	Strict non-ONSEN TE background	637	0.9	4	6.27943485086342
BG_LTR_like_10569	Strict non-ONSEN TE background	1132	0.9	1	0.88339222614841
BG_LTR_like_10570	Strict non-ONSEN TE background	1457	0.9	0	0
BG_LTR_like_10571	Strict non-ONSEN TE background	675	0.9	1	1.48148148148148
BG_LTR_like_10572	Strict non-ONSEN TE background	636	0.9	1	1.57232704402516
BG_LTR_like_10573	Strict non-ONSEN TE background	1026	0.9	2	1.94931773879142
BG_LTR_like_10574	Strict non-ONSEN TE background	332	0.9	0	0
BG_LTR_like_10575	Strict non-ONSEN TE background	801	0.9	4	4.99375780274657
BG_LTR_like_10576	Strict non-ONSEN TE background	1632	0.9	2	1.22549019607843
BG_LTR_like_10577	Strict non-ONSEN TE background	280	0.9	0	0
BG_LTR_like_10578	Strict non-ONSEN TE background	990	0.9	1	1.01010101010101
BG_LTR_like_10579	Strict non-ONSEN TE background	312	0.9	0	0
BG_LTR_like_10580	Strict non-ONSEN TE background	238	0.9	0	0
BG_LTR_like_10587	Strict non-ONSEN TE background	1623	0.9	4	2.46457178065311
BG_LTR_like_10588	Strict non-ONSEN TE background	1571	0.9	6	3.81922342457034
BG_LTR_like_10589	Strict non-ONSEN TE background	1205	0.9	0	0
BG_LTR_like_10596	Strict non-ONSEN TE background	788	0.9	3	3.80710659898477
BG_LTR_like_10597	Strict non-ONSEN TE background	1517	0.9	7	4.614370468029
BG_LTR_like_10598	Strict non-ONSEN TE background	508	0.9	4	7.8740157480315
BG_LTR_like_10599	Strict non-ONSEN TE background	807	0.9	0	0
BG_LTR_like_10600	Strict non-ONSEN TE background	1041	0.9	0	0
BG_LTR_like_10601	Strict non-ONSEN TE background	347	0.9	0	0
BG_LTR_like_10602	Strict non-ONSEN TE background	250	0.9	0	0
BG_LTR_like_10603	Strict non-ONSEN TE background	486	0.9	0	0
BG_LTR_like_10606	Strict non-ONSEN TE background	315	0.9	1	3.17460317460317
BG_LTR_like_10607	Strict non-ONSEN TE background	421	0.9	2	4.75059382422803
BG_LTR_like_10608	Strict non-ONSEN TE background	1766	0.9	5	2.8312570781427
BG_LTR_like_10609	Strict non-ONSEN TE background	415	0.9	0	0
BG_LTR_like_10610	Strict non-ONSEN TE background	1784	0.9	1	0.560538116591928
BG_LTR_like_10611	Strict non-ONSEN TE background	927	0.9	2	2.15749730312837
BG_LTR_like_10612	Strict non-ONSEN TE background	1708	0.9	2	1.17096018735363
BG_LTR_like_10615	Strict non-ONSEN TE background	806	0.9	4	4.96277915632754
BG_LTR_like_10616	Strict non-ONSEN TE background	1699	0.9	2	1.17716303708064
BG_LTR_like_10617	Strict non-ONSEN TE background	1144	0.9	3	2.62237762237762
BG_LTR_like_10618	Strict non-ONSEN TE background	268	0.9	0	0
BG_LTR_like_10619	Strict non-ONSEN TE background	240	0.9	0	0
BG_LTR_like_10620	Strict non-ONSEN TE background	317	0.9	0	0
BG_LTR_like_10621	Strict non-ONSEN TE background	1129	0.9	4	3.54295837023915
BG_LTR_like_10622	Strict non-ONSEN TE background	557	0.9	0	0
BG_LTR_like_10625	Strict non-ONSEN TE background	458	0.9	0	0
BG_LTR_like_10626	Strict non-ONSEN TE background	1812	0.9	3	1.65562913907285
BG_LTR_like_10627	Strict non-ONSEN TE background	590	0.9	0	0
BG_LTR_like_10628	Strict non-ONSEN TE background	270	0.9	0	0
BG_LTR_like_10629	Strict non-ONSEN TE background	223	0.9	0	0
BG_LTR_like_10630	Strict non-ONSEN TE background	452	0.9	2	4.42477876106195
BG_LTR_like_10631	Strict non-ONSEN TE background	249	0.9	0	0
BG_LTR_like_10636	Strict non-ONSEN TE background	486	0.9	0	0
BG_LTR_like_10637	Strict non-ONSEN TE background	1529	0.9	4	2.6160889470242
BG_LTR_like_10638	Strict non-ONSEN TE background	632	0.9	0	0
BG_LTR_like_10641	Strict non-ONSEN TE background	681	0.9	0	0
BG_LTR_like_10644	Strict non-ONSEN TE background	1277	0.9	7	5.48159749412686
BG_LTR_like_10645	Strict non-ONSEN TE background	509	0.9	0	0
BG_LTR_like_10646	Strict non-ONSEN TE background	1742	0.9	3	1.72215843857635
BG_LTR_like_10649	Strict non-ONSEN TE background	329	0.9	0	0
BG_LTR_like_10650	Strict non-ONSEN TE background	1009	0.9	4	3.96432111000991
BG_LTR_like_10651	Strict non-ONSEN TE background	1613	0.9	1	0.619962802231866
BG_LTR_like_10656	Strict non-ONSEN TE background	924	0.9	0	0
BG_LTR_like_10657	Strict non-ONSEN TE background	629	0.9	0	0
BG_LTR_like_10658	Strict non-ONSEN TE background	277	0.9	0	0
BG_LTR_like_10659	Strict non-ONSEN TE background	1418	0.9	0	0
BG_LTR_like_10660	Strict non-ONSEN TE background	1132	0.9	0	0
BG_LTR_like_10661	Strict non-ONSEN TE background	1726	0.9	5	2.89687137891078
BG_LTR_like_10666	Strict non-ONSEN TE background	495	0.9	0	0
BG_LTR_like_10673	Strict non-ONSEN TE background	261	0.9	0	0
BG_LTR_like_10676	Strict non-ONSEN TE background	1468	0.9	1	0.681198910081744
BG_LTR_like_10677	Strict non-ONSEN TE background	1204	0.9	3	2.49169435215947
BG_LTR_like_10678	Strict non-ONSEN TE background	949	0.9	0	0
BG_LTR_like_10681	Strict non-ONSEN TE background	595	0.9	7	11.7647058823529
BG_LTR_like_10682	Strict non-ONSEN TE background	1188	0.9	3	2.52525252525253
BG_LTR_like_10683	Strict non-ONSEN TE background	1715	0.9	5	2.91545189504373
BG_LTR_like_10688	Strict non-ONSEN TE background	1164	0.9	9	7.7319587628866
BG_LTR_like_10689	Strict non-ONSEN TE background	208	0.9	0	0
BG_LTR_like_10690	Strict non-ONSEN TE background	1551	0.9	4	2.57898130238556
BG_LTR_like_10691	Strict non-ONSEN TE background	318	0.9	0	0
BG_LTR_like_10692	Strict non-ONSEN TE background	347	0.9	4	11.5273775216138
BG_LTR_like_10697	Strict non-ONSEN TE background	1457	0.9	1	0.686341798215511
BG_LTR_like_10698	Strict non-ONSEN TE background	249	0.9	1	4.01606425702811
BG_LTR_like_10699	Strict non-ONSEN TE background	1058	0.9	1	0.945179584120983
BG_LTR_like_10700	Strict non-ONSEN TE background	542	0.9	2	3.690036900369
BG_LTR_like_10701	Strict non-ONSEN TE background	1017	0.9	5	4.91642084562439
BG_LTR_like_10702	Strict non-ONSEN TE background	1535	0.9	3	1.95439739413681
BG_LTR_like_10703	Strict non-ONSEN TE background	1328	0.9	0	0
BG_LTR_like_10704	Strict non-ONSEN TE background	394	0.9	0	0
BG_LTR_like_10705	Strict non-ONSEN TE background	727	0.9	0	0
BG_LTR_like_10706	Strict non-ONSEN TE background	426	0.9	0	0
BG_LTR_like_10707	Strict non-ONSEN TE background	522	0.9	6	11.4942528735632
BG_LTR_like_10708	Strict non-ONSEN TE background	796	0.9	2	2.51256281407035
BG_LTR_like_10711	Strict non-ONSEN TE background	1726	0.9	1	0.579374275782155
BG_LTR_like_10712	Strict non-ONSEN TE background	708	0.9	0	0
BG_LTR_like_10713	Strict non-ONSEN TE background	714	0.9	0	0
BG_LTR_like_10714	Strict non-ONSEN TE background	1388	0.9	2	1.44092219020173
BG_LTR_like_10715	Strict non-ONSEN TE background	339	0.9	0	0
BG_LTR_like_10716	Strict non-ONSEN TE background	1662	0.9	4	2.40673886883273
BG_LTR_like_10717	Strict non-ONSEN TE background	544	0.9	2	3.67647058823529
BG_LTR_like_10718	Strict non-ONSEN TE background	1860	0.9	13	6.98924731182796
BG_LTR_like_10719	Strict non-ONSEN TE background	851	0.9	0	0
BG_LTR_like_10720	Strict non-ONSEN TE background	210	0.9	1	4.76190476190476
BG_LTR_like_10723	Strict non-ONSEN TE background	1164	0.9	9	7.7319587628866
BG_LTR_like_10726	Strict non-ONSEN TE background	208	0.9	0	0
BG_LTR_like_10727	Strict non-ONSEN TE background	1906	0.9	6	3.14795383001049
BG_LTR_like_10730	Strict non-ONSEN TE background	974	0.9	1	1.02669404517454
BG_LTR_like_10731	Strict non-ONSEN TE background	1204	0.9	7	5.81395348837209
BG_LTR_like_10734	Strict non-ONSEN TE background	776	0.9	1	1.28865979381443
BG_LTR_like_10735	Strict non-ONSEN TE background	787	0.9	1	1.27064803049555
BG_LTR_like_10738	Strict non-ONSEN TE background	1200	0.9	4	3.33333333333333
BG_LTR_like_10739	Strict non-ONSEN TE background	1529	0.9	6	3.9241334205363
BG_LTR_like_10740	Strict non-ONSEN TE background	1497	0.9	1	0.668002672010688
BG_LTR_like_10741	Strict non-ONSEN TE background	1067	0.9	0	0
BG_LTR_like_10742	Strict non-ONSEN TE background	1645	0.9	1	0.60790273556231
BG_LTR_like_10745	Strict non-ONSEN TE background	720	0.9	0	0
BG_LTR_like_10746	Strict non-ONSEN TE background	611	0.9	10	16.366612111293
BG_LTR_like_10749	Strict non-ONSEN TE background	213	0.9	0	0
BG_LTR_like_10756	Strict non-ONSEN TE background	568	0.9	2	3.52112676056338
BG_LTR_like_10757	Strict non-ONSEN TE background	506	0.9	1	1.97628458498024
BG_LTR_like_10758	Strict non-ONSEN TE background	1549	0.9	4	2.5823111684958
BG_LTR_like_10759	Strict non-ONSEN TE background	1607	0.9	3	1.86683260734287
BG_LTR_like_10760	Strict non-ONSEN TE background	464	0.9	0	0
BG_LTR_like_10761	Strict non-ONSEN TE background	243	0.9	0	0
BG_LTR_like_10762	Strict non-ONSEN TE background	541	0.9	3	5.5452865064695
BG_LTR_like_10763	Strict non-ONSEN TE background	857	0.9	4	4.66744457409568
BG_LTR_like_10764	Strict non-ONSEN TE background	297	0.9	1	3.36700336700337
BG_LTR_like_10765	Strict non-ONSEN TE background	1550	0.9	2	1.29032258064516
BG_LTR_like_10766	Strict non-ONSEN TE background	1073	0.9	1	0.931966449207829
BG_LTR_like_10767	Strict non-ONSEN TE background	574	0.9	3	5.22648083623693
BG_LTR_like_10772	Strict non-ONSEN TE background	230	0.9	2	8.69565217391304
BG_LTR_like_10773	Strict non-ONSEN TE background	475	0.9	2	4.21052631578947
BG_LTR_like_10774	Strict non-ONSEN TE background	1543	0.9	6	3.88852883992223
BG_LTR_like_10775	Strict non-ONSEN TE background	239	0.9	0	0
BG_LTR_like_10776	Strict non-ONSEN TE background	1074	0.9	7	6.51769087523277
BG_LTR_like_10777	Strict non-ONSEN TE background	1064	0.9	3	2.81954887218045
BG_LTR_like_10778	Strict non-ONSEN TE background	317	0.9	1	3.15457413249211
BG_LTR_like_10779	Strict non-ONSEN TE background	599	0.9	1	1.669449081803
BG_LTR_like_10782	Strict non-ONSEN TE background	1667	0.9	4	2.3995200959808
BG_LTR_like_10783	Strict non-ONSEN TE background	241	0.9	0	0
BG_LTR_like_10784	Strict non-ONSEN TE background	272	0.9	0	0
BG_LTR_like_10788	Strict non-ONSEN TE background	1011	0.9	0	0
BG_LTR_like_10789	Strict non-ONSEN TE background	401	0.9	0	0
BG_LTR_like_10792	Strict non-ONSEN TE background	1350	0.9	0	0
BG_LTR_like_10795	Strict non-ONSEN TE background	1577	0.9	11	6.97526949904883
BG_LTR_like_10796	Strict non-ONSEN TE background	1750	0.9	2	1.14285714285714
BG_LTR_like_10797	Strict non-ONSEN TE background	1738	0.9	14	8.05523590333717
BG_LTR_like_10800	Strict non-ONSEN TE background	1140	0.9	3	2.63157894736842
BG_LTR_like_10803	Strict non-ONSEN TE background	1235	0.9	0	0
BG_LTR_like_10804	Strict non-ONSEN TE background	1911	0.9	12	6.27943485086342
BG_LTR_like_10805	Strict non-ONSEN TE background	283	0.9	0	0
BG_LTR_like_10806	Strict non-ONSEN TE background	1647	0.9	6	3.64298724954463
BG_LTR_like_10809	Strict non-ONSEN TE background	1807	0.9	2	1.10680686220255
BG_LTR_like_10812	Strict non-ONSEN TE background	1575	0.9	3	1.9047619047619
BG_LTR_like_10815	Strict non-ONSEN TE background	1010	0.9	3	2.97029702970297
BG_LTR_like_10816	Strict non-ONSEN TE background	641	0.9	0	0
BG_LTR_like_10817	Strict non-ONSEN TE background	555	0.9	13	23.4234234234234
BG_LTR_like_10818	Strict non-ONSEN TE background	772	0.9	2	2.59067357512953
BG_LTR_like_10819	Strict non-ONSEN TE background	647	0.9	1	1.54559505409583
BG_LTR_like_10820	Strict non-ONSEN TE background	1590	0.9	3	1.88679245283019
BG_LTR_like_10821	Strict non-ONSEN TE background	651	0.9	1	1.53609831029186
BG_LTR_like_10822	Strict non-ONSEN TE background	1133	0.9	4	3.53045013239188
BG_LTR_like_10823	Strict non-ONSEN TE background	466	0.9	2	4.29184549356223
BG_LTR_like_10824	Strict non-ONSEN TE background	426	0.9	4	9.38967136150235
BG_LTR_like_10825	Strict non-ONSEN TE background	1517	0.9	2	1.318391562294
BG_LTR_like_10826	Strict non-ONSEN TE background	204	0.9	0	0
BG_LTR_like_10827	Strict non-ONSEN TE background	286	0.9	0	0
BG_LTR_like_10830	Strict non-ONSEN TE background	1074	0.9	1	0.931098696461825
BG_LTR_like_10833	Strict non-ONSEN TE background	632	0.9	2	3.16455696202532
BG_LTR_like_10834	Strict non-ONSEN TE background	1831	0.9	2	1.09229929000546
BG_LTR_like_10845	Strict non-ONSEN TE background	1174	0.9	12	10.221465076661
BG_LTR_like_10848	Strict non-ONSEN TE background	229	0.9	0	0
BG_LTR_like_10849	Strict non-ONSEN TE background	330	0.9	0	0
BG_LTR_like_10850	Strict non-ONSEN TE background	212	0.9	0	0
BG_LTR_like_10851	Strict non-ONSEN TE background	549	0.9	2	3.64298724954463
BG_LTR_like_10852	Strict non-ONSEN TE background	334	0.9	1	2.9940119760479
BG_LTR_like_10853	Strict non-ONSEN TE background	1329	0.9	5	3.76222723852521
BG_LTR_like_10854	Strict non-ONSEN TE background	595	0.9	0	0
BG_LTR_like_10855	Strict non-ONSEN TE background	1246	0.9	4	3.21027287319422
BG_LTR_like_10856	Strict non-ONSEN TE background	1381	0.9	3	2.17233888486604
BG_LTR_like_10857	Strict non-ONSEN TE background	967	0.9	4	4.13650465356774
BG_LTR_like_10858	Strict non-ONSEN TE background	643	0.9	1	1.5552099533437
BG_LTR_like_10859	Strict non-ONSEN TE background	448	0.9	0	0
BG_LTR_like_10860	Strict non-ONSEN TE background	450	0.9	3	6.66666666666667
BG_LTR_like_10865	Strict non-ONSEN TE background	1096	0.9	2	1.82481751824817
BG_LTR_like_10869	Strict non-ONSEN TE background	1001	0.9	2	1.998001998002
BG_LTR_like_10872	Strict non-ONSEN TE background	1902	0.9	4	2.10304942166141
BG_LTR_like_10875	Strict non-ONSEN TE background	219	0.9	0	0
BG_LTR_like_10876	Strict non-ONSEN TE background	321	0.9	0	0
BG_LTR_like_10879	Strict non-ONSEN TE background	292	0.9	0	0
BG_LTR_like_10880	Strict non-ONSEN TE background	715	0.9	0	0
BG_LTR_like_10891	Strict non-ONSEN TE background	207	0.9	0	0
BG_LTR_like_10892	Strict non-ONSEN TE background	342	0.9	1	2.92397660818713
BG_LTR_like_10893	Strict non-ONSEN TE background	452	0.9	0	0
BG_LTR_like_10894	Strict non-ONSEN TE background	250	0.9	0	0
BG_LTR_like_10895	Strict non-ONSEN TE background	250	0.9	0	0
BG_LTR_like_10896	Strict non-ONSEN TE background	250	0.9	0	0
BG_LTR_like_10897	Strict non-ONSEN TE background	484	0.9	1	2.06611570247934
BG_LTR_like_10900	Strict non-ONSEN TE background	808	0.9	0	0
BG_LTR_like_10913	Strict non-ONSEN TE background	1753	0.9	9	5.13405590416429
BG_LTR_like_10916	Strict non-ONSEN TE background	611	0.9	5	8.18330605564648
BG_LTR_like_10922	Strict non-ONSEN TE background	1625	0.9	0	0
BG_LTR_like_10923	Strict non-ONSEN TE background	495	0.9	0	0
BG_LTR_like_10938	Strict non-ONSEN TE background	303	0.9	0	0
BG_LTR_like_10939	Strict non-ONSEN TE background	650	0.9	2	3.07692307692308
BG_LTR_like_10950	Strict non-ONSEN TE background	590	0.9	0	0
BG_LTR_like_10964	Strict non-ONSEN TE background	233	0.9	0	0
BG_LTR_like_10965	Strict non-ONSEN TE background	666	0.9	3	4.5045045045045
BG_LTR_like_10966	Strict non-ONSEN TE background	1735	0.9	2	1.15273775216138
BG_LTR_like_11001	Strict non-ONSEN TE background	538	0.9	1	1.85873605947955
BG_LTR_like_11002	Strict non-ONSEN TE background	273	0.9	0	0
BG_LTR_like_11003	Strict non-ONSEN TE background	329	0.9	0	0
BG_LTR_like_11006	Strict non-ONSEN TE background	325	0.9	0	0
BG_LTR_like_11007	Strict non-ONSEN TE background	211	0.9	0	0
BG_LTR_like_11008	Strict non-ONSEN TE background	497	0.9	1	2.01207243460765
BG_LTR_like_11009	Strict non-ONSEN TE background	378	0.9	0	0
BG_LTR_like_11012	Strict non-ONSEN TE background	212	0.9	0	0
BG_LTR_like_11013	Strict non-ONSEN TE background	627	0.9	2	3.18979266347687
BG_LTR_like_11016	Strict non-ONSEN TE background	876	0.9	0	0
BG_LTR_like_11062	Strict non-ONSEN TE background	661	0.9	0	0
BG_LTR_like_11141	Strict non-ONSEN TE background	222	0.9	0	0
BG_LTR_like_11211	Strict non-ONSEN TE background	391	0.9	4	10.230179028133
BG_LTR_like_11212	Strict non-ONSEN TE background	206	0.9	0	0
BG_LTR_like_11213	Strict non-ONSEN TE background	212	0.9	0	0
BG_LTR_like_11236	Strict non-ONSEN TE background	382	0.9	2	5.23560209424084
BG_LTR_like_11237	Strict non-ONSEN TE background	551	0.9	1	1.81488203266788
BG_LTR_like_11271	Strict non-ONSEN TE background	734	0.9	0	0
BG_LTR_like_11272	Strict non-ONSEN TE background	306	0.9	0	0
BG_LTR_like_11302	Strict non-ONSEN TE background	1499	0.9	1	0.66711140760507
BG_LTR_like_11303	Strict non-ONSEN TE background	315	0.9	1	3.17460317460317
BG_LTR_like_11304	Strict non-ONSEN TE background	261	0.9	0	0
BG_LTR_like_11305	Strict non-ONSEN TE background	366	0.9	0	0
BG_LTR_like_11347	Strict non-ONSEN TE background	634	0.9	0	0
BG_LTR_like_11400	Strict non-ONSEN TE background	277	0.9	0	0
BG_LTR_like_11401	Strict non-ONSEN TE background	549	0.9	6	10.9289617486339
BG_LTR_like_11411	Strict non-ONSEN TE background	399	0.9	1	2.5062656641604
BG_LTR_like_11483	Strict non-ONSEN TE background	327	0.9	5	15.2905198776758
BG_LTR_like_11484	Strict non-ONSEN TE background	606	0.9	0	0
BG_LTR_like_11560	Strict non-ONSEN TE background	290	0.9	0	0
BG_LTR_like_11564	Strict non-ONSEN TE background	1225	0.9	2	1.63265306122449
BG_LTR_like_11565	Strict non-ONSEN TE background	1162	0.9	1	0.860585197934596
BG_LTR_like_11570	Strict non-ONSEN TE background	786	0.9	4	5.08905852417303
BG_LTR_like_11653	Strict non-ONSEN TE background	384	0.9	0	0
BG_LTR_like_11693	Strict non-ONSEN TE background	958	0.9	5	5.21920668058455
BG_LTR_like_11700	Strict non-ONSEN TE background	667	0.9	0	0
BG_LTR_like_11723	Strict non-ONSEN TE background	355	0.9	0	0
BG_LTR_like_11791	Strict non-ONSEN TE background	473	0.9	1	2.11416490486258
BG_LTR_like_12027	Strict non-ONSEN TE background	261	0.9	7	26.8199233716475
BG_LTR_like_12142	Strict non-ONSEN TE background	310	0.9	0	0
BG_LTR_like_12180	Strict non-ONSEN TE background	590	0.9	2	3.38983050847458
BG_LTR_like_12195	Strict non-ONSEN TE background	303	0.9	0	0
BG_LTR_like_12256	Strict non-ONSEN TE background	596	0.9	6	10.0671140939597
BG_LTR_like_12369	Strict non-ONSEN TE background	354	0.9	0	0
BG_LTR_like_12578	Strict non-ONSEN TE background	312	0.9	0	0
BG_LTR_like_12926	Strict non-ONSEN TE background	474	0.9	0	0
BG_LTR_like_12984	Strict non-ONSEN TE background	392	0.9	4	10.2040816326531
BG_LTR_like_13108	Strict non-ONSEN TE background	226	0.9	0	0
BG_LTR_like_13614	Strict non-ONSEN TE background	273	0.9	0	0
BG_LTR_like_13644	Strict non-ONSEN TE background	339	0.9	0	0
BG_LTR_like_13735	Strict non-ONSEN TE background	408	0.9	0	0
BG_LTR_like_13758	Strict non-ONSEN TE background	262	0.9	0	0
BG_LTR_like_13759	Strict non-ONSEN TE background	922	0.9	0	0
BG_LTR_like_13767	Strict non-ONSEN TE background	235	0.9	0	0
BG_LTR_like_13768	Strict non-ONSEN TE background	386	0.9	0	0
BG_LTR_like_13782	Strict non-ONSEN TE background	1623	0.9	2	1.23228589032656
BG_LTR_like_13783	Strict non-ONSEN TE background	308	0.9	2	6.49350649350649
BG_LTR_like_13798	Strict non-ONSEN TE background	493	0.9	1	2.02839756592292
BG_LTR_like_13799	Strict non-ONSEN TE background	343	0.9	0	0
BG_LTR_like_13800	Strict non-ONSEN TE background	344	0.9	0	0
BG_LTR_like_13805	Strict non-ONSEN TE background	668	0.9	1	1.49700598802395
BG_LTR_like_13827	Strict non-ONSEN TE background	240	0.9	0	0
BG_LTR_like_13828	Strict non-ONSEN TE background	230	0.9	0	0
BG_LTR_like_13856	Strict non-ONSEN TE background	273	0.9	0	0
BG_LTR_like_13857	Strict non-ONSEN TE background	609	0.9	2	3.28407224958949
BG_LTR_like_13858	Strict non-ONSEN TE background	1187	0.9	4	3.3698399326032
BG_LTR_like_13866	Strict non-ONSEN TE background	201	0.9	0	0
BG_LTR_like_13867	Strict non-ONSEN TE background	281	0.9	1	3.55871886120996
BG_LTR_like_13870	Strict non-ONSEN TE background	372	0.9	0	0
BG_LTR_like_13922	Strict non-ONSEN TE background	491	0.9	0	0
BG_LTR_like_13923	Strict non-ONSEN TE background	782	0.9	0	0
BG_LTR_like_13926	Strict non-ONSEN TE background	1352	0.9	0	0
BG_LTR_like_13927	Strict non-ONSEN TE background	564	0.9	3	5.31914893617021
BG_LTR_like_13928	Strict non-ONSEN TE background	981	0.9	1	1.01936799184506
BG_LTR_like_13929	Strict non-ONSEN TE background	245	0.9	0	0
BG_LTR_like_13930	Strict non-ONSEN TE background	1181	0.9	5	4.23370025402201
BG_LTR_like_13933	Strict non-ONSEN TE background	1151	0.9	0	0
BG_LTR_like_13938	Strict non-ONSEN TE background	1811	0.9	4	2.20872446162341
BG_LTR_like_13939	Strict non-ONSEN TE background	226	0.9	0	0
BG_LTR_like_13940	Strict non-ONSEN TE background	1667	0.9	2	1.1997600479904
BG_LTR_like_13941	Strict non-ONSEN TE background	306	0.9	4	13.0718954248366
BG_LTR_like_13942	Strict non-ONSEN TE background	266	0.9	1	3.7593984962406
BG_LTR_like_13943	Strict non-ONSEN TE background	266	0.9	1	3.7593984962406
BG_LTR_like_13944	Strict non-ONSEN TE background	886	0.9	1	1.12866817155756
BG_LTR_like_13947	Strict non-ONSEN TE background	262	0.9	0	0
BG_LTR_like_13948	Strict non-ONSEN TE background	530	0.9	0	0
BG_LTR_like_13949	Strict non-ONSEN TE background	316	0.9	0	0
BG_LTR_like_13950	Strict non-ONSEN TE background	394	0.9	0	0
BG_LTR_like_13951	Strict non-ONSEN TE background	1049	0.9	0	0
BG_LTR_like_13952	Strict non-ONSEN TE background	723	0.9	0	0
BG_LTR_like_13953	Strict non-ONSEN TE background	1457	0.9	0	0
BG_LTR_like_13954	Strict non-ONSEN TE background	348	0.9	2	5.74712643678161
BG_LTR_like_13957	Strict non-ONSEN TE background	256	0.9	0	0
BG_LTR_like_13958	Strict non-ONSEN TE background	1704	0.9	8	4.69483568075117
BG_LTR_like_13961	Strict non-ONSEN TE background	418	0.9	0	0
BG_LTR_like_13962	Strict non-ONSEN TE background	253	0.9	1	3.95256916996047
BG_LTR_like_13963	Strict non-ONSEN TE background	455	0.9	6	13.1868131868132
BG_LTR_like_13964	Strict non-ONSEN TE background	1119	0.9	5	4.46827524575514
BG_LTR_like_13965	Strict non-ONSEN TE background	1965	0.9	11	5.59796437659033
BG_LTR_like_13966	Strict non-ONSEN TE background	1557	0.9	2	1.28452151573539
BG_LTR_like_13967	Strict non-ONSEN TE background	557	0.9	2	3.59066427289048
BG_LTR_like_13968	Strict non-ONSEN TE background	1736	0.9	0	0
BG_LTR_like_13969	Strict non-ONSEN TE background	224	0.9	0	0
BG_LTR_like_13970	Strict non-ONSEN TE background	1710	0.9	1	0.584795321637427
BG_LTR_like_13971	Strict non-ONSEN TE background	1063	0.9	0	0
BG_LTR_like_13972	Strict non-ONSEN TE background	1753	0.9	2	1.14090131203651
BG_LTR_like_13973	Strict non-ONSEN TE background	271	0.9	0	0
BG_LTR_like_13974	Strict non-ONSEN TE background	359	0.9	0	0
BG_LTR_like_13977	Strict non-ONSEN TE background	1207	0.9	2	1.65700082850041
BG_LTR_like_13980	Strict non-ONSEN TE background	597	0.9	1	1.6750418760469
BG_LTR_like_13999	Strict non-ONSEN TE background	908	0.9	3	3.30396475770925
BG_LTR_like_14004	Strict non-ONSEN TE background	468	0.9	0	0
BG_LTR_like_14005	Strict non-ONSEN TE background	1180	0.9	3	2.54237288135593
BG_LTR_like_14006	Strict non-ONSEN TE background	711	0.9	2	2.81293952180028
BG_LTR_like_14015	Strict non-ONSEN TE background	443	0.9	0	0
BG_LTR_like_14018	Strict non-ONSEN TE background	1730	0.9	2	1.15606936416185
BG_LTR_like_14019	Strict non-ONSEN TE background	1186	0.9	2	1.68634064080944
BG_LTR_like_14020	Strict non-ONSEN TE background	1994	0.9	1	0.501504513540622
BG_LTR_like_14025	Strict non-ONSEN TE background	1705	0.9	4	2.34604105571847
BG_LTR_like_14026	Strict non-ONSEN TE background	1721	0.9	1	0.581057524694945
BG_LTR_like_14027	Strict non-ONSEN TE background	1117	0.9	3	2.6857654431513
BG_LTR_like_14030	Strict non-ONSEN TE background	1654	0.9	10	6.0459492140266
BG_LTR_like_14031	Strict non-ONSEN TE background	1445	0.9	14	9.68858131487889
BG_LTR_like_14032	Strict non-ONSEN TE background	1192	0.9	1	0.838926174496644
BG_LTR_like_14035	Strict non-ONSEN TE background	709	0.9	2	2.82087447108604
BG_LTR_like_14038	Strict non-ONSEN TE background	1335	0.9	2	1.49812734082397
BG_LTR_like_14039	Strict non-ONSEN TE background	1051	0.9	3	2.85442435775452
BG_LTR_like_14040	Strict non-ONSEN TE background	426	0.9	0	0
BG_LTR_like_14041	Strict non-ONSEN TE background	412	0.9	0	0
BG_LTR_like_14044	Strict non-ONSEN TE background	1475	0.9	7	4.74576271186441
BG_LTR_like_14045	Strict non-ONSEN TE background	457	0.9	1	2.18818380743982
BG_LTR_like_14046	Strict non-ONSEN TE background	687	0.9	2	2.91120815138282
BG_LTR_like_14047	Strict non-ONSEN TE background	1385	0.9	2	1.44404332129964
BG_LTR_like_14048	Strict non-ONSEN TE background	1564	0.9	2	1.27877237851662
BG_LTR_like_14049	Strict non-ONSEN TE background	324	0.9	0	0
BG_LTR_like_14050	Strict non-ONSEN TE background	1322	0.9	6	4.53857791225416
BG_LTR_like_14051	Strict non-ONSEN TE background	319	0.9	0	0
BG_LTR_like_14054	Strict non-ONSEN TE background	206	0.9	0	0
BG_LTR_like_14055	Strict non-ONSEN TE background	306	0.9	0	0
BG_LTR_like_14056	Strict non-ONSEN TE background	508	0.9	6	11.8110236220472
BG_LTR_like_14059	Strict non-ONSEN TE background	1268	0.9	4	3.15457413249211
BG_LTR_like_14060	Strict non-ONSEN TE background	1296	0.9	7	5.40123456790123
BG_LTR_like_14063	Strict non-ONSEN TE background	561	0.9	0	0
BG_LTR_like_14064	Strict non-ONSEN TE background	1014	0.9	1	0.986193293885602
BG_LTR_like_14065	Strict non-ONSEN TE background	1223	0.9	1	0.817661488143908
BG_LTR_like_14066	Strict non-ONSEN TE background	696	0.9	0	0
BG_LTR_like_14067	Strict non-ONSEN TE background	708	0.9	3	4.23728813559322
BG_LTR_like_14068	Strict non-ONSEN TE background	561	0.9	0	0
BG_LTR_like_14071	Strict non-ONSEN TE background	1228	0.9	9	7.32899022801303
BG_LTR_like_14074	Strict non-ONSEN TE background	444	0.9	1	2.25225225225225
BG_LTR_like_14075	Strict non-ONSEN TE background	1146	0.9	3	2.61780104712042
BG_LTR_like_14076	Strict non-ONSEN TE background	1411	0.9	6	4.25230333097094
BG_LTR_like_14077	Strict non-ONSEN TE background	1915	0.9	4	2.088772845953
BG_LTR_like_14080	Strict non-ONSEN TE background	470	0.9	0	0
BG_LTR_like_14081	Strict non-ONSEN TE background	1224	0.9	1	0.816993464052288
BG_LTR_like_14082	Strict non-ONSEN TE background	412	0.9	0	0
BG_LTR_like_14083	Strict non-ONSEN TE background	1953	0.9	0	0
BG_LTR_like_14084	Strict non-ONSEN TE background	1220	0.9	4	3.27868852459016
BG_LTR_like_14085	Strict non-ONSEN TE background	246	0.9	0	0
BG_LTR_like_14086	Strict non-ONSEN TE background	1209	0.9	9	7.44416873449131
BG_LTR_like_14089	Strict non-ONSEN TE background	317	0.9	0	0
BG_LTR_like_14092	Strict non-ONSEN TE background	1325	0.9	2	1.50943396226415
BG_LTR_like_14095	Strict non-ONSEN TE background	1199	0.9	12	10.0083402835696
BG_LTR_like_14098	Strict non-ONSEN TE background	1751	0.9	7	3.99771559109081
BG_LTR_like_14103	Strict non-ONSEN TE background	429	0.9	0	0
BG_LTR_like_14104	Strict non-ONSEN TE background	779	0.9	3	3.85109114249037
BG_LTR_like_14107	Strict non-ONSEN TE background	568	0.9	0	0
BG_LTR_like_14108	Strict non-ONSEN TE background	1559	0.9	7	4.49005772931366
BG_LTR_like_14109	Strict non-ONSEN TE background	494	0.9	0	0
BG_LTR_like_14110	Strict non-ONSEN TE background	479	0.9	0	0
BG_LTR_like_14111	Strict non-ONSEN TE background	402	0.9	0	0
BG_LTR_like_14114	Strict non-ONSEN TE background	1207	0.9	2	1.65700082850041
BG_LTR_like_14115	Strict non-ONSEN TE background	770	0.9	0	0
BG_LTR_like_14128	Strict non-ONSEN TE background	547	0.9	1	1.82815356489945
BG_LTR_like_14129	Strict non-ONSEN TE background	717	0.9	0	0
BG_LTR_like_14130	Strict non-ONSEN TE background	292	0.9	0	0
BG_LTR_like_14135	Strict non-ONSEN TE background	314	0.9	0	0
BG_LTR_like_14136	Strict non-ONSEN TE background	1052	0.9	5	4.75285171102662
BG_LTR_like_14137	Strict non-ONSEN TE background	978	0.9	2	2.04498977505112
BG_LTR_like_14140	Strict non-ONSEN TE background	1182	0.9	4	3.38409475465313
BG_LTR_like_14141	Strict non-ONSEN TE background	228	0.9	1	4.3859649122807
BG_LTR_like_14142	Strict non-ONSEN TE background	1187	0.9	8	6.7396798652064
BG_LTR_like_14143	Strict non-ONSEN TE background	539	0.9	0	0
BG_LTR_like_14148	Strict non-ONSEN TE background	280	0.9	1	3.57142857142857
BG_LTR_like_14149	Strict non-ONSEN TE background	1119	0.9	1	0.893655049151028
BG_LTR_like_14150	Strict non-ONSEN TE background	226	0.9	0	0
BG_LTR_like_14151	Strict non-ONSEN TE background	322	0.9	1	3.1055900621118
BG_LTR_like_14152	Strict non-ONSEN TE background	475	0.9	1	2.10526315789474
BG_LTR_like_14153	Strict non-ONSEN TE background	525	0.9	0	0
BG_LTR_like_14156	Strict non-ONSEN TE background	1210	0.9	2	1.65289256198347
BG_LTR_like_14157	Strict non-ONSEN TE background	452	0.9	0	0
BG_LTR_like_14158	Strict non-ONSEN TE background	1895	0.9	2	1.05540897097625
BG_LTR_like_14159	Strict non-ONSEN TE background	763	0.9	1	1.31061598951507
BG_LTR_like_14160	Strict non-ONSEN TE background	310	0.9	0	0
BG_LTR_like_14163	Strict non-ONSEN TE background	1630	0.9	4	2.45398773006135
BG_LTR_like_14164	Strict non-ONSEN TE background	1554	0.9	1	0.643500643500644
BG_LTR_like_14165	Strict non-ONSEN TE background	1795	0.9	0	0
BG_LTR_like_14170	Strict non-ONSEN TE background	340	0.9	0	0
BG_LTR_like_14171	Strict non-ONSEN TE background	1336	0.9	0	0
BG_LTR_like_14172	Strict non-ONSEN TE background	251	0.9	0	0
BG_LTR_like_14173	Strict non-ONSEN TE background	261	0.9	2	7.66283524904215
BG_LTR_like_14174	Strict non-ONSEN TE background	1925	0.9	2	1.03896103896104
BG_LTR_like_14179	Strict non-ONSEN TE background	363	0.9	0	0
BG_LTR_like_14180	Strict non-ONSEN TE background	1250	0.9	2	1.6
BG_LTR_like_14183	Strict non-ONSEN TE background	1954	0.9	0	0
BG_LTR_like_14184	Strict non-ONSEN TE background	431	0.9	0	0
BG_LTR_like_14185	Strict non-ONSEN TE background	516	0.9	1	1.93798449612403
BG_LTR_like_14186	Strict non-ONSEN TE background	212	0.9	0	0
BG_LTR_like_14187	Strict non-ONSEN TE background	1666	0.9	1	0.600240096038415
BG_LTR_like_14190	Strict non-ONSEN TE background	1305	0.9	1	0.766283524904215
BG_LTR_like_14191	Strict non-ONSEN TE background	704	0.9	0	0
BG_LTR_like_14192	Strict non-ONSEN TE background	1142	0.9	3	2.62697022767075
BG_LTR_like_14193	Strict non-ONSEN TE background	1195	0.9	2	1.67364016736402
BG_LTR_like_14198	Strict non-ONSEN TE background	282	0.9	1	3.54609929078014
BG_LTR_like_14201	Strict non-ONSEN TE background	618	0.9	1	1.61812297734628
BG_LTR_like_14202	Strict non-ONSEN TE background	279	0.9	0	0
BG_LTR_like_14203	Strict non-ONSEN TE background	454	0.9	1	2.20264317180617
BG_LTR_like_14204	Strict non-ONSEN TE background	250	0.9	1	4
BG_LTR_like_14207	Strict non-ONSEN TE background	322	0.9	3	9.3167701863354
BG_LTR_like_14212	Strict non-ONSEN TE background	880	0.9	12	13.6363636363636
BG_LTR_like_14215	Strict non-ONSEN TE background	1651	0.9	15	9.08540278619019
BG_LTR_like_14218	Strict non-ONSEN TE background	582	0.9	1	1.71821305841924
BG_LTR_like_14219	Strict non-ONSEN TE background	1565	0.9	4	2.55591054313099
BG_LTR_like_14220	Strict non-ONSEN TE background	232	0.9	0	0
BG_LTR_like_14221	Strict non-ONSEN TE background	1395	0.9	1	0.716845878136201
BG_LTR_like_14224	Strict non-ONSEN TE background	425	0.9	2	4.70588235294118
BG_LTR_like_14227	Strict non-ONSEN TE background	722	0.9	0	0
BG_LTR_like_14228	Strict non-ONSEN TE background	1281	0.9	9	7.02576112412178
BG_LTR_like_14235	Strict non-ONSEN TE background	1427	0.9	2	1.40154169586545
BG_LTR_like_14236	Strict non-ONSEN TE background	766	0.9	0	0
BG_LTR_like_14237	Strict non-ONSEN TE background	1210	0.9	0	0
BG_LTR_like_14238	Strict non-ONSEN TE background	1585	0.9	1	0.630914826498423
BG_LTR_like_14239	Strict non-ONSEN TE background	697	0.9	0	0
BG_LTR_like_14242	Strict non-ONSEN TE background	283	0.9	0	0
BG_LTR_like_14245	Strict non-ONSEN TE background	421	0.9	1	2.37529691211401
BG_LTR_like_14248	Strict non-ONSEN TE background	569	0.9	4	7.0298769771529
BG_LTR_like_14249	Strict non-ONSEN TE background	980	0.9	0	0
BG_LTR_like_14250	Strict non-ONSEN TE background	270	0.9	0	0
BG_LTR_like_14251	Strict non-ONSEN TE background	690	0.9	0	0
BG_LTR_like_14252	Strict non-ONSEN TE background	557	0.9	0	0
BG_LTR_like_14253	Strict non-ONSEN TE background	570	0.9	0	0
BG_LTR_like_14254	Strict non-ONSEN TE background	374	0.9	2	5.3475935828877
BG_LTR_like_14255	Strict non-ONSEN TE background	951	0.9	1	1.0515247108307
BG_LTR_like_14256	Strict non-ONSEN TE background	1389	0.9	3	2.15982721382289
BG_LTR_like_14257	Strict non-ONSEN TE background	467	0.9	0	0
BG_LTR_like_14258	Strict non-ONSEN TE background	280	0.9	0	0
BG_LTR_like_14261	Strict non-ONSEN TE background	213	0.9	0	0
BG_LTR_like_14269	Strict non-ONSEN TE background	1337	0.9	1	0.74794315632012
BG_LTR_like_14270	Strict non-ONSEN TE background	885	0.9	4	4.51977401129944
BG_LTR_like_14273	Strict non-ONSEN TE background	326	0.9	0	0
BG_LTR_like_14291	Strict non-ONSEN TE background	1278	0.9	11	8.60719874804382
BG_LTR_like_14292	Strict non-ONSEN TE background	319	0.9	0	0
BG_LTR_like_14293	Strict non-ONSEN TE background	1212	0.9	0	0
BG_LTR_like_14294	Strict non-ONSEN TE background	612	0.9	3	4.90196078431373
BG_LTR_like_14295	Strict non-ONSEN TE background	1414	0.9	3	2.12164073550212
BG_LTR_like_14296	Strict non-ONSEN TE background	1677	0.9	4	2.38521168753727
BG_LTR_like_14301	Strict non-ONSEN TE background	493	0.9	0	0
BG_LTR_like_14302	Strict non-ONSEN TE background	1373	0.9	5	3.64166059723234
BG_LTR_like_14303	Strict non-ONSEN TE background	254	0.9	0	0
BG_LTR_like_14306	Strict non-ONSEN TE background	1770	0.9	1	0.564971751412429
BG_LTR_like_14307	Strict non-ONSEN TE background	1969	0.9	5	2.53936008125952
BG_LTR_like_14308	Strict non-ONSEN TE background	253	0.9	0	0
BG_LTR_like_14309	Strict non-ONSEN TE background	812	0.9	2	2.46305418719212
BG_LTR_like_14310	Strict non-ONSEN TE background	1325	0.9	2	1.50943396226415
BG_LTR_like_14311	Strict non-ONSEN TE background	286	0.9	4	13.986013986014
BG_LTR_like_14312	Strict non-ONSEN TE background	243	0.9	0	0
BG_LTR_like_14313	Strict non-ONSEN TE background	235	0.9	0	0
BG_LTR_like_14314	Strict non-ONSEN TE background	1704	0.9	3	1.76056338028169
BG_LTR_like_14317	Strict non-ONSEN TE background	1352	0.9	5	3.69822485207101
BG_LTR_like_14318	Strict non-ONSEN TE background	662	0.9	2	3.02114803625378
BG_LTR_like_14319	Strict non-ONSEN TE background	247	0.9	1	4.04858299595142
BG_LTR_like_14320	Strict non-ONSEN TE background	523	0.9	0	0
BG_LTR_like_14325	Strict non-ONSEN TE background	1352	0.9	5	3.69822485207101
BG_LTR_like_14326	Strict non-ONSEN TE background	662	0.9	2	3.02114803625378
BG_LTR_like_14327	Strict non-ONSEN TE background	245	0.9	1	4.08163265306122
BG_LTR_like_14328	Strict non-ONSEN TE background	527	0.9	0	0
BG_LTR_like_14329	Strict non-ONSEN TE background	1177	0.9	4	3.39847068819031
BG_LTR_like_14330	Strict non-ONSEN TE background	576	0.9	0	0
BG_LTR_like_14331	Strict non-ONSEN TE background	1398	0.9	2	1.43061516452074
BG_LTR_like_14332	Strict non-ONSEN TE background	288	0.9	0	0
BG_LTR_like_14333	Strict non-ONSEN TE background	375	0.9	0	0
BG_LTR_like_14334	Strict non-ONSEN TE background	386	0.9	1	2.59067357512953
BG_LTR_like_14335	Strict non-ONSEN TE background	306	0.9	0	0
BG_LTR_like_14336	Strict non-ONSEN TE background	1617	0.9	1	0.618429189857761
BG_LTR_like_14337	Strict non-ONSEN TE background	1516	0.9	6	3.95778364116095
BG_LTR_like_14340	Strict non-ONSEN TE background	467	0.9	0	0
BG_LTR_like_14341	Strict non-ONSEN TE background	429	0.9	0	0
BG_LTR_like_14342	Strict non-ONSEN TE background	433	0.9	0	0
BG_LTR_like_14343	Strict non-ONSEN TE background	832	0.9	4	4.80769230769231
BG_LTR_like_14346	Strict non-ONSEN TE background	1440	0.9	7	4.86111111111111
BG_LTR_like_14351	Strict non-ONSEN TE background	1796	0.9	2	1.11358574610245
BG_LTR_like_14352	Strict non-ONSEN TE background	756	0.9	2	2.64550264550265
BG_LTR_like_14357	Strict non-ONSEN TE background	1059	0.9	0	0
BG_LTR_like_14358	Strict non-ONSEN TE background	520	0.9	2	3.84615384615385
BG_LTR_like_14359	Strict non-ONSEN TE background	1501	0.9	8	5.32978014656895
BG_LTR_like_14360	Strict non-ONSEN TE background	1549	0.9	1	0.645577792123951
BG_LTR_like_14361	Strict non-ONSEN TE background	288	0.9	0	0
BG_LTR_like_14362	Strict non-ONSEN TE background	1058	0.9	0	0
BG_LTR_like_14363	Strict non-ONSEN TE background	498	0.9	2	4.01606425702811
BG_LTR_like_14364	Strict non-ONSEN TE background	1699	0.9	0	0
BG_LTR_like_14365	Strict non-ONSEN TE background	286	0.9	0	0
BG_LTR_like_14366	Strict non-ONSEN TE background	556	0.9	2	3.59712230215827
BG_LTR_like_14367	Strict non-ONSEN TE background	1651	0.9	4	2.42277407631738
BG_LTR_like_14370	Strict non-ONSEN TE background	641	0.9	0	0
BG_LTR_like_14371	Strict non-ONSEN TE background	996	0.9	5	5.02008032128514
BG_LTR_like_14372	Strict non-ONSEN TE background	650	0.9	0	0
BG_LTR_like_14373	Strict non-ONSEN TE background	312	0.9	0	0
BG_LTR_like_14374	Strict non-ONSEN TE background	223	0.9	0	0
BG_LTR_like_14377	Strict non-ONSEN TE background	1178	0.9	3	2.54668930390492
BG_LTR_like_14378	Strict non-ONSEN TE background	1127	0.9	2	1.77462289263531
BG_LTR_like_14379	Strict non-ONSEN TE background	1713	0.9	3	1.75131348511384
BG_LTR_like_14380	Strict non-ONSEN TE background	1689	0.9	7	4.14446417998816
BG_LTR_like_14383	Strict non-ONSEN TE background	1130	0.9	3	2.65486725663717
BG_LTR_like_14386	Strict non-ONSEN TE background	399	0.9	3	7.5187969924812
BG_LTR_like_14387	Strict non-ONSEN TE background	463	0.9	1	2.15982721382289
BG_LTR_like_14388	Strict non-ONSEN TE background	277	0.9	1	3.6101083032491
BG_LTR_like_14393	Strict non-ONSEN TE background	444	0.9	0	0
BG_LTR_like_14396	Strict non-ONSEN TE background	811	0.9	0	0
BG_LTR_like_14397	Strict non-ONSEN TE background	229	0.9	1	4.36681222707424
BG_LTR_like_14398	Strict non-ONSEN TE background	235	0.9	1	4.25531914893617
BG_LTR_like_14399	Strict non-ONSEN TE background	624	0.9	0	0
BG_LTR_like_14400	Strict non-ONSEN TE background	327	0.9	0	0
BG_LTR_like_14403	Strict non-ONSEN TE background	1825	0.9	1	0.547945205479452
BG_LTR_like_14406	Strict non-ONSEN TE background	1393	0.9	4	2.87150035893754
BG_LTR_like_14407	Strict non-ONSEN TE background	307	0.9	0	0
BG_LTR_like_14410	Strict non-ONSEN TE background	1561	0.9	1	0.640614990390775
BG_LTR_like_14411	Strict non-ONSEN TE background	329	0.9	1	3.03951367781155
BG_LTR_like_14414	Strict non-ONSEN TE background	245	0.9	0	0
BG_LTR_like_14415	Strict non-ONSEN TE background	1822	0.9	6	3.29308452250274
BG_LTR_like_14418	Strict non-ONSEN TE background	1071	0.9	7	6.5359477124183
BG_LTR_like_14419	Strict non-ONSEN TE background	442	0.9	0	0
BG_LTR_like_14420	Strict non-ONSEN TE background	257	0.9	0	0
BG_LTR_like_14423	Strict non-ONSEN TE background	959	0.9	5	5.21376433785193
BG_LTR_like_14424	Strict non-ONSEN TE background	537	0.9	0	0
BG_LTR_like_14425	Strict non-ONSEN TE background	981	0.9	4	4.07747196738022
BG_LTR_like_14426	Strict non-ONSEN TE background	923	0.9	0	0
BG_LTR_like_14429	Strict non-ONSEN TE background	1533	0.9	2	1.30463144161774
BG_LTR_like_14439	Strict non-ONSEN TE background	240	0.9	0	0
BG_LTR_like_14440	Strict non-ONSEN TE background	369	0.9	0	0
BG_LTR_like_14443	Strict non-ONSEN TE background	823	0.9	1	1.21506682867558
BG_LTR_like_14449	Strict non-ONSEN TE background	1423	0.9	6	4.21644413211525
BG_LTR_like_14450	Strict non-ONSEN TE background	1127	0.9	1	0.887311446317657
BG_LTR_like_14451	Strict non-ONSEN TE background	292	0.9	0	0
BG_LTR_like_14454	Strict non-ONSEN TE background	889	0.9	1	1.12485939257593
BG_LTR_like_14457	Strict non-ONSEN TE background	318	0.9	1	3.14465408805031
BG_LTR_like_14460	Strict non-ONSEN TE background	648	0.9	1	1.54320987654321
BG_LTR_like_14461	Strict non-ONSEN TE background	410	0.9	1	2.4390243902439
BG_LTR_like_14462	Strict non-ONSEN TE background	270	0.9	0	0
BG_LTR_like_14463	Strict non-ONSEN TE background	619	0.9	1	1.61550888529887
BG_LTR_like_14464	Strict non-ONSEN TE background	580	0.9	2	3.44827586206897
BG_LTR_like_14465	Strict non-ONSEN TE background	316	0.9	1	3.16455696202532
BG_LTR_like_14466	Strict non-ONSEN TE background	1613	0.9	3	1.8598884066956
BG_LTR_like_14469	Strict non-ONSEN TE background	285	0.9	0	0
BG_LTR_like_14470	Strict non-ONSEN TE background	1111	0.9	2	1.8001800180018
BG_LTR_like_14471	Strict non-ONSEN TE background	231	0.9	0	0
BG_LTR_like_14472	Strict non-ONSEN TE background	932	0.9	2	2.14592274678112
BG_LTR_like_14473	Strict non-ONSEN TE background	330	0.9	1	3.03030303030303
BG_LTR_like_14476	Strict non-ONSEN TE background	397	0.9	1	2.51889168765743
BG_LTR_like_14545	Strict non-ONSEN TE background	1486	0.9	4	2.69179004037685
BG_LTR_like_14548	Strict non-ONSEN TE background	408	0.9	0	0
BG_LTR_like_14600	Strict non-ONSEN TE background	384	0.9	0	0
BG_LTR_like_14601	Strict non-ONSEN TE background	966	0.9	2	2.0703933747412
BG_LTR_like_14602	Strict non-ONSEN TE background	1904	0.9	0	0
BG_LTR_like_14605	Strict non-ONSEN TE background	456	0.9	0	0
BG_LTR_like_14606	Strict non-ONSEN TE background	221	0.9	1	4.52488687782805
BG_LTR_like_14607	Strict non-ONSEN TE background	1521	0.9	0	0
BG_LTR_like_14676	Strict non-ONSEN TE background	597	0.9	4	6.7001675041876
BG_LTR_like_14677	Strict non-ONSEN TE background	210	0.9	0	0
BG_LTR_like_14678	Strict non-ONSEN TE background	943	0.9	0	0
BG_LTR_like_14679	Strict non-ONSEN TE background	360	0.9	1	2.77777777777778
BG_LTR_like_14707	Strict non-ONSEN TE background	346	0.9	0	0
BG_LTR_like_14708	Strict non-ONSEN TE background	339	0.9	0	0
BG_LTR_like_14709	Strict non-ONSEN TE background	441	0.9	1	2.26757369614512
BG_LTR_like_14712	Strict non-ONSEN TE background	453	0.9	1	2.2075055187638
BG_LTR_like_14715	Strict non-ONSEN TE background	423	0.9	0	0
BG_LTR_like_14716	Strict non-ONSEN TE background	758	0.9	1	1.31926121372032
BG_LTR_like_14719	Strict non-ONSEN TE background	1624	0.9	3	1.84729064039409
BG_LTR_like_14720	Strict non-ONSEN TE background	412	0.9	0	0
BG_LTR_like_14721	Strict non-ONSEN TE background	682	0.9	0	0
BG_LTR_like_14727	Strict non-ONSEN TE background	241	0.9	0	0
BG_LTR_like_14734	Strict non-ONSEN TE background	563	0.9	1	1.77619893428064
BG_LTR_like_14773	Strict non-ONSEN TE background	211	0.9	0	0
BG_LTR_like_14795	Strict non-ONSEN TE background	347	0.9	0	0
BG_LTR_like_14813	Strict non-ONSEN TE background	515	0.9	0	0
BG_LTR_like_14814	Strict non-ONSEN TE background	995	0.9	2	2.01005025125628
BG_LTR_like_14815	Strict non-ONSEN TE background	372	0.9	0	0
BG_LTR_like_14816	Strict non-ONSEN TE background	346	0.9	0	0
BG_LTR_like_14819	Strict non-ONSEN TE background	417	0.9	3	7.19424460431655
BG_LTR_like_14820	Strict non-ONSEN TE background	507	0.9	4	7.88954635108481
BG_LTR_like_14821	Strict non-ONSEN TE background	490	0.9	1	2.04081632653061
BG_LTR_like_14822	Strict non-ONSEN TE background	302	0.9	0	0
BG_LTR_like_14835	Strict non-ONSEN TE background	258	0.9	0	0
BG_LTR_like_14836	Strict non-ONSEN TE background	674	0.9	0	0
BG_LTR_like_15025	Strict non-ONSEN TE background	303	0.9	4	13.2013201320132
BG_LTR_like_15030	Strict non-ONSEN TE background	216	0.9	1	4.62962962962963
BG_LTR_like_15033	Strict non-ONSEN TE background	372	0.9	0	0
BG_LTR_like_15034	Strict non-ONSEN TE background	523	0.9	0	0
BG_LTR_like_15041	Strict non-ONSEN TE background	227	0.9	0	0
BG_LTR_like_15054	Strict non-ONSEN TE background	208	0.9	1	4.80769230769231
BG_LTR_like_15094	Strict non-ONSEN TE background	204	0.9	4	19.6078431372549
BG_LTR_like_15095	Strict non-ONSEN TE background	477	0.9	0	0
BG_LTR_like_15096	Strict non-ONSEN TE background	444	0.9	0	0
BG_LTR_like_15097	Strict non-ONSEN TE background	744	0.9	2	2.68817204301075
BG_LTR_like_15155	Strict non-ONSEN TE background	485	0.9	0	0
BG_LTR_like_15156	Strict non-ONSEN TE background	203	0.9	3	14.7783251231527
BG_LTR_like_15159	Strict non-ONSEN TE background	1464	0.9	6	4.0983606557377
BG_LTR_like_15212	Strict non-ONSEN TE background	848	0.9	7	8.25471698113208
BG_LTR_like_15230	Strict non-ONSEN TE background	306	0.9	0	0
BG_LTR_like_15231	Strict non-ONSEN TE background	309	0.9	0	0
BG_LTR_like_15232	Strict non-ONSEN TE background	288	0.9	0	0
BG_LTR_like_15246	Strict non-ONSEN TE background	651	0.9	0	0
BG_LTR_like_15247	Strict non-ONSEN TE background	657	0.9	0	0
BG_LTR_like_15268	Strict non-ONSEN TE background	270	0.9	0	0
BG_LTR_like_15280	Strict non-ONSEN TE background	466	0.9	1	2.14592274678112
BG_LTR_like_15281	Strict non-ONSEN TE background	376	0.9	1	2.65957446808511
BG_LTR_like_15301	Strict non-ONSEN TE background	1171	0.9	6	5.12382578992314
BG_LTR_like_15302	Strict non-ONSEN TE background	277	0.9	1	3.6101083032491
BG_LTR_like_15364	Strict non-ONSEN TE background	441	0.9	0	0
BG_LTR_like_15367	Strict non-ONSEN TE background	617	0.9	0	0
BG_LTR_like_15368	Strict non-ONSEN TE background	356	0.9	1	2.80898876404494
BG_LTR_like_15418	Strict non-ONSEN TE background	732	0.9	6	8.19672131147541
BG_LTR_like_15573	Strict non-ONSEN TE background	997	0.9	4	4.01203610832497
BG_LTR_like_15790	Strict non-ONSEN TE background	339	0.9	0	0
BG_LTR_like_15819	Strict non-ONSEN TE background	1591	0.9	3	1.88560653676933
BG_LTR_like_15888	Strict non-ONSEN TE background	201	0.9	0	0
Col0_AT1G11265_ONSEN1_leftLTRcandidate	ONSEN terminal candidate windows	800	0.95	5	6.25
Col0_AT1G11265_ONSEN1_rightLTRcandidate	ONSEN terminal candidate windows	800	0.95	4	5
Col0_AT1G21945_ONSEN7_leftLTRcandidate	ONSEN terminal candidate windows	800	0.95	2	2.5
Col0_AT1G21945_ONSEN7_rightLTRcandidate	ONSEN terminal candidate windows	800	0.95	4	5
Col0_AT1G48710_ONSEN5_leftLTRcandidate	ONSEN terminal candidate windows	800	0.95	5	6.25
Col0_AT1G48710_ONSEN5_rightLTRcandidate	ONSEN terminal candidate windows	800	0.95	4	5
Col0_AT1G58140_ONSEN4_leftLTRcandidate	ONSEN terminal candidate windows	800	0.95	4	5
Col0_AT1G58140_ONSEN4_rightLTRcandidate	ONSEN terminal candidate windows	800	0.95	3	3.75
Col0_AT3G32415_ONSEN8_leftLTRcandidate	ONSEN terminal candidate windows	800	0.95	5	6.25
Col0_AT3G32415_ONSEN8_rightLTRcandidate	ONSEN terminal candidate windows	800	0.95	4	5
Col0_AT3G59720_ONSEN6_leftLTRcandidate	ONSEN terminal candidate windows	800	0.95	4	5
Col0_AT3G59720_ONSEN6_rightLTRcandidate	ONSEN terminal candidate windows	800	0.95	3	3.75
Col0_AT3G61330_ONSEN2_leftLTRcandidate	ONSEN terminal candidate windows	800	0.95	4	5
Col0_AT3G61330_ONSEN2_rightLTRcandidate	ONSEN terminal candidate windows	800	0.95	5	6.25
Col0_AT5G13205_ONSEN3_leftLTRcandidate	ONSEN terminal candidate windows	800	0.95	4	5
Col0_AT5G13205_ONSEN3_rightLTRcandidate	ONSEN terminal candidate windows	800	0.95	5	6.25
BG_LTR_like_00069	Strict non-ONSEN TE background	1076	0.95	0	0
BG_LTR_like_00321	Strict non-ONSEN TE background	249	0.95	0	0
BG_LTR_like_00382	Strict non-ONSEN TE background	566	0.95	0	0
BG_LTR_like_00544	Strict non-ONSEN TE background	1953	0.95	2	1.02406554019457
BG_LTR_like_00545	Strict non-ONSEN TE background	794	0.95	1	1.25944584382872
BG_LTR_like_00598	Strict non-ONSEN TE background	454	0.95	0	0
BG_LTR_like_00976	Strict non-ONSEN TE background	373	0.95	0	0
BG_LTR_like_00977	Strict non-ONSEN TE background	219	0.95	0	0
BG_LTR_like_00988	Strict non-ONSEN TE background	575	0.95	0	0
BG_LTR_like_01007	Strict non-ONSEN TE background	320	0.95	1	3.125
BG_LTR_like_01035	Strict non-ONSEN TE background	1435	0.95	0	0
BG_LTR_like_01083	Strict non-ONSEN TE background	204	0.95	0	0
BG_LTR_like_01139	Strict non-ONSEN TE background	236	0.95	0	0
BG_LTR_like_01218	Strict non-ONSEN TE background	220	0.95	0	0
BG_LTR_like_01304	Strict non-ONSEN TE background	362	0.95	0	0
BG_LTR_like_01309	Strict non-ONSEN TE background	510	0.95	0	0
BG_LTR_like_01341	Strict non-ONSEN TE background	355	0.95	1	2.8169014084507
BG_LTR_like_01399	Strict non-ONSEN TE background	225	0.95	1	4.44444444444444
BG_LTR_like_01400	Strict non-ONSEN TE background	309	0.95	1	3.23624595469256
BG_LTR_like_01528	Strict non-ONSEN TE background	673	0.95	0	0
BG_LTR_like_01529	Strict non-ONSEN TE background	967	0.95	2	2.06825232678387
BG_LTR_like_01530	Strict non-ONSEN TE background	400	0.95	0	0
BG_LTR_like_01531	Strict non-ONSEN TE background	236	0.95	0	0
BG_LTR_like_01532	Strict non-ONSEN TE background	203	0.95	0	0
BG_LTR_like_01685	Strict non-ONSEN TE background	296	0.95	0	0
BG_LTR_like_01751	Strict non-ONSEN TE background	651	0.95	0	0
BG_LTR_like_01759	Strict non-ONSEN TE background	285	0.95	0	0
BG_LTR_like_01760	Strict non-ONSEN TE background	226	0.95	0	0
BG_LTR_like_01834	Strict non-ONSEN TE background	1972	0.95	0	0
BG_LTR_like_01871	Strict non-ONSEN TE background	663	0.95	0	0
BG_LTR_like_01872	Strict non-ONSEN TE background	331	0.95	4	12.0845921450151
BG_LTR_like_01873	Strict non-ONSEN TE background	215	0.95	0	0
BG_LTR_like_01994	Strict non-ONSEN TE background	273	0.95	0	0
BG_LTR_like_02021	Strict non-ONSEN TE background	200	0.95	0	0
BG_LTR_like_02057	Strict non-ONSEN TE background	224	0.95	0	0
BG_LTR_like_02071	Strict non-ONSEN TE background	1613	0.95	0	0
BG_LTR_like_02081	Strict non-ONSEN TE background	221	0.95	0	0
BG_LTR_like_02102	Strict non-ONSEN TE background	475	0.95	1	2.10526315789474
BG_LTR_like_02114	Strict non-ONSEN TE background	280	0.95	0	0
BG_LTR_like_02135	Strict non-ONSEN TE background	260	0.95	0	0
BG_LTR_like_02136	Strict non-ONSEN TE background	373	0.95	0	0
BG_LTR_like_02139	Strict non-ONSEN TE background	265	0.95	1	3.77358490566038
BG_LTR_like_02143	Strict non-ONSEN TE background	1052	0.95	2	1.90114068441065
BG_LTR_like_02144	Strict non-ONSEN TE background	780	0.95	0	0
BG_LTR_like_02145	Strict non-ONSEN TE background	1759	0.95	0	0
BG_LTR_like_02152	Strict non-ONSEN TE background	586	0.95	2	3.41296928327645
BG_LTR_like_02159	Strict non-ONSEN TE background	639	0.95	0	0
BG_LTR_like_02160	Strict non-ONSEN TE background	280	0.95	0	0
BG_LTR_like_02161	Strict non-ONSEN TE background	1526	0.95	2	1.31061598951507
BG_LTR_like_02164	Strict non-ONSEN TE background	272	0.95	0	0
BG_LTR_like_02169	Strict non-ONSEN TE background	1548	0.95	0	0
BG_LTR_like_02172	Strict non-ONSEN TE background	891	0.95	0	0
BG_LTR_like_02176	Strict non-ONSEN TE background	1731	0.95	0	0
BG_LTR_like_02181	Strict non-ONSEN TE background	210	0.95	0	0
BG_LTR_like_02182	Strict non-ONSEN TE background	232	0.95	0	0
BG_LTR_like_02185	Strict non-ONSEN TE background	807	0.95	0	0
BG_LTR_like_02189	Strict non-ONSEN TE background	1256	0.95	0	0
BG_LTR_like_02190	Strict non-ONSEN TE background	203	0.95	0	0
BG_LTR_like_02191	Strict non-ONSEN TE background	272	0.95	0	0
BG_LTR_like_02192	Strict non-ONSEN TE background	1001	0.95	1	0.999000999000999
BG_LTR_like_02202	Strict non-ONSEN TE background	468	0.95	0	0
BG_LTR_like_02231	Strict non-ONSEN TE background	325	0.95	0	0
BG_LTR_like_02232	Strict non-ONSEN TE background	452	0.95	0	0
BG_LTR_like_02233	Strict non-ONSEN TE background	1536	0.95	0	0
BG_LTR_like_02234	Strict non-ONSEN TE background	423	0.95	0	0
BG_LTR_like_02235	Strict non-ONSEN TE background	311	0.95	0	0
BG_LTR_like_02236	Strict non-ONSEN TE background	205	0.95	0	0
BG_LTR_like_02237	Strict non-ONSEN TE background	509	0.95	0	0
BG_LTR_like_02238	Strict non-ONSEN TE background	416	0.95	0	0
BG_LTR_like_02243	Strict non-ONSEN TE background	1640	0.95	0	0
BG_LTR_like_02244	Strict non-ONSEN TE background	800	0.95	0	0
BG_LTR_like_02245	Strict non-ONSEN TE background	995	0.95	0	0
BG_LTR_like_02250	Strict non-ONSEN TE background	796	0.95	0	0
BG_LTR_like_02251	Strict non-ONSEN TE background	1656	0.95	2	1.20772946859903
BG_LTR_like_02252	Strict non-ONSEN TE background	585	0.95	0	0
BG_LTR_like_02253	Strict non-ONSEN TE background	1662	0.95	0	0
BG_LTR_like_02254	Strict non-ONSEN TE background	211	0.95	3	14.218009478673
BG_LTR_like_02255	Strict non-ONSEN TE background	234	0.95	0	0
BG_LTR_like_02256	Strict non-ONSEN TE background	1232	0.95	0	0
BG_LTR_like_02257	Strict non-ONSEN TE background	1199	0.95	0	0
BG_LTR_like_02260	Strict non-ONSEN TE background	325	0.95	0	0
BG_LTR_like_02261	Strict non-ONSEN TE background	1137	0.95	0	0
BG_LTR_like_02280	Strict non-ONSEN TE background	1617	0.95	0	0
BG_LTR_like_02281	Strict non-ONSEN TE background	1443	0.95	0	0
BG_LTR_like_02288	Strict non-ONSEN TE background	1204	0.95	1	0.830564784053156
BG_LTR_like_02289	Strict non-ONSEN TE background	1136	0.95	0	0
BG_LTR_like_02290	Strict non-ONSEN TE background	717	0.95	0	0
BG_LTR_like_02291	Strict non-ONSEN TE background	837	0.95	0	0
BG_LTR_like_02298	Strict non-ONSEN TE background	586	0.95	0	0
BG_LTR_like_02299	Strict non-ONSEN TE background	1118	0.95	0	0
BG_LTR_like_02300	Strict non-ONSEN TE background	214	0.95	0	0
BG_LTR_like_02301	Strict non-ONSEN TE background	1064	0.95	2	1.8796992481203
BG_LTR_like_02304	Strict non-ONSEN TE background	546	0.95	0	0
BG_LTR_like_02305	Strict non-ONSEN TE background	989	0.95	0	0
BG_LTR_like_02308	Strict non-ONSEN TE background	1526	0.95	0	0
BG_LTR_like_02309	Strict non-ONSEN TE background	1791	0.95	0	0
BG_LTR_like_02312	Strict non-ONSEN TE background	684	0.95	0	0
BG_LTR_like_02313	Strict non-ONSEN TE background	270	0.95	0	0
BG_LTR_like_02316	Strict non-ONSEN TE background	1315	0.95	1	0.760456273764259
BG_LTR_like_02317	Strict non-ONSEN TE background	1439	0.95	0	0
BG_LTR_like_02318	Strict non-ONSEN TE background	1389	0.95	1	0.719942404607631
BG_LTR_like_02319	Strict non-ONSEN TE background	1068	0.95	0	0
BG_LTR_like_02320	Strict non-ONSEN TE background	606	0.95	3	4.95049504950495
BG_LTR_like_02321	Strict non-ONSEN TE background	1011	0.95	0	0
BG_LTR_like_02322	Strict non-ONSEN TE background	606	0.95	1	1.65016501650165
BG_LTR_like_02323	Strict non-ONSEN TE background	1788	0.95	0	0
BG_LTR_like_02328	Strict non-ONSEN TE background	344	0.95	0	0
BG_LTR_like_02333	Strict non-ONSEN TE background	931	0.95	0	0
BG_LTR_like_02334	Strict non-ONSEN TE background	1579	0.95	0	0
BG_LTR_like_02335	Strict non-ONSEN TE background	1392	0.95	2	1.4367816091954
BG_LTR_like_02338	Strict non-ONSEN TE background	247	0.95	0	0
BG_LTR_like_02339	Strict non-ONSEN TE background	436	0.95	0	0
BG_LTR_like_02340	Strict non-ONSEN TE background	227	0.95	0	0
BG_LTR_like_02341	Strict non-ONSEN TE background	1573	0.95	2	1.27145581691036
BG_LTR_like_02342	Strict non-ONSEN TE background	1543	0.95	0	0
BG_LTR_like_02343	Strict non-ONSEN TE background	372	0.95	0	0
BG_LTR_like_02344	Strict non-ONSEN TE background	282	0.95	0	0
BG_LTR_like_02345	Strict non-ONSEN TE background	1608	0.95	0	0
BG_LTR_like_02346	Strict non-ONSEN TE background	631	0.95	0	0
BG_LTR_like_02347	Strict non-ONSEN TE background	281	0.95	0	0
BG_LTR_like_02348	Strict non-ONSEN TE background	1135	0.95	0	0
BG_LTR_like_02349	Strict non-ONSEN TE background	623	0.95	0	0
BG_LTR_like_02350	Strict non-ONSEN TE background	450	0.95	0	0
BG_LTR_like_02351	Strict non-ONSEN TE background	807	0.95	0	0
BG_LTR_like_02352	Strict non-ONSEN TE background	273	0.95	0	0
BG_LTR_like_02353	Strict non-ONSEN TE background	284	0.95	0	0
BG_LTR_like_02356	Strict non-ONSEN TE background	1948	0.95	0	0
BG_LTR_like_02357	Strict non-ONSEN TE background	1318	0.95	2	1.51745068285281
BG_LTR_like_02361	Strict non-ONSEN TE background	211	0.95	0	0
BG_LTR_like_02364	Strict non-ONSEN TE background	1210	0.95	0	0
BG_LTR_like_02365	Strict non-ONSEN TE background	1451	0.95	0	0
BG_LTR_like_02366	Strict non-ONSEN TE background	1094	0.95	0	0
BG_LTR_like_02367	Strict non-ONSEN TE background	421	0.95	0	0
BG_LTR_like_02372	Strict non-ONSEN TE background	599	0.95	0	0
BG_LTR_like_02373	Strict non-ONSEN TE background	1216	0.95	0	0
BG_LTR_like_02374	Strict non-ONSEN TE background	1991	0.95	1	0.502260170768458
BG_LTR_like_02375	Strict non-ONSEN TE background	505	0.95	0	0
BG_LTR_like_02376	Strict non-ONSEN TE background	592	0.95	0	0
BG_LTR_like_02377	Strict non-ONSEN TE background	1398	0.95	1	0.715307582260372
BG_LTR_like_02378	Strict non-ONSEN TE background	1635	0.95	1	0.611620795107034
BG_LTR_like_02397	Strict non-ONSEN TE background	409	0.95	0	0
BG_LTR_like_02398	Strict non-ONSEN TE background	405	0.95	0	0
BG_LTR_like_02399	Strict non-ONSEN TE background	1648	0.95	2	1.21359223300971
BG_LTR_like_02400	Strict non-ONSEN TE background	1544	0.95	0	0
BG_LTR_like_02401	Strict non-ONSEN TE background	597	0.95	0	0
BG_LTR_like_02402	Strict non-ONSEN TE background	380	0.95	0	0
BG_LTR_like_02405	Strict non-ONSEN TE background	1191	0.95	0	0
BG_LTR_like_02406	Strict non-ONSEN TE background	483	0.95	1	2.0703933747412
BG_LTR_like_02407	Strict non-ONSEN TE background	486	0.95	0	0
BG_LTR_like_02408	Strict non-ONSEN TE background	253	0.95	0	0
BG_LTR_like_02409	Strict non-ONSEN TE background	210	0.95	0	0
BG_LTR_like_02410	Strict non-ONSEN TE background	1130	0.95	0	0
BG_LTR_like_02411	Strict non-ONSEN TE background	870	0.95	1	1.14942528735632
BG_LTR_like_02412	Strict non-ONSEN TE background	798	0.95	0	0
BG_LTR_like_02413	Strict non-ONSEN TE background	461	0.95	0	0
BG_LTR_like_02414	Strict non-ONSEN TE background	485	0.95	1	2.06185567010309
BG_LTR_like_02415	Strict non-ONSEN TE background	241	0.95	0	0
BG_LTR_like_02416	Strict non-ONSEN TE background	1157	0.95	0	0
BG_LTR_like_02417	Strict non-ONSEN TE background	823	0.95	0	0
BG_LTR_like_02418	Strict non-ONSEN TE background	577	0.95	0	0
BG_LTR_like_02419	Strict non-ONSEN TE background	435	0.95	2	4.59770114942529
BG_LTR_like_02420	Strict non-ONSEN TE background	218	0.95	0	0
BG_LTR_like_02421	Strict non-ONSEN TE background	1690	0.95	0	0
BG_LTR_like_02422	Strict non-ONSEN TE background	506	0.95	0	0
BG_LTR_like_02425	Strict non-ONSEN TE background	369	0.95	0	0
BG_LTR_like_02426	Strict non-ONSEN TE background	1442	0.95	1	0.693481276005548
BG_LTR_like_02427	Strict non-ONSEN TE background	1686	0.95	0	0
BG_LTR_like_02428	Strict non-ONSEN TE background	1762	0.95	1	0.567536889897843
BG_LTR_like_02429	Strict non-ONSEN TE background	413	0.95	0	0
BG_LTR_like_02430	Strict non-ONSEN TE background	774	0.95	0	0
BG_LTR_like_02431	Strict non-ONSEN TE background	380	0.95	0	0
BG_LTR_like_02432	Strict non-ONSEN TE background	1191	0.95	0	0
BG_LTR_like_02433	Strict non-ONSEN TE background	483	0.95	1	2.0703933747412
BG_LTR_like_02434	Strict non-ONSEN TE background	486	0.95	0	0
BG_LTR_like_02435	Strict non-ONSEN TE background	253	0.95	0	0
BG_LTR_like_02436	Strict non-ONSEN TE background	210	0.95	0	0
BG_LTR_like_02437	Strict non-ONSEN TE background	1130	0.95	0	0
BG_LTR_like_02438	Strict non-ONSEN TE background	870	0.95	1	1.14942528735632
BG_LTR_like_02439	Strict non-ONSEN TE background	798	0.95	0	0
BG_LTR_like_02440	Strict non-ONSEN TE background	461	0.95	0	0
BG_LTR_like_02441	Strict non-ONSEN TE background	485	0.95	1	2.06185567010309
BG_LTR_like_02442	Strict non-ONSEN TE background	241	0.95	0	0
BG_LTR_like_02443	Strict non-ONSEN TE background	1157	0.95	0	0
BG_LTR_like_02444	Strict non-ONSEN TE background	823	0.95	0	0
BG_LTR_like_02445	Strict non-ONSEN TE background	577	0.95	0	0
BG_LTR_like_02446	Strict non-ONSEN TE background	435	0.95	2	4.59770114942529
BG_LTR_like_02447	Strict non-ONSEN TE background	218	0.95	0	0
BG_LTR_like_02448	Strict non-ONSEN TE background	1690	0.95	0	0
BG_LTR_like_02449	Strict non-ONSEN TE background	506	0.95	0	0
BG_LTR_like_02452	Strict non-ONSEN TE background	369	0.95	0	0
BG_LTR_like_02453	Strict non-ONSEN TE background	1442	0.95	1	0.693481276005548
BG_LTR_like_02454	Strict non-ONSEN TE background	1686	0.95	0	0
BG_LTR_like_02455	Strict non-ONSEN TE background	604	0.95	1	1.65562913907285
BG_LTR_like_02456	Strict non-ONSEN TE background	1733	0.95	0	0
BG_LTR_like_02459	Strict non-ONSEN TE background	421	0.95	0	0
BG_LTR_like_02460	Strict non-ONSEN TE background	1682	0.95	1	0.594530321046373
BG_LTR_like_02463	Strict non-ONSEN TE background	473	0.95	0	0
BG_LTR_like_02464	Strict non-ONSEN TE background	1341	0.95	0	0
BG_LTR_like_02465	Strict non-ONSEN TE background	245	0.95	0	0
BG_LTR_like_02466	Strict non-ONSEN TE background	1111	0.95	0	0
BG_LTR_like_02467	Strict non-ONSEN TE background	776	0.95	0	0
BG_LTR_like_02468	Strict non-ONSEN TE background	335	0.95	0	0
BG_LTR_like_02469	Strict non-ONSEN TE background	443	0.95	2	4.51467268623025
BG_LTR_like_02470	Strict non-ONSEN TE background	1612	0.95	0	0
BG_LTR_like_02471	Strict non-ONSEN TE background	506	0.95	0	0
BG_LTR_like_02472	Strict non-ONSEN TE background	211	0.95	0	0
BG_LTR_like_02473	Strict non-ONSEN TE background	1451	0.95	1	0.689179875947622
BG_LTR_like_02474	Strict non-ONSEN TE background	1692	0.95	0	0
BG_LTR_like_02475	Strict non-ONSEN TE background	1801	0.95	0	0
BG_LTR_like_02478	Strict non-ONSEN TE background	1423	0.95	0	0
BG_LTR_like_02479	Strict non-ONSEN TE background	1856	0.95	1	0.538793103448276
BG_LTR_like_02480	Strict non-ONSEN TE background	426	0.95	0	0
BG_LTR_like_02481	Strict non-ONSEN TE background	300	0.95	0	0
BG_LTR_like_02482	Strict non-ONSEN TE background	669	0.95	0	0
BG_LTR_like_02483	Strict non-ONSEN TE background	321	0.95	0	0
BG_LTR_like_02484	Strict non-ONSEN TE background	1525	0.95	0	0
BG_LTR_like_02485	Strict non-ONSEN TE background	874	0.95	0	0
BG_LTR_like_02486	Strict non-ONSEN TE background	1694	0.95	0	0
BG_LTR_like_02489	Strict non-ONSEN TE background	520	0.95	0	0
BG_LTR_like_02494	Strict non-ONSEN TE background	307	0.95	0	0
BG_LTR_like_02495	Strict non-ONSEN TE background	259	0.95	0	0
BG_LTR_like_02496	Strict non-ONSEN TE background	566	0.95	0	0
BG_LTR_like_02499	Strict non-ONSEN TE background	542	0.95	0	0
BG_LTR_like_02502	Strict non-ONSEN TE background	1448	0.95	0	0
BG_LTR_like_02503	Strict non-ONSEN TE background	407	0.95	0	0
BG_LTR_like_02507	Strict non-ONSEN TE background	1357	0.95	1	0.736919675755343
BG_LTR_like_02510	Strict non-ONSEN TE background	407	0.95	0	0
BG_LTR_like_02511	Strict non-ONSEN TE background	1978	0.95	0	0
BG_LTR_like_02514	Strict non-ONSEN TE background	1144	0.95	0	0
BG_LTR_like_02515	Strict non-ONSEN TE background	1912	0.95	2	1.04602510460251
BG_LTR_like_02516	Strict non-ONSEN TE background	294	0.95	0	0
BG_LTR_like_02517	Strict non-ONSEN TE background	219	0.95	0	0
BG_LTR_like_02520	Strict non-ONSEN TE background	1116	0.95	1	0.896057347670251
BG_LTR_like_02523	Strict non-ONSEN TE background	941	0.95	1	1.06269925611052
BG_LTR_like_02526	Strict non-ONSEN TE background	1115	0.95	1	0.896860986547085
BG_LTR_like_02527	Strict non-ONSEN TE background	1631	0.95	0	0
BG_LTR_like_02528	Strict non-ONSEN TE background	1194	0.95	0	0
BG_LTR_like_02529	Strict non-ONSEN TE background	1620	0.95	0	0
BG_LTR_like_02530	Strict non-ONSEN TE background	1086	0.95	1	0.920810313075506
BG_LTR_like_02531	Strict non-ONSEN TE background	1305	0.95	0	0
BG_LTR_like_02532	Strict non-ONSEN TE background	1659	0.95	0	0
BG_LTR_like_02535	Strict non-ONSEN TE background	625	0.95	0	0
BG_LTR_like_02536	Strict non-ONSEN TE background	926	0.95	0	0
BG_LTR_like_02539	Strict non-ONSEN TE background	254	0.95	0	0
BG_LTR_like_02540	Strict non-ONSEN TE background	1302	0.95	0	0
BG_LTR_like_02541	Strict non-ONSEN TE background	621	0.95	0	0
BG_LTR_like_02542	Strict non-ONSEN TE background	262	0.95	0	0
BG_LTR_like_02543	Strict non-ONSEN TE background	651	0.95	0	0
BG_LTR_like_02544	Strict non-ONSEN TE background	283	0.95	0	0
BG_LTR_like_02545	Strict non-ONSEN TE background	650	0.95	0	0
BG_LTR_like_02546	Strict non-ONSEN TE background	288	0.95	0	0
BG_LTR_like_02549	Strict non-ONSEN TE background	459	0.95	0	0
BG_LTR_like_02550	Strict non-ONSEN TE background	263	0.95	0	0
BG_LTR_like_02551	Strict non-ONSEN TE background	1650	0.95	3	1.81818181818182
BG_LTR_like_02552	Strict non-ONSEN TE background	1274	0.95	1	0.784929356357928
BG_LTR_like_02553	Strict non-ONSEN TE background	824	0.95	3	3.64077669902913
BG_LTR_like_02556	Strict non-ONSEN TE background	593	0.95	0	0
BG_LTR_like_02557	Strict non-ONSEN TE background	211	0.95	0	0
BG_LTR_like_02558	Strict non-ONSEN TE background	258	0.95	0	0
BG_LTR_like_02559	Strict non-ONSEN TE background	1810	0.95	0	0
BG_LTR_like_02560	Strict non-ONSEN TE background	1157	0.95	0	0
BG_LTR_like_02561	Strict non-ONSEN TE background	1215	0.95	2	1.64609053497942
BG_LTR_like_02565	Strict non-ONSEN TE background	1220	0.95	0	0
BG_LTR_like_02566	Strict non-ONSEN TE background	966	0.95	4	4.1407867494824
BG_LTR_like_02567	Strict non-ONSEN TE background	200	0.95	0	0
BG_LTR_like_02568	Strict non-ONSEN TE background	1870	0.95	2	1.06951871657754
BG_LTR_like_02569	Strict non-ONSEN TE background	1866	0.95	0	0
BG_LTR_like_02570	Strict non-ONSEN TE background	518	0.95	0	0
BG_LTR_like_02573	Strict non-ONSEN TE background	1656	0.95	1	0.603864734299517
BG_LTR_like_02574	Strict non-ONSEN TE background	280	0.95	0	0
BG_LTR_like_02577	Strict non-ONSEN TE background	353	0.95	3	8.4985835694051
BG_LTR_like_02578	Strict non-ONSEN TE background	1275	0.95	0	0
BG_LTR_like_02581	Strict non-ONSEN TE background	813	0.95	2	2.460024600246
BG_LTR_like_02582	Strict non-ONSEN TE background	1016	0.95	0	0
BG_LTR_like_02583	Strict non-ONSEN TE background	1943	0.95	0	0
BG_LTR_like_02584	Strict non-ONSEN TE background	1770	0.95	0	0
BG_LTR_like_02585	Strict non-ONSEN TE background	439	0.95	0	0
BG_LTR_like_02586	Strict non-ONSEN TE background	1197	0.95	0	0
BG_LTR_like_02587	Strict non-ONSEN TE background	1128	0.95	0	0
BG_LTR_like_02588	Strict non-ONSEN TE background	1130	0.95	0	0
BG_LTR_like_02589	Strict non-ONSEN TE background	1579	0.95	0	0
BG_LTR_like_02590	Strict non-ONSEN TE background	620	0.95	0	0
BG_LTR_like_02593	Strict non-ONSEN TE background	620	0.95	0	0
BG_LTR_like_02594	Strict non-ONSEN TE background	366	0.95	0	0
BG_LTR_like_02595	Strict non-ONSEN TE background	1207	0.95	0	0
BG_LTR_like_02596	Strict non-ONSEN TE background	1532	0.95	0	0
BG_LTR_like_02597	Strict non-ONSEN TE background	201	0.95	0	0
BG_LTR_like_02598	Strict non-ONSEN TE background	279	0.95	0	0
BG_LTR_like_02599	Strict non-ONSEN TE background	389	0.95	0	0
BG_LTR_like_02602	Strict non-ONSEN TE background	1234	0.95	2	1.62074554294976
BG_LTR_like_02605	Strict non-ONSEN TE background	905	0.95	0	0
BG_LTR_like_02606	Strict non-ONSEN TE background	900	0.95	0	0
BG_LTR_like_02607	Strict non-ONSEN TE background	894	0.95	0	0
BG_LTR_like_02608	Strict non-ONSEN TE background	528	0.95	0	0
BG_LTR_like_02611	Strict non-ONSEN TE background	693	0.95	0	0
BG_LTR_like_02612	Strict non-ONSEN TE background	1292	0.95	0	0
BG_LTR_like_02613	Strict non-ONSEN TE background	248	0.95	0	0
BG_LTR_like_02616	Strict non-ONSEN TE background	537	0.95	0	0
BG_LTR_like_02617	Strict non-ONSEN TE background	845	0.95	1	1.18343195266272
BG_LTR_like_02618	Strict non-ONSEN TE background	316	0.95	0	0
BG_LTR_like_02619	Strict non-ONSEN TE background	345	0.95	0	0
BG_LTR_like_02620	Strict non-ONSEN TE background	1668	0.95	0	0
BG_LTR_like_02621	Strict non-ONSEN TE background	1067	0.95	0	0
BG_LTR_like_02622	Strict non-ONSEN TE background	1362	0.95	0	0
BG_LTR_like_02623	Strict non-ONSEN TE background	1218	0.95	0	0
BG_LTR_like_02624	Strict non-ONSEN TE background	1259	0.95	0	0
BG_LTR_like_02625	Strict non-ONSEN TE background	233	0.95	0	0
BG_LTR_like_02626	Strict non-ONSEN TE background	485	0.95	0	0
BG_LTR_like_02627	Strict non-ONSEN TE background	259	0.95	0	0
BG_LTR_like_02632	Strict non-ONSEN TE background	360	0.95	0	0
BG_LTR_like_02633	Strict non-ONSEN TE background	463	0.95	0	0
BG_LTR_like_02634	Strict non-ONSEN TE background	1179	0.95	0	0
BG_LTR_like_02635	Strict non-ONSEN TE background	356	0.95	0	0
BG_LTR_like_02636	Strict non-ONSEN TE background	830	0.95	0	0
BG_LTR_like_02637	Strict non-ONSEN TE background	257	0.95	0	0
BG_LTR_like_02640	Strict non-ONSEN TE background	1210	0.95	0	0
BG_LTR_like_02698	Strict non-ONSEN TE background	201	0.95	0	0
BG_LTR_like_02699	Strict non-ONSEN TE background	920	0.95	0	0
BG_LTR_like_02704	Strict non-ONSEN TE background	1093	0.95	0	0
BG_LTR_like_02705	Strict non-ONSEN TE background	884	0.95	0	0
BG_LTR_like_02706	Strict non-ONSEN TE background	675	0.95	0	0
BG_LTR_like_02712	Strict non-ONSEN TE background	369	0.95	0	0
BG_LTR_like_02713	Strict non-ONSEN TE background	1524	0.95	0	0
BG_LTR_like_02714	Strict non-ONSEN TE background	212	0.95	0	0
BG_LTR_like_02715	Strict non-ONSEN TE background	241	0.95	0	0
BG_LTR_like_02716	Strict non-ONSEN TE background	1591	0.95	0	0
BG_LTR_like_02717	Strict non-ONSEN TE background	304	0.95	0	0
BG_LTR_like_02718	Strict non-ONSEN TE background	393	0.95	0	0
BG_LTR_like_02719	Strict non-ONSEN TE background	657	0.95	0	0
BG_LTR_like_02720	Strict non-ONSEN TE background	515	0.95	2	3.88349514563107
BG_LTR_like_02721	Strict non-ONSEN TE background	300	0.95	0	0
BG_LTR_like_02722	Strict non-ONSEN TE background	639	0.95	3	4.69483568075117
BG_LTR_like_02723	Strict non-ONSEN TE background	471	0.95	0	0
BG_LTR_like_02726	Strict non-ONSEN TE background	1200	0.95	0	0
BG_LTR_like_02727	Strict non-ONSEN TE background	1207	0.95	1	0.828500414250207
BG_LTR_like_02728	Strict non-ONSEN TE background	851	0.95	0	0
BG_LTR_like_02739	Strict non-ONSEN TE background	717	0.95	0	0
BG_LTR_like_02740	Strict non-ONSEN TE background	346	0.95	0	0
BG_LTR_like_02780	Strict non-ONSEN TE background	323	0.95	0	0
BG_LTR_like_02781	Strict non-ONSEN TE background	233	0.95	0	0
BG_LTR_like_02787	Strict non-ONSEN TE background	555	0.95	0	0
BG_LTR_like_02788	Strict non-ONSEN TE background	258	0.95	0	0
BG_LTR_like_02789	Strict non-ONSEN TE background	216	0.95	1	4.62962962962963
BG_LTR_like_02790	Strict non-ONSEN TE background	228	0.95	0	0
BG_LTR_like_02791	Strict non-ONSEN TE background	463	0.95	1	2.15982721382289
BG_LTR_like_02795	Strict non-ONSEN TE background	202	0.95	0	0
BG_LTR_like_02828	Strict non-ONSEN TE background	1024	0.95	0	0
BG_LTR_like_02843	Strict non-ONSEN TE background	228	0.95	0	0
BG_LTR_like_02846	Strict non-ONSEN TE background	287	0.95	0	0
BG_LTR_like_02847	Strict non-ONSEN TE background	355	0.95	0	0
BG_LTR_like_02848	Strict non-ONSEN TE background	209	0.95	0	0
BG_LTR_like_02849	Strict non-ONSEN TE background	378	0.95	0	0
BG_LTR_like_02870	Strict non-ONSEN TE background	521	0.95	1	1.91938579654511
BG_LTR_like_02874	Strict non-ONSEN TE background	290	0.95	0	0
BG_LTR_like_02875	Strict non-ONSEN TE background	256	0.95	0	0
BG_LTR_like_02876	Strict non-ONSEN TE background	887	0.95	1	1.12739571589628
BG_LTR_like_02879	Strict non-ONSEN TE background	700	0.95	1	1.42857142857143
BG_LTR_like_02883	Strict non-ONSEN TE background	853	0.95	1	1.17233294255569
BG_LTR_like_02901	Strict non-ONSEN TE background	302	0.95	0	0
BG_LTR_like_02902	Strict non-ONSEN TE background	472	0.95	0	0
BG_LTR_like_02929	Strict non-ONSEN TE background	299	0.95	0	0
BG_LTR_like_02937	Strict non-ONSEN TE background	201	0.95	0	0
BG_LTR_like_03130	Strict non-ONSEN TE background	655	0.95	0	0
BG_LTR_like_03131	Strict non-ONSEN TE background	297	0.95	0	0
BG_LTR_like_03153	Strict non-ONSEN TE background	203	0.95	0	0
BG_LTR_like_03154	Strict non-ONSEN TE background	501	0.95	0	0
BG_LTR_like_03155	Strict non-ONSEN TE background	256	0.95	0	0
BG_LTR_like_03182	Strict non-ONSEN TE background	219	0.95	0	0
BG_LTR_like_03190	Strict non-ONSEN TE background	288	0.95	1	3.47222222222222
BG_LTR_like_03191	Strict non-ONSEN TE background	228	0.95	0	0
BG_LTR_like_03276	Strict non-ONSEN TE background	222	0.95	0	0
BG_LTR_like_03289	Strict non-ONSEN TE background	364	0.95	0	0
BG_LTR_like_03290	Strict non-ONSEN TE background	213	0.95	0	0
BG_LTR_like_03293	Strict non-ONSEN TE background	966	0.95	0	0
BG_LTR_like_03294	Strict non-ONSEN TE background	375	0.95	0	0
BG_LTR_like_03319	Strict non-ONSEN TE background	989	0.95	1	1.01112234580384
BG_LTR_like_03345	Strict non-ONSEN TE background	234	0.95	0	0
BG_LTR_like_03362	Strict non-ONSEN TE background	655	0.95	0	0
BG_LTR_like_03389	Strict non-ONSEN TE background	220	0.95	0	0
BG_LTR_like_03390	Strict non-ONSEN TE background	225	0.95	0	0
BG_LTR_like_03448	Strict non-ONSEN TE background	233	0.95	0	0
BG_LTR_like_03451	Strict non-ONSEN TE background	384	0.95	0	0
BG_LTR_like_03501	Strict non-ONSEN TE background	306	0.95	0	0
BG_LTR_like_03511	Strict non-ONSEN TE background	570	0.95	0	0
BG_LTR_like_03512	Strict non-ONSEN TE background	221	0.95	0	0
BG_LTR_like_03513	Strict non-ONSEN TE background	419	0.95	0	0
BG_LTR_like_03538	Strict non-ONSEN TE background	207	0.95	0	0
BG_LTR_like_03583	Strict non-ONSEN TE background	202	0.95	0	0
BG_LTR_like_03600	Strict non-ONSEN TE background	246	0.95	0	0
BG_LTR_like_03662	Strict non-ONSEN TE background	440	0.95	0	0
BG_LTR_like_03728	Strict non-ONSEN TE background	226	0.95	0	0
BG_LTR_like_03729	Strict non-ONSEN TE background	352	0.95	0	0
BG_LTR_like_03786	Strict non-ONSEN TE background	251	0.95	0	0
BG_LTR_like_03865	Strict non-ONSEN TE background	232	0.95	0	0
BG_LTR_like_03882	Strict non-ONSEN TE background	324	0.95	0	0
BG_LTR_like_03949	Strict non-ONSEN TE background	327	0.95	0	0
BG_LTR_like_04081	Strict non-ONSEN TE background	443	0.95	0	0
BG_LTR_like_04547	Strict non-ONSEN TE background	644	0.95	0	0
BG_LTR_like_04548	Strict non-ONSEN TE background	350	0.95	0	0
BG_LTR_like_04603	Strict non-ONSEN TE background	854	0.95	0	0
BG_LTR_like_04604	Strict non-ONSEN TE background	375	0.95	0	0
BG_LTR_like_04605	Strict non-ONSEN TE background	1451	0.95	0	0
BG_LTR_like_04606	Strict non-ONSEN TE background	692	0.95	0	0
BG_LTR_like_04649	Strict non-ONSEN TE background	444	0.95	0	0
BG_LTR_like_04650	Strict non-ONSEN TE background	1178	0.95	0	0
BG_LTR_like_04651	Strict non-ONSEN TE background	326	0.95	1	3.06748466257669
BG_LTR_like_04652	Strict non-ONSEN TE background	429	0.95	0	0
BG_LTR_like_04653	Strict non-ONSEN TE background	621	0.95	1	1.61030595813205
BG_LTR_like_04654	Strict non-ONSEN TE background	674	0.95	0	0
BG_LTR_like_04659	Strict non-ONSEN TE background	1200	0.95	0	0
BG_LTR_like_04660	Strict non-ONSEN TE background	774	0.95	0	0
BG_LTR_like_04661	Strict non-ONSEN TE background	1221	0.95	1	0.819000819000819
BG_LTR_like_04669	Strict non-ONSEN TE background	708	0.95	2	2.82485875706215
BG_LTR_like_04672	Strict non-ONSEN TE background	291	0.95	0	0
BG_LTR_like_04673	Strict non-ONSEN TE background	1794	0.95	1	0.557413600891862
BG_LTR_like_04699	Strict non-ONSEN TE background	428	0.95	2	4.67289719626168
BG_LTR_like_04700	Strict non-ONSEN TE background	1476	0.95	1	0.677506775067751
BG_LTR_like_04701	Strict non-ONSEN TE background	329	0.95	0	0
BG_LTR_like_04709	Strict non-ONSEN TE background	209	0.95	0	0
BG_LTR_like_04710	Strict non-ONSEN TE background	519	0.95	0	0
BG_LTR_like_04713	Strict non-ONSEN TE background	388	0.95	0	0
BG_LTR_like_04714	Strict non-ONSEN TE background	1179	0.95	0	0
BG_LTR_like_04715	Strict non-ONSEN TE background	364	0.95	0	0
BG_LTR_like_04716	Strict non-ONSEN TE background	430	0.95	0	0
BG_LTR_like_04725	Strict non-ONSEN TE background	498	0.95	1	2.00803212851406
BG_LTR_like_04726	Strict non-ONSEN TE background	1930	0.95	0	0
BG_LTR_like_04761	Strict non-ONSEN TE background	313	0.95	0	0
BG_LTR_like_04764	Strict non-ONSEN TE background	901	0.95	1	1.10987791342952
BG_LTR_like_04765	Strict non-ONSEN TE background	363	0.95	0	0
BG_LTR_like_04766	Strict non-ONSEN TE background	1685	0.95	0	0
BG_LTR_like_04767	Strict non-ONSEN TE background	1842	0.95	0	0
BG_LTR_like_04770	Strict non-ONSEN TE background	551	0.95	0	0
BG_LTR_like_04771	Strict non-ONSEN TE background	1181	0.95	3	2.54022015241321
BG_LTR_like_04772	Strict non-ONSEN TE background	618	0.95	1	1.61812297734628
BG_LTR_like_04773	Strict non-ONSEN TE background	717	0.95	0	0
BG_LTR_like_04774	Strict non-ONSEN TE background	1204	0.95	0	0
BG_LTR_like_04775	Strict non-ONSEN TE background	827	0.95	0	0
BG_LTR_like_04776	Strict non-ONSEN TE background	239	0.95	0	0
BG_LTR_like_04777	Strict non-ONSEN TE background	1834	0.95	1	0.54525627044711
BG_LTR_like_04778	Strict non-ONSEN TE background	1993	0.95	0	0
BG_LTR_like_04779	Strict non-ONSEN TE background	239	0.95	0	0
BG_LTR_like_04780	Strict non-ONSEN TE background	779	0.95	2	2.56739409499358
BG_LTR_like_04781	Strict non-ONSEN TE background	1205	0.95	2	1.6597510373444
BG_LTR_like_04782	Strict non-ONSEN TE background	1829	0.95	0	0
BG_LTR_like_04783	Strict non-ONSEN TE background	1209	0.95	0	0
BG_LTR_like_04784	Strict non-ONSEN TE background	1569	0.95	1	0.637348629700446
BG_LTR_like_04785	Strict non-ONSEN TE background	1149	0.95	1	0.870322019147084
BG_LTR_like_04788	Strict non-ONSEN TE background	1649	0.95	1	0.606428138265615
BG_LTR_like_04789	Strict non-ONSEN TE background	1629	0.95	1	0.613873542050338
BG_LTR_like_04790	Strict non-ONSEN TE background	403	0.95	0	0
BG_LTR_like_04791	Strict non-ONSEN TE background	1855	0.95	0	0
BG_LTR_like_04792	Strict non-ONSEN TE background	370	0.95	0	0
BG_LTR_like_04796	Strict non-ONSEN TE background	1607	0.95	0	0
BG_LTR_like_04797	Strict non-ONSEN TE background	1684	0.95	0	0
BG_LTR_like_04798	Strict non-ONSEN TE background	809	0.95	0	0
BG_LTR_like_04799	Strict non-ONSEN TE background	526	0.95	0	0
BG_LTR_like_04800	Strict non-ONSEN TE background	873	0.95	0	0
BG_LTR_like_04801	Strict non-ONSEN TE background	1335	0.95	0	0
BG_LTR_like_04804	Strict non-ONSEN TE background	1673	0.95	1	0.597728631201434
BG_LTR_like_04807	Strict non-ONSEN TE background	307	0.95	0	0
BG_LTR_like_04808	Strict non-ONSEN TE background	620	0.95	0	0
BG_LTR_like_04809	Strict non-ONSEN TE background	1458	0.95	4	2.74348422496571
BG_LTR_like_04810	Strict non-ONSEN TE background	1346	0.95	1	0.742942050520059
BG_LTR_like_04813	Strict non-ONSEN TE background	1421	0.95	2	1.40745953553835
BG_LTR_like_04814	Strict non-ONSEN TE background	678	0.95	0	0
BG_LTR_like_04817	Strict non-ONSEN TE background	1597	0.95	2	1.25234815278647
BG_LTR_like_04818	Strict non-ONSEN TE background	1224	0.95	0	0
BG_LTR_like_04821	Strict non-ONSEN TE background	811	0.95	0	0
BG_LTR_like_04824	Strict non-ONSEN TE background	702	0.95	0	0
BG_LTR_like_04825	Strict non-ONSEN TE background	444	0.95	0	0
BG_LTR_like_04826	Strict non-ONSEN TE background	985	0.95	0	0
BG_LTR_like_04827	Strict non-ONSEN TE background	1588	0.95	3	1.88916876574307
BG_LTR_like_04828	Strict non-ONSEN TE background	1521	0.95	0	0
BG_LTR_like_04831	Strict non-ONSEN TE background	689	0.95	0	0
BG_LTR_like_04832	Strict non-ONSEN TE background	414	0.95	0	0
BG_LTR_like_04833	Strict non-ONSEN TE background	1030	0.95	1	0.970873786407767
BG_LTR_like_04834	Strict non-ONSEN TE background	399	0.95	3	7.5187969924812
BG_LTR_like_04835	Strict non-ONSEN TE background	341	0.95	0	0
BG_LTR_like_04836	Strict non-ONSEN TE background	593	0.95	0	0
BG_LTR_like_04837	Strict non-ONSEN TE background	1234	0.95	0	0
BG_LTR_like_04838	Strict non-ONSEN TE background	1935	0.95	0	0
BG_LTR_like_04839	Strict non-ONSEN TE background	281	0.95	2	7.11743772241993
BG_LTR_like_04840	Strict non-ONSEN TE background	466	0.95	1	2.14592274678112
BG_LTR_like_04845	Strict non-ONSEN TE background	235	0.95	0	0
BG_LTR_like_04846	Strict non-ONSEN TE background	1402	0.95	0	0
BG_LTR_like_04849	Strict non-ONSEN TE background	220	0.95	0	0
BG_LTR_like_04852	Strict non-ONSEN TE background	754	0.95	1	1.3262599469496
BG_LTR_like_04855	Strict non-ONSEN TE background	301	0.95	0	0
BG_LTR_like_04858	Strict non-ONSEN TE background	290	0.95	0	0
BG_LTR_like_04859	Strict non-ONSEN TE background	442	0.95	0	0
BG_LTR_like_04860	Strict non-ONSEN TE background	384	0.95	0	0
BG_LTR_like_04863	Strict non-ONSEN TE background	316	0.95	0	0
BG_LTR_like_04866	Strict non-ONSEN TE background	570	0.95	0	0
BG_LTR_like_04867	Strict non-ONSEN TE background	241	0.95	0	0
BG_LTR_like_04868	Strict non-ONSEN TE background	973	0.95	0	0
BG_LTR_like_04873	Strict non-ONSEN TE background	910	0.95	1	1.0989010989011
BG_LTR_like_04876	Strict non-ONSEN TE background	215	0.95	0	0
BG_LTR_like_04877	Strict non-ONSEN TE background	313	0.95	0	0
BG_LTR_like_04880	Strict non-ONSEN TE background	837	0.95	0	0
BG_LTR_like_04881	Strict non-ONSEN TE background	503	0.95	1	1.98807157057654
BG_LTR_like_04882	Strict non-ONSEN TE background	271	0.95	1	3.690036900369
BG_LTR_like_04883	Strict non-ONSEN TE background	236	0.95	0	0
BG_LTR_like_04884	Strict non-ONSEN TE background	1822	0.95	0	0
BG_LTR_like_04885	Strict non-ONSEN TE background	1762	0.95	0	0
BG_LTR_like_04888	Strict non-ONSEN TE background	1532	0.95	1	0.652741514360313
BG_LTR_like_04889	Strict non-ONSEN TE background	1640	0.95	0	0
BG_LTR_like_04890	Strict non-ONSEN TE background	236	0.95	0	0
BG_LTR_like_04891	Strict non-ONSEN TE background	1801	0.95	0	0
BG_LTR_like_04892	Strict non-ONSEN TE background	1800	0.95	0	0
BG_LTR_like_04893	Strict non-ONSEN TE background	605	0.95	0	0
BG_LTR_like_04894	Strict non-ONSEN TE background	1365	0.95	1	0.732600732600733
BG_LTR_like_04897	Strict non-ONSEN TE background	1611	0.95	1	0.620732464307883
BG_LTR_like_04898	Strict non-ONSEN TE background	915	0.95	0	0
BG_LTR_like_04899	Strict non-ONSEN TE background	583	0.95	0	0
BG_LTR_like_04900	Strict non-ONSEN TE background	1232	0.95	0	0
BG_LTR_like_04901	Strict non-ONSEN TE background	580	0.95	0	0
BG_LTR_like_04902	Strict non-ONSEN TE background	622	0.95	0	0
BG_LTR_like_04903	Strict non-ONSEN TE background	635	0.95	0	0
BG_LTR_like_04904	Strict non-ONSEN TE background	205	0.95	0	0
BG_LTR_like_04905	Strict non-ONSEN TE background	1152	0.95	0	0
BG_LTR_like_04906	Strict non-ONSEN TE background	627	0.95	0	0
BG_LTR_like_04907	Strict non-ONSEN TE background	323	0.95	0	0
BG_LTR_like_04908	Strict non-ONSEN TE background	1004	0.95	0	0
BG_LTR_like_04909	Strict non-ONSEN TE background	1081	0.95	0	0
BG_LTR_like_04910	Strict non-ONSEN TE background	707	0.95	2	2.82885431400283
BG_LTR_like_04911	Strict non-ONSEN TE background	1773	0.95	0	0
BG_LTR_like_04912	Strict non-ONSEN TE background	955	0.95	0	0
BG_LTR_like_04913	Strict non-ONSEN TE background	521	0.95	0	0
BG_LTR_like_04914	Strict non-ONSEN TE background	254	0.95	0	0
BG_LTR_like_04915	Strict non-ONSEN TE background	1166	0.95	4	3.43053173241853
BG_LTR_like_04916	Strict non-ONSEN TE background	600	0.95	0	0
BG_LTR_like_04917	Strict non-ONSEN TE background	1625	0.95	0	0
BG_LTR_like_04920	Strict non-ONSEN TE background	1068	0.95	0	0
BG_LTR_like_04925	Strict non-ONSEN TE background	878	0.95	0	0
BG_LTR_like_04926	Strict non-ONSEN TE background	746	0.95	0	0
BG_LTR_like_04929	Strict non-ONSEN TE background	622	0.95	0	0
BG_LTR_like_04930	Strict non-ONSEN TE background	308	0.95	0	0
BG_LTR_like_04931	Strict non-ONSEN TE background	370	0.95	0	0
BG_LTR_like_04932	Strict non-ONSEN TE background	1912	0.95	0	0
BG_LTR_like_04933	Strict non-ONSEN TE background	1595	0.95	0	0
BG_LTR_like_04934	Strict non-ONSEN TE background	1600	0.95	1	0.625
BG_LTR_like_04937	Strict non-ONSEN TE background	1620	0.95	0	0
BG_LTR_like_04938	Strict non-ONSEN TE background	242	0.95	0	0
BG_LTR_like_04939	Strict non-ONSEN TE background	1240	0.95	1	0.806451612903226
BG_LTR_like_04940	Strict non-ONSEN TE background	996	0.95	1	1.00401606425703
BG_LTR_like_04943	Strict non-ONSEN TE background	397	0.95	0	0
BG_LTR_like_04944	Strict non-ONSEN TE background	668	0.95	0	0
BG_LTR_like_04945	Strict non-ONSEN TE background	1601	0.95	0	0
BG_LTR_like_04946	Strict non-ONSEN TE background	1117	0.95	0	0
BG_LTR_like_04947	Strict non-ONSEN TE background	464	0.95	0	0
BG_LTR_like_04948	Strict non-ONSEN TE background	1029	0.95	1	0.971817298347911
BG_LTR_like_04949	Strict non-ONSEN TE background	1050	0.95	1	0.952380952380952
BG_LTR_like_04952	Strict non-ONSEN TE background	1807	0.95	0	0
BG_LTR_like_04953	Strict non-ONSEN TE background	1620	0.95	0	0
BG_LTR_like_04956	Strict non-ONSEN TE background	1512	0.95	1	0.661375661375661
BG_LTR_like_04957	Strict non-ONSEN TE background	275	0.95	0	0
BG_LTR_like_04958	Strict non-ONSEN TE background	560	0.95	2	3.57142857142857
BG_LTR_like_04959	Strict non-ONSEN TE background	322	0.95	0	0
BG_LTR_like_04960	Strict non-ONSEN TE background	888	0.95	0	0
BG_LTR_like_04961	Strict non-ONSEN TE background	247	0.95	0	0
BG_LTR_like_04962	Strict non-ONSEN TE background	200	0.95	0	0
BG_LTR_like_04963	Strict non-ONSEN TE background	1786	0.95	0	0
BG_LTR_like_04964	Strict non-ONSEN TE background	1615	0.95	1	0.619195046439629
BG_LTR_like_04965	Strict non-ONSEN TE background	692	0.95	2	2.89017341040462
BG_LTR_like_04966	Strict non-ONSEN TE background	1658	0.95	0	0
BG_LTR_like_04967	Strict non-ONSEN TE background	1754	0.95	1	0.570125427594071
BG_LTR_like_04972	Strict non-ONSEN TE background	1802	0.95	0	0
BG_LTR_like_04973	Strict non-ONSEN TE background	1740	0.95	0	0
BG_LTR_like_04974	Strict non-ONSEN TE background	1254	0.95	0	0
BG_LTR_like_04975	Strict non-ONSEN TE background	1078	0.95	0	0
BG_LTR_like_04976	Strict non-ONSEN TE background	1273	0.95	0	0
BG_LTR_like_04977	Strict non-ONSEN TE background	523	0.95	2	3.82409177820268
BG_LTR_like_04978	Strict non-ONSEN TE background	1303	0.95	0	0
BG_LTR_like_04979	Strict non-ONSEN TE background	244	0.95	0	0
BG_LTR_like_04980	Strict non-ONSEN TE background	307	0.95	0	0
BG_LTR_like_04981	Strict non-ONSEN TE background	780	0.95	0	0
BG_LTR_like_04982	Strict non-ONSEN TE background	644	0.95	0	0
BG_LTR_like_04983	Strict non-ONSEN TE background	320	0.95	0	0
BG_LTR_like_04984	Strict non-ONSEN TE background	437	0.95	0	0
BG_LTR_like_04985	Strict non-ONSEN TE background	923	0.95	1	1.08342361863489
BG_LTR_like_04986	Strict non-ONSEN TE background	1823	0.95	0	0
BG_LTR_like_04989	Strict non-ONSEN TE background	1796	0.95	0	0
BG_LTR_like_04990	Strict non-ONSEN TE background	951	0.95	2	2.10304942166141
BG_LTR_like_04993	Strict non-ONSEN TE background	621	0.95	0	0
BG_LTR_like_04994	Strict non-ONSEN TE background	1697	0.95	0	0
BG_LTR_like_04995	Strict non-ONSEN TE background	763	0.95	0	0
BG_LTR_like_05028	Strict non-ONSEN TE background	1177	0.95	0	0
BG_LTR_like_05029	Strict non-ONSEN TE background	1227	0.95	1	0.814995925020375
BG_LTR_like_05030	Strict non-ONSEN TE background	1514	0.95	0	0
BG_LTR_like_05033	Strict non-ONSEN TE background	1739	0.95	0	0
BG_LTR_like_05038	Strict non-ONSEN TE background	635	0.95	0	0
BG_LTR_like_05039	Strict non-ONSEN TE background	435	0.95	0	0
BG_LTR_like_05042	Strict non-ONSEN TE background	1479	0.95	4	2.70453008789723
BG_LTR_like_05045	Strict non-ONSEN TE background	552	0.95	0	0
BG_LTR_like_05048	Strict non-ONSEN TE background	1865	0.95	0	0
BG_LTR_like_05049	Strict non-ONSEN TE background	1072	0.95	2	1.86567164179104
BG_LTR_like_05050	Strict non-ONSEN TE background	793	0.95	0	0
BG_LTR_like_05051	Strict non-ONSEN TE background	440	0.95	0	0
BG_LTR_like_05052	Strict non-ONSEN TE background	929	0.95	0	0
BG_LTR_like_05053	Strict non-ONSEN TE background	357	0.95	0	0
BG_LTR_like_05054	Strict non-ONSEN TE background	1841	0.95	1	0.543183052688756
BG_LTR_like_05057	Strict non-ONSEN TE background	1678	0.95	1	0.595947556615018
BG_LTR_like_05058	Strict non-ONSEN TE background	1208	0.95	1	0.827814569536424
BG_LTR_like_05059	Strict non-ONSEN TE background	602	0.95	0	0
BG_LTR_like_05060	Strict non-ONSEN TE background	1579	0.95	1	0.633312222925903
BG_LTR_like_05061	Strict non-ONSEN TE background	257	0.95	0	0
BG_LTR_like_05062	Strict non-ONSEN TE background	636	0.95	0	0
BG_LTR_like_05063	Strict non-ONSEN TE background	354	0.95	0	0
BG_LTR_like_05064	Strict non-ONSEN TE background	902	0.95	0	0
BG_LTR_like_05065	Strict non-ONSEN TE background	477	0.95	0	0
BG_LTR_like_05066	Strict non-ONSEN TE background	302	0.95	0	0
BG_LTR_like_05067	Strict non-ONSEN TE background	1172	0.95	1	0.853242320819113
BG_LTR_like_05068	Strict non-ONSEN TE background	227	0.95	0	0
BG_LTR_like_05069	Strict non-ONSEN TE background	618	0.95	0	0
BG_LTR_like_05070	Strict non-ONSEN TE background	200	0.95	0	0
BG_LTR_like_05071	Strict non-ONSEN TE background	1291	0.95	0	0
BG_LTR_like_05072	Strict non-ONSEN TE background	1157	0.95	0	0
BG_LTR_like_05073	Strict non-ONSEN TE background	1228	0.95	1	0.814332247557003
BG_LTR_like_05074	Strict non-ONSEN TE background	304	0.95	0	0
BG_LTR_like_05075	Strict non-ONSEN TE background	286	0.95	0	0
BG_LTR_like_05076	Strict non-ONSEN TE background	1185	0.95	1	0.843881856540084
BG_LTR_like_05077	Strict non-ONSEN TE background	1482	0.95	0	0
BG_LTR_like_05078	Strict non-ONSEN TE background	231	0.95	0	0
BG_LTR_like_05079	Strict non-ONSEN TE background	1241	0.95	0	0
BG_LTR_like_05080	Strict non-ONSEN TE background	201	0.95	0	0
BG_LTR_like_05081	Strict non-ONSEN TE background	1372	0.95	0	0
BG_LTR_like_05082	Strict non-ONSEN TE background	741	0.95	0	0
BG_LTR_like_05085	Strict non-ONSEN TE background	1517	0.95	4	2.636783124588
BG_LTR_like_05086	Strict non-ONSEN TE background	424	0.95	0	0
BG_LTR_like_05087	Strict non-ONSEN TE background	1632	0.95	1	0.612745098039216
BG_LTR_like_05090	Strict non-ONSEN TE background	339	0.95	0	0
BG_LTR_like_05091	Strict non-ONSEN TE background	259	0.95	0	0
BG_LTR_like_05092	Strict non-ONSEN TE background	295	0.95	0	0
BG_LTR_like_05095	Strict non-ONSEN TE background	1674	0.95	0	0
BG_LTR_like_05096	Strict non-ONSEN TE background	310	0.95	0	0
BG_LTR_like_05099	Strict non-ONSEN TE background	261	0.95	1	3.83141762452107
BG_LTR_like_05100	Strict non-ONSEN TE background	211	0.95	0	0
BG_LTR_like_05101	Strict non-ONSEN TE background	1379	0.95	0	0
BG_LTR_like_05102	Strict non-ONSEN TE background	1008	0.95	0	0
BG_LTR_like_05103	Strict non-ONSEN TE background	1198	0.95	0	0
BG_LTR_like_05104	Strict non-ONSEN TE background	262	0.95	0	0
BG_LTR_like_05105	Strict non-ONSEN TE background	1059	0.95	0	0
BG_LTR_like_05106	Strict non-ONSEN TE background	531	0.95	1	1.88323917137476
BG_LTR_like_05107	Strict non-ONSEN TE background	784	0.95	0	0
BG_LTR_like_05108	Strict non-ONSEN TE background	218	0.95	0	0
BG_LTR_like_05111	Strict non-ONSEN TE background	1198	0.95	0	0
BG_LTR_like_05114	Strict non-ONSEN TE background	234	0.95	0	0
BG_LTR_like_05115	Strict non-ONSEN TE background	483	0.95	0	0
BG_LTR_like_05116	Strict non-ONSEN TE background	1352	0.95	0	0
BG_LTR_like_05119	Strict non-ONSEN TE background	1628	0.95	0	0
BG_LTR_like_05120	Strict non-ONSEN TE background	1278	0.95	0	0
BG_LTR_like_05121	Strict non-ONSEN TE background	269	0.95	0	0
BG_LTR_like_05122	Strict non-ONSEN TE background	483	0.95	0	0
BG_LTR_like_05123	Strict non-ONSEN TE background	1712	0.95	0	0
BG_LTR_like_05124	Strict non-ONSEN TE background	1236	0.95	1	0.809061488673139
BG_LTR_like_05125	Strict non-ONSEN TE background	276	0.95	0	0
BG_LTR_like_05126	Strict non-ONSEN TE background	354	0.95	0	0
BG_LTR_like_05127	Strict non-ONSEN TE background	253	0.95	0	0
BG_LTR_like_05128	Strict non-ONSEN TE background	1368	0.95	0	0
BG_LTR_like_05129	Strict non-ONSEN TE background	446	0.95	0	0
BG_LTR_like_05130	Strict non-ONSEN TE background	948	0.95	0	0
BG_LTR_like_05131	Strict non-ONSEN TE background	446	0.95	0	0
BG_LTR_like_05132	Strict non-ONSEN TE background	1627	0.95	0	0
BG_LTR_like_05135	Strict non-ONSEN TE background	1925	0.95	0	0
BG_LTR_like_05136	Strict non-ONSEN TE background	912	0.95	0	0
BG_LTR_like_05137	Strict non-ONSEN TE background	1323	0.95	0	0
BG_LTR_like_05140	Strict non-ONSEN TE background	752	0.95	0	0
BG_LTR_like_05141	Strict non-ONSEN TE background	411	0.95	0	0
BG_LTR_like_05144	Strict non-ONSEN TE background	1611	0.95	1	0.620732464307883
BG_LTR_like_05145	Strict non-ONSEN TE background	1211	0.95	0	0
BG_LTR_like_05146	Strict non-ONSEN TE background	1176	0.95	0	0
BG_LTR_like_05149	Strict non-ONSEN TE background	1335	0.95	1	0.749063670411985
BG_LTR_like_05154	Strict non-ONSEN TE background	1922	0.95	3	1.56087408949011
BG_LTR_like_05155	Strict non-ONSEN TE background	1696	0.95	0	0
BG_LTR_like_05168	Strict non-ONSEN TE background	430	0.95	1	2.32558139534884
BG_LTR_like_05169	Strict non-ONSEN TE background	618	0.95	0	0
BG_LTR_like_05186	Strict non-ONSEN TE background	308	0.95	0	0
BG_LTR_like_05187	Strict non-ONSEN TE background	1810	0.95	0	0
BG_LTR_like_05188	Strict non-ONSEN TE background	254	0.95	0	0
BG_LTR_like_05189	Strict non-ONSEN TE background	301	0.95	0	0
BG_LTR_like_05206	Strict non-ONSEN TE background	494	0.95	0	0
BG_LTR_like_05207	Strict non-ONSEN TE background	426	0.95	0	0
BG_LTR_like_05208	Strict non-ONSEN TE background	453	0.95	0	0
BG_LTR_like_05211	Strict non-ONSEN TE background	1990	0.95	0	0
BG_LTR_like_05212	Strict non-ONSEN TE background	541	0.95	2	3.69685767097967
BG_LTR_like_05213	Strict non-ONSEN TE background	1239	0.95	0	0
BG_LTR_like_05214	Strict non-ONSEN TE background	984	0.95	5	5.08130081300813
BG_LTR_like_05217	Strict non-ONSEN TE background	1742	0.95	1	0.574052812858783
BG_LTR_like_05220	Strict non-ONSEN TE background	1922	0.95	0	0
BG_LTR_like_05223	Strict non-ONSEN TE background	473	0.95	0	0
BG_LTR_like_05224	Strict non-ONSEN TE background	508	0.95	0	0
BG_LTR_like_05225	Strict non-ONSEN TE background	951	0.95	2	2.10304942166141
BG_LTR_like_05226	Strict non-ONSEN TE background	1308	0.95	0	0
BG_LTR_like_05227	Strict non-ONSEN TE background	1133	0.95	0	0
BG_LTR_like_05228	Strict non-ONSEN TE background	419	0.95	0	0
BG_LTR_like_05229	Strict non-ONSEN TE background	389	0.95	0	0
BG_LTR_like_05232	Strict non-ONSEN TE background	726	0.95	0	0
BG_LTR_like_05233	Strict non-ONSEN TE background	323	0.95	0	0
BG_LTR_like_05236	Strict non-ONSEN TE background	619	0.95	0	0
BG_LTR_like_05237	Strict non-ONSEN TE background	845	0.95	0	0
BG_LTR_like_05238	Strict non-ONSEN TE background	286	0.95	0	0
BG_LTR_like_05241	Strict non-ONSEN TE background	1399	0.95	0	0
BG_LTR_like_05242	Strict non-ONSEN TE background	1549	0.95	3	1.93673337637185
BG_LTR_like_05244	Strict non-ONSEN TE background	1625	0.95	0	0
BG_LTR_like_05245	Strict non-ONSEN TE background	267	0.95	0	0
BG_LTR_like_05246	Strict non-ONSEN TE background	1155	0.95	0	0
BG_LTR_like_05247	Strict non-ONSEN TE background	481	0.95	0	0
BG_LTR_like_05248	Strict non-ONSEN TE background	339	0.95	1	2.94985250737463
BG_LTR_like_05249	Strict non-ONSEN TE background	334	0.95	0	0
BG_LTR_like_05250	Strict non-ONSEN TE background	317	0.95	0	0
BG_LTR_like_05251	Strict non-ONSEN TE background	330	0.95	2	6.06060606060606
BG_LTR_like_05287	Strict non-ONSEN TE background	323	0.95	1	3.09597523219814
BG_LTR_like_05290	Strict non-ONSEN TE background	234	0.95	0	0
BG_LTR_like_05295	Strict non-ONSEN TE background	221	0.95	0	0
BG_LTR_like_05301	Strict non-ONSEN TE background	353	0.95	0	0
BG_LTR_like_05318	Strict non-ONSEN TE background	960	0.95	0	0
BG_LTR_like_05347	Strict non-ONSEN TE background	773	0.95	0	0
BG_LTR_like_05367	Strict non-ONSEN TE background	248	0.95	0	0
BG_LTR_like_05442	Strict non-ONSEN TE background	260	0.95	0	0
BG_LTR_like_05473	Strict non-ONSEN TE background	280	0.95	2	7.14285714285714
BG_LTR_like_05478	Strict non-ONSEN TE background	368	0.95	0	0
BG_LTR_like_05494	Strict non-ONSEN TE background	426	0.95	0	0
BG_LTR_like_05495	Strict non-ONSEN TE background	278	0.95	0	0
BG_LTR_like_05525	Strict non-ONSEN TE background	228	0.95	0	0
BG_LTR_like_05526	Strict non-ONSEN TE background	1554	0.95	0	0
BG_LTR_like_05575	Strict non-ONSEN TE background	260	0.95	1	3.84615384615385
BG_LTR_like_05592	Strict non-ONSEN TE background	351	0.95	0	0
BG_LTR_like_05596	Strict non-ONSEN TE background	381	0.95	0	0
BG_LTR_like_05628	Strict non-ONSEN TE background	578	0.95	0	0
BG_LTR_like_05644	Strict non-ONSEN TE background	349	0.95	0	0
BG_LTR_like_05689	Strict non-ONSEN TE background	352	0.95	0	0
BG_LTR_like_05740	Strict non-ONSEN TE background	550	0.95	1	1.81818181818182
BG_LTR_like_05741	Strict non-ONSEN TE background	407	0.95	0	0
BG_LTR_like_05757	Strict non-ONSEN TE background	352	0.95	0	0
BG_LTR_like_05758	Strict non-ONSEN TE background	350	0.95	0	0
BG_LTR_like_05771	Strict non-ONSEN TE background	891	0.95	0	0
BG_LTR_like_05793	Strict non-ONSEN TE background	216	0.95	0	0
BG_LTR_like_05794	Strict non-ONSEN TE background	269	0.95	0	0
BG_LTR_like_05802	Strict non-ONSEN TE background	523	0.95	4	7.64818355640535
BG_LTR_like_05803	Strict non-ONSEN TE background	660	0.95	2	3.03030303030303
BG_LTR_like_05832	Strict non-ONSEN TE background	475	0.95	0	0
BG_LTR_like_05833	Strict non-ONSEN TE background	1230	0.95	0	0
BG_LTR_like_05844	Strict non-ONSEN TE background	333	0.95	0	0
BG_LTR_like_05859	Strict non-ONSEN TE background	296	0.95	0	0
BG_LTR_like_05873	Strict non-ONSEN TE background	211	0.95	0	0
BG_LTR_like_05874	Strict non-ONSEN TE background	279	0.95	1	3.584229390681
BG_LTR_like_05903	Strict non-ONSEN TE background	449	0.95	0	0
BG_LTR_like_06037	Strict non-ONSEN TE background	265	0.95	0	0
BG_LTR_like_06081	Strict non-ONSEN TE background	281	0.95	0	0
BG_LTR_like_06117	Strict non-ONSEN TE background	355	0.95	0	0
BG_LTR_like_06118	Strict non-ONSEN TE background	467	0.95	0	0
BG_LTR_like_06150	Strict non-ONSEN TE background	510	0.95	0	0
BG_LTR_like_06169	Strict non-ONSEN TE background	393	0.95	0	0
BG_LTR_like_06193	Strict non-ONSEN TE background	228	0.95	0	0
BG_LTR_like_06241	Strict non-ONSEN TE background	224	0.95	0	0
BG_LTR_like_06242	Strict non-ONSEN TE background	430	0.95	0	0
BG_LTR_like_06243	Strict non-ONSEN TE background	268	0.95	0	0
BG_LTR_like_06244	Strict non-ONSEN TE background	768	0.95	0	0
BG_LTR_like_06247	Strict non-ONSEN TE background	805	0.95	0	0
BG_LTR_like_06295	Strict non-ONSEN TE background	243	0.95	0	0
BG_LTR_like_06337	Strict non-ONSEN TE background	266	0.95	0	0
BG_LTR_like_06396	Strict non-ONSEN TE background	541	0.95	0	0
BG_LTR_like_06461	Strict non-ONSEN TE background	306	0.95	0	0
BG_LTR_like_06470	Strict non-ONSEN TE background	799	0.95	1	1.25156445556946
BG_LTR_like_06662	Strict non-ONSEN TE background	231	0.95	0	0
BG_LTR_like_06719	Strict non-ONSEN TE background	246	0.95	0	0
BG_LTR_like_06875	Strict non-ONSEN TE background	202	0.95	1	4.95049504950495
BG_LTR_like_06959	Strict non-ONSEN TE background	1838	0.95	1	0.544069640914037
BG_LTR_like_07118	Strict non-ONSEN TE background	212	0.95	0	0
BG_LTR_like_07177	Strict non-ONSEN TE background	886	0.95	0	0
BG_LTR_like_07376	Strict non-ONSEN TE background	204	0.95	0	0
BG_LTR_like_07397	Strict non-ONSEN TE background	302	0.95	0	0
BG_LTR_like_07602	Strict non-ONSEN TE background	314	0.95	0	0
BG_LTR_like_07841	Strict non-ONSEN TE background	290	0.95	0	0
BG_LTR_like_07848	Strict non-ONSEN TE background	1111	0.95	0	0
BG_LTR_like_08022	Strict non-ONSEN TE background	330	0.95	0	0
BG_LTR_like_08064	Strict non-ONSEN TE background	276	0.95	0	0
BG_LTR_like_08118	Strict non-ONSEN TE background	225	0.95	0	0
BG_LTR_like_08149	Strict non-ONSEN TE background	252	0.95	0	0
BG_LTR_like_08150	Strict non-ONSEN TE background	294	0.95	0	0
BG_LTR_like_08191	Strict non-ONSEN TE background	310	0.95	0	0
BG_LTR_like_08208	Strict non-ONSEN TE background	318	0.95	0	0
BG_LTR_like_08244	Strict non-ONSEN TE background	234	0.95	0	0
BG_LTR_like_08245	Strict non-ONSEN TE background	234	0.95	0	0
BG_LTR_like_08246	Strict non-ONSEN TE background	203	0.95	1	4.92610837438424
BG_LTR_like_08256	Strict non-ONSEN TE background	393	0.95	0	0
BG_LTR_like_08268	Strict non-ONSEN TE background	371	0.95	1	2.69541778975741
BG_LTR_like_08328	Strict non-ONSEN TE background	270	0.95	0	0
BG_LTR_like_08329	Strict non-ONSEN TE background	522	0.95	0	0
BG_LTR_like_08341	Strict non-ONSEN TE background	235	0.95	0	0
BG_LTR_like_08346	Strict non-ONSEN TE background	350	0.95	0	0
BG_LTR_like_08355	Strict non-ONSEN TE background	925	0.95	0	0
BG_LTR_like_08370	Strict non-ONSEN TE background	212	0.95	0	0
BG_LTR_like_08371	Strict non-ONSEN TE background	392	0.95	0	0
BG_LTR_like_08396	Strict non-ONSEN TE background	658	0.95	0	0
BG_LTR_like_08417	Strict non-ONSEN TE background	206	0.95	0	0
BG_LTR_like_08418	Strict non-ONSEN TE background	486	0.95	0	0
BG_LTR_like_08419	Strict non-ONSEN TE background	1216	0.95	1	0.822368421052632
BG_LTR_like_08460	Strict non-ONSEN TE background	252	0.95	0	0
BG_LTR_like_08461	Strict non-ONSEN TE background	347	0.95	0	0
BG_LTR_like_08462	Strict non-ONSEN TE background	576	0.95	0	0
BG_LTR_like_08465	Strict non-ONSEN TE background	385	0.95	0	0
BG_LTR_like_08530	Strict non-ONSEN TE background	268	0.95	0	0
BG_LTR_like_08531	Strict non-ONSEN TE background	219	0.95	0	0
BG_LTR_like_08548	Strict non-ONSEN TE background	1206	0.95	2	1.65837479270315
BG_LTR_like_08558	Strict non-ONSEN TE background	373	0.95	0	0
BG_LTR_like_08587	Strict non-ONSEN TE background	342	0.95	0	0
BG_LTR_like_08588	Strict non-ONSEN TE background	1594	0.95	1	0.627352572145546
BG_LTR_like_08589	Strict non-ONSEN TE background	345	0.95	0	0
BG_LTR_like_08590	Strict non-ONSEN TE background	592	0.95	0	0
BG_LTR_like_08597	Strict non-ONSEN TE background	280	0.95	0	0
BG_LTR_like_08598	Strict non-ONSEN TE background	676	0.95	1	1.4792899408284
BG_LTR_like_08599	Strict non-ONSEN TE background	381	0.95	0	0
BG_LTR_like_08600	Strict non-ONSEN TE background	230	0.95	0	0
BG_LTR_like_08601	Strict non-ONSEN TE background	280	0.95	0	0
BG_LTR_like_08602	Strict non-ONSEN TE background	459	0.95	0	0
BG_LTR_like_08603	Strict non-ONSEN TE background	239	0.95	0	0
BG_LTR_like_08604	Strict non-ONSEN TE background	877	0.95	1	1.14025085518814
BG_LTR_like_08607	Strict non-ONSEN TE background	886	0.95	1	1.12866817155756
BG_LTR_like_08625	Strict non-ONSEN TE background	212	0.95	0	0
BG_LTR_like_08638	Strict non-ONSEN TE background	786	0.95	0	0
BG_LTR_like_08639	Strict non-ONSEN TE background	247	0.95	0	0
BG_LTR_like_08654	Strict non-ONSEN TE background	1935	0.95	2	1.03359173126615
BG_LTR_like_08657	Strict non-ONSEN TE background	439	0.95	0	0
BG_LTR_like_08658	Strict non-ONSEN TE background	304	0.95	0	0
BG_LTR_like_08659	Strict non-ONSEN TE background	1119	0.95	0	0
BG_LTR_like_08660	Strict non-ONSEN TE background	535	0.95	1	1.86915887850467
BG_LTR_like_08661	Strict non-ONSEN TE background	323	0.95	0	0
BG_LTR_like_08662	Strict non-ONSEN TE background	969	0.95	0	0
BG_LTR_like_08663	Strict non-ONSEN TE background	1100	0.95	0	0
BG_LTR_like_08692	Strict non-ONSEN TE background	1663	0.95	3	1.80396873120866
BG_LTR_like_08699	Strict non-ONSEN TE background	646	0.95	0	0
BG_LTR_like_08702	Strict non-ONSEN TE background	1060	0.95	0	0
BG_LTR_like_08703	Strict non-ONSEN TE background	598	0.95	0	0
BG_LTR_like_08717	Strict non-ONSEN TE background	1249	0.95	0	0
BG_LTR_like_08718	Strict non-ONSEN TE background	234	0.95	0	0
BG_LTR_like_08719	Strict non-ONSEN TE background	807	0.95	0	0
BG_LTR_like_08720	Strict non-ONSEN TE background	622	0.95	0	0
BG_LTR_like_08725	Strict non-ONSEN TE background	1771	0.95	0	0
BG_LTR_like_08728	Strict non-ONSEN TE background	1207	0.95	0	0
BG_LTR_like_08729	Strict non-ONSEN TE background	1027	0.95	0	0
BG_LTR_like_08730	Strict non-ONSEN TE background	242	0.95	0	0
BG_LTR_like_08736	Strict non-ONSEN TE background	963	0.95	0	0
BG_LTR_like_08737	Strict non-ONSEN TE background	863	0.95	0	0
BG_LTR_like_08738	Strict non-ONSEN TE background	231	0.95	0	0
BG_LTR_like_08739	Strict non-ONSEN TE background	455	0.95	0	0
BG_LTR_like_08742	Strict non-ONSEN TE background	1191	0.95	0	0
BG_LTR_like_08743	Strict non-ONSEN TE background	575	0.95	0	0
BG_LTR_like_08744	Strict non-ONSEN TE background	389	0.95	0	0
BG_LTR_like_08745	Strict non-ONSEN TE background	835	0.95	0	0
BG_LTR_like_08746	Strict non-ONSEN TE background	781	0.95	2	2.56081946222791
BG_LTR_like_08749	Strict non-ONSEN TE background	266	0.95	0	0
BG_LTR_like_08750	Strict non-ONSEN TE background	1020	0.95	0	0
BG_LTR_like_08751	Strict non-ONSEN TE background	1352	0.95	3	2.2189349112426
BG_LTR_like_08752	Strict non-ONSEN TE background	1152	0.95	1	0.868055555555556
BG_LTR_like_08753	Strict non-ONSEN TE background	617	0.95	0	0
BG_LTR_like_08754	Strict non-ONSEN TE background	1201	0.95	0	0
BG_LTR_like_08758	Strict non-ONSEN TE background	1053	0.95	2	1.89933523266857
BG_LTR_like_08759	Strict non-ONSEN TE background	1884	0.95	0	0
BG_LTR_like_08778	Strict non-ONSEN TE background	403	0.95	0	0
BG_LTR_like_08779	Strict non-ONSEN TE background	1618	0.95	0	0
BG_LTR_like_08780	Strict non-ONSEN TE background	325	0.95	0	0
BG_LTR_like_08781	Strict non-ONSEN TE background	275	0.95	2	7.27272727272727
BG_LTR_like_08782	Strict non-ONSEN TE background	460	0.95	0	0
BG_LTR_like_08783	Strict non-ONSEN TE background	293	0.95	0	0
BG_LTR_like_08784	Strict non-ONSEN TE background	486	0.95	0	0
BG_LTR_like_08785	Strict non-ONSEN TE background	1247	0.95	0	0
BG_LTR_like_08786	Strict non-ONSEN TE background	359	0.95	0	0
BG_LTR_like_08787	Strict non-ONSEN TE background	428	0.95	0	0
BG_LTR_like_08788	Strict non-ONSEN TE background	397	0.95	0	0
BG_LTR_like_08789	Strict non-ONSEN TE background	1780	0.95	0	0
BG_LTR_like_08790	Strict non-ONSEN TE background	208	0.95	0	0
BG_LTR_like_08791	Strict non-ONSEN TE background	257	0.95	0	0
BG_LTR_like_08792	Strict non-ONSEN TE background	346	0.95	0	0
BG_LTR_like_08795	Strict non-ONSEN TE background	1703	0.95	0	0
BG_LTR_like_08796	Strict non-ONSEN TE background	1143	0.95	1	0.874890638670166
BG_LTR_like_08797	Strict non-ONSEN TE background	619	0.95	0	0
BG_LTR_like_08798	Strict non-ONSEN TE background	833	0.95	0	0
BG_LTR_like_08801	Strict non-ONSEN TE background	548	0.95	0	0
BG_LTR_like_08802	Strict non-ONSEN TE background	711	0.95	0	0
BG_LTR_like_08803	Strict non-ONSEN TE background	468	0.95	0	0
BG_LTR_like_08804	Strict non-ONSEN TE background	694	0.95	0	0
BG_LTR_like_08805	Strict non-ONSEN TE background	1524	0.95	0	0
BG_LTR_like_08806	Strict non-ONSEN TE background	1281	0.95	0	0
BG_LTR_like_08807	Strict non-ONSEN TE background	1649	0.95	0	0
BG_LTR_like_08812	Strict non-ONSEN TE background	465	0.95	0	0
BG_LTR_like_08813	Strict non-ONSEN TE background	320	0.95	0	0
BG_LTR_like_08814	Strict non-ONSEN TE background	283	0.95	0	0
BG_LTR_like_08815	Strict non-ONSEN TE background	935	0.95	0	0
BG_LTR_like_08818	Strict non-ONSEN TE background	1164	0.95	3	2.57731958762887
BG_LTR_like_08819	Strict non-ONSEN TE background	357	0.95	0	0
BG_LTR_like_08820	Strict non-ONSEN TE background	419	0.95	0	0
BG_LTR_like_08821	Strict non-ONSEN TE background	1226	0.95	0	0
BG_LTR_like_08824	Strict non-ONSEN TE background	516	0.95	1	1.93798449612403
BG_LTR_like_08825	Strict non-ONSEN TE background	1428	0.95	4	2.80112044817927
BG_LTR_like_08826	Strict non-ONSEN TE background	693	0.95	0	0
BG_LTR_like_08827	Strict non-ONSEN TE background	891	0.95	0	0
BG_LTR_like_08828	Strict non-ONSEN TE background	1784	0.95	1	0.560538116591928
BG_LTR_like_08829	Strict non-ONSEN TE background	366	0.95	0	0
BG_LTR_like_08830	Strict non-ONSEN TE background	375	0.95	0	0
BG_LTR_like_08831	Strict non-ONSEN TE background	1050	0.95	0	0
BG_LTR_like_08832	Strict non-ONSEN TE background	765	0.95	0	0
BG_LTR_like_08833	Strict non-ONSEN TE background	326	0.95	0	0
BG_LTR_like_08834	Strict non-ONSEN TE background	1622	0.95	0	0
BG_LTR_like_08835	Strict non-ONSEN TE background	1148	0.95	1	0.871080139372822
BG_LTR_like_08836	Strict non-ONSEN TE background	459	0.95	0	0
BG_LTR_like_08837	Strict non-ONSEN TE background	1671	0.95	7	4.18910831837223
BG_LTR_like_08838	Strict non-ONSEN TE background	1500	0.95	2	1.33333333333333
BG_LTR_like_08845	Strict non-ONSEN TE background	877	0.95	0	0
BG_LTR_like_08846	Strict non-ONSEN TE background	1293	0.95	0	0
BG_LTR_like_08847	Strict non-ONSEN TE background	1778	0.95	2	1.12485939257593
BG_LTR_like_08848	Strict non-ONSEN TE background	817	0.95	0	0
BG_LTR_like_08849	Strict non-ONSEN TE background	1167	0.95	0	0
BG_LTR_like_08850	Strict non-ONSEN TE background	1143	0.95	0	0
BG_LTR_like_08851	Strict non-ONSEN TE background	1235	0.95	1	0.809716599190283
BG_LTR_like_08852	Strict non-ONSEN TE background	461	0.95	0	0
BG_LTR_like_08857	Strict non-ONSEN TE background	485	0.95	0	0
BG_LTR_like_08860	Strict non-ONSEN TE background	994	0.95	1	1.00603621730382
BG_LTR_like_08861	Strict non-ONSEN TE background	1170	0.95	0	0
BG_LTR_like_08862	Strict non-ONSEN TE background	491	0.95	0	0
BG_LTR_like_08863	Strict non-ONSEN TE background	221	0.95	0	0
BG_LTR_like_08864	Strict non-ONSEN TE background	212	0.95	0	0
BG_LTR_like_08865	Strict non-ONSEN TE background	1289	0.95	0	0
BG_LTR_like_08873	Strict non-ONSEN TE background	350	0.95	0	0
BG_LTR_like_08876	Strict non-ONSEN TE background	480	0.95	0	0
BG_LTR_like_08877	Strict non-ONSEN TE background	1147	0.95	2	1.743679163034
BG_LTR_like_08882	Strict non-ONSEN TE background	262	0.95	0	0
BG_LTR_like_08885	Strict non-ONSEN TE background	921	0.95	4	4.34310532030402
BG_LTR_like_08886	Strict non-ONSEN TE background	1736	0.95	0	0
BG_LTR_like_08887	Strict non-ONSEN TE background	1073	0.95	2	1.86393289841566
BG_LTR_like_08890	Strict non-ONSEN TE background	1165	0.95	1	0.858369098712446
BG_LTR_like_08891	Strict non-ONSEN TE background	1136	0.95	2	1.76056338028169
BG_LTR_like_08893	Strict non-ONSEN TE background	720	0.95	0	0
BG_LTR_like_08894	Strict non-ONSEN TE background	940	0.95	0	0
BG_LTR_like_08897	Strict non-ONSEN TE background	263	0.95	0	0
BG_LTR_like_08898	Strict non-ONSEN TE background	359	0.95	0	0
BG_LTR_like_08899	Strict non-ONSEN TE background	235	0.95	0	0
BG_LTR_like_08900	Strict non-ONSEN TE background	480	0.95	0	0
BG_LTR_like_08901	Strict non-ONSEN TE background	1104	0.95	0	0
BG_LTR_like_08902	Strict non-ONSEN TE background	492	0.95	0	0
BG_LTR_like_08903	Strict non-ONSEN TE background	216	0.95	0	0
BG_LTR_like_08904	Strict non-ONSEN TE background	1048	0.95	0	0
BG_LTR_like_08905	Strict non-ONSEN TE background	460	0.95	0	0
BG_LTR_like_08906	Strict non-ONSEN TE background	252	0.95	0	0
BG_LTR_like_08907	Strict non-ONSEN TE background	1065	0.95	0	0
BG_LTR_like_08908	Strict non-ONSEN TE background	486	0.95	0	0
BG_LTR_like_08909	Strict non-ONSEN TE background	1059	0.95	0	0
BG_LTR_like_08910	Strict non-ONSEN TE background	304	0.95	0	0
BG_LTR_like_08911	Strict non-ONSEN TE background	859	0.95	1	1.16414435389988
BG_LTR_like_08912	Strict non-ONSEN TE background	1918	0.95	0	0
BG_LTR_like_08915	Strict non-ONSEN TE background	420	0.95	0	0
BG_LTR_like_08916	Strict non-ONSEN TE background	831	0.95	0	0
BG_LTR_like_08917	Strict non-ONSEN TE background	1783	0.95	0	0
BG_LTR_like_08922	Strict non-ONSEN TE background	1173	0.95	0	0
BG_LTR_like_08923	Strict non-ONSEN TE background	1446	0.95	3	2.0746887966805
BG_LTR_like_08926	Strict non-ONSEN TE background	1078	0.95	0	0
BG_LTR_like_08927	Strict non-ONSEN TE background	859	0.95	0	0
BG_LTR_like_08930	Strict non-ONSEN TE background	1003	0.95	3	2.99102691924227
BG_LTR_like_08931	Strict non-ONSEN TE background	368	0.95	0	0
BG_LTR_like_08932	Strict non-ONSEN TE background	1186	0.95	1	0.843170320404722
BG_LTR_like_08939	Strict non-ONSEN TE background	886	0.95	0	0
BG_LTR_like_08944	Strict non-ONSEN TE background	1165	0.95	0	0
BG_LTR_like_08945	Strict non-ONSEN TE background	263	0.95	0	0
BG_LTR_like_08946	Strict non-ONSEN TE background	901	0.95	0	0
BG_LTR_like_08947	Strict non-ONSEN TE background	443	0.95	0	0
BG_LTR_like_08948	Strict non-ONSEN TE background	830	0.95	0	0
BG_LTR_like_08949	Strict non-ONSEN TE background	276	0.95	0	0
BG_LTR_like_08950	Strict non-ONSEN TE background	1078	0.95	0	0
BG_LTR_like_08956	Strict non-ONSEN TE background	729	0.95	0	0
BG_LTR_like_08957	Strict non-ONSEN TE background	796	0.95	0	0
BG_LTR_like_08960	Strict non-ONSEN TE background	1119	0.95	0	0
BG_LTR_like_08963	Strict non-ONSEN TE background	1927	0.95	3	1.55682407887909
BG_LTR_like_08964	Strict non-ONSEN TE background	1241	0.95	0	0
BG_LTR_like_08981	Strict non-ONSEN TE background	213	0.95	0	0
BG_LTR_like_08982	Strict non-ONSEN TE background	219	0.95	0	0
BG_LTR_like_08983	Strict non-ONSEN TE background	1014	0.95	0	0
BG_LTR_like_08984	Strict non-ONSEN TE background	1515	0.95	1	0.66006600660066
BG_LTR_like_08985	Strict non-ONSEN TE background	698	0.95	2	2.86532951289398
BG_LTR_like_08986	Strict non-ONSEN TE background	259	0.95	0	0
BG_LTR_like_09001	Strict non-ONSEN TE background	226	0.95	0	0
BG_LTR_like_09002	Strict non-ONSEN TE background	208	0.95	0	0
BG_LTR_like_09003	Strict non-ONSEN TE background	1150	0.95	3	2.60869565217391
BG_LTR_like_09004	Strict non-ONSEN TE background	442	0.95	0	0
BG_LTR_like_09005	Strict non-ONSEN TE background	1543	0.95	2	1.29617627997408
BG_LTR_like_09006	Strict non-ONSEN TE background	441	0.95	1	2.26757369614512
BG_LTR_like_09007	Strict non-ONSEN TE background	651	0.95	0	0
BG_LTR_like_09008	Strict non-ONSEN TE background	552	0.95	1	1.81159420289855
BG_LTR_like_09009	Strict non-ONSEN TE background	356	0.95	1	2.80898876404494
BG_LTR_like_09010	Strict non-ONSEN TE background	1414	0.95	0	0
BG_LTR_like_09011	Strict non-ONSEN TE background	1757	0.95	0	0
BG_LTR_like_09014	Strict non-ONSEN TE background	1218	0.95	0	0
BG_LTR_like_09015	Strict non-ONSEN TE background	1888	0.95	0	0
BG_LTR_like_09016	Strict non-ONSEN TE background	1763	0.95	0	0
BG_LTR_like_09019	Strict non-ONSEN TE background	1125	0.95	3	2.66666666666667
BG_LTR_like_09020	Strict non-ONSEN TE background	1999	0.95	1	0.500250125062531
BG_LTR_like_09021	Strict non-ONSEN TE background	1206	0.95	1	0.829187396351575
BG_LTR_like_09022	Strict non-ONSEN TE background	343	0.95	0	0
BG_LTR_like_09023	Strict non-ONSEN TE background	1107	0.95	0	0
BG_LTR_like_09026	Strict non-ONSEN TE background	376	0.95	0	0
BG_LTR_like_09029	Strict non-ONSEN TE background	300	0.95	0	0
BG_LTR_like_09030	Strict non-ONSEN TE background	401	0.95	0	0
BG_LTR_like_09031	Strict non-ONSEN TE background	514	0.95	0	0
BG_LTR_like_09032	Strict non-ONSEN TE background	1114	0.95	0	0
BG_LTR_like_09033	Strict non-ONSEN TE background	806	0.95	0	0
BG_LTR_like_09034	Strict non-ONSEN TE background	312	0.95	0	0
BG_LTR_like_09035	Strict non-ONSEN TE background	1026	0.95	0	0
BG_LTR_like_09036	Strict non-ONSEN TE background	1499	0.95	1	0.66711140760507
BG_LTR_like_09037	Strict non-ONSEN TE background	1187	0.95	0	0
BG_LTR_like_09040	Strict non-ONSEN TE background	581	0.95	0	0
BG_LTR_like_09041	Strict non-ONSEN TE background	1252	0.95	0	0
BG_LTR_like_09042	Strict non-ONSEN TE background	411	0.95	0	0
BG_LTR_like_09043	Strict non-ONSEN TE background	1255	0.95	0	0
BG_LTR_like_09044	Strict non-ONSEN TE background	358	0.95	0	0
BG_LTR_like_09047	Strict non-ONSEN TE background	297	0.95	1	3.36700336700337
BG_LTR_like_09048	Strict non-ONSEN TE background	1750	0.95	0	0
BG_LTR_like_09049	Strict non-ONSEN TE background	615	0.95	0	0
BG_LTR_like_09050	Strict non-ONSEN TE background	601	0.95	0	0
BG_LTR_like_09051	Strict non-ONSEN TE background	1350	0.95	0	0
BG_LTR_like_09052	Strict non-ONSEN TE background	1350	0.95	0	0
BG_LTR_like_09053	Strict non-ONSEN TE background	470	0.95	0	0
BG_LTR_like_09054	Strict non-ONSEN TE background	1813	0.95	2	1.10314396028682
BG_LTR_like_09055	Strict non-ONSEN TE background	451	0.95	0	0
BG_LTR_like_09056	Strict non-ONSEN TE background	464	0.95	1	2.1551724137931
BG_LTR_like_09057	Strict non-ONSEN TE background	953	0.95	1	1.04931794333683
BG_LTR_like_09060	Strict non-ONSEN TE background	623	0.95	0	0
BG_LTR_like_09061	Strict non-ONSEN TE background	648	0.95	0	0
BG_LTR_like_09062	Strict non-ONSEN TE background	537	0.95	0	0
BG_LTR_like_09063	Strict non-ONSEN TE background	1494	0.95	0	0
BG_LTR_like_09064	Strict non-ONSEN TE background	715	0.95	1	1.3986013986014
BG_LTR_like_09065	Strict non-ONSEN TE background	839	0.95	0	0
BG_LTR_like_09066	Strict non-ONSEN TE background	1156	0.95	2	1.73010380622837
BG_LTR_like_09067	Strict non-ONSEN TE background	530	0.95	1	1.88679245283019
BG_LTR_like_09068	Strict non-ONSEN TE background	946	0.95	0	0
BG_LTR_like_09069	Strict non-ONSEN TE background	838	0.95	0	0
BG_LTR_like_09070	Strict non-ONSEN TE background	821	0.95	0	0
BG_LTR_like_09071	Strict non-ONSEN TE background	1782	0.95	0	0
BG_LTR_like_09072	Strict non-ONSEN TE background	1196	0.95	0	0
BG_LTR_like_09073	Strict non-ONSEN TE background	848	0.95	1	1.17924528301887
BG_LTR_like_09074	Strict non-ONSEN TE background	701	0.95	0	0
BG_LTR_like_09075	Strict non-ONSEN TE background	1624	0.95	0	0
BG_LTR_like_09076	Strict non-ONSEN TE background	205	0.95	0	0
BG_LTR_like_09077	Strict non-ONSEN TE background	382	0.95	0	0
BG_LTR_like_09080	Strict non-ONSEN TE background	654	0.95	0	0
BG_LTR_like_09081	Strict non-ONSEN TE background	444	0.95	0	0
BG_LTR_like_09082	Strict non-ONSEN TE background	1878	0.95	0	0
BG_LTR_like_09083	Strict non-ONSEN TE background	1484	0.95	1	0.673854447439353
BG_LTR_like_09084	Strict non-ONSEN TE background	203	0.95	0	0
BG_LTR_like_09085	Strict non-ONSEN TE background	1224	0.95	0	0
BG_LTR_like_09086	Strict non-ONSEN TE background	352	0.95	0	0
BG_LTR_like_09087	Strict non-ONSEN TE background	1323	0.95	1	0.755857898715042
BG_LTR_like_09088	Strict non-ONSEN TE background	1213	0.95	0	0
BG_LTR_like_09091	Strict non-ONSEN TE background	461	0.95	0	0
BG_LTR_like_09092	Strict non-ONSEN TE background	1324	0.95	0	0
BG_LTR_like_09093	Strict non-ONSEN TE background	1609	0.95	1	0.621504039776259
BG_LTR_like_09096	Strict non-ONSEN TE background	954	0.95	1	1.0482180293501
BG_LTR_like_09097	Strict non-ONSEN TE background	344	0.95	1	2.90697674418605
BG_LTR_like_09098	Strict non-ONSEN TE background	1496	0.95	0	0
BG_LTR_like_09105	Strict non-ONSEN TE background	1148	0.95	1	0.871080139372822
BG_LTR_like_09106	Strict non-ONSEN TE background	1632	0.95	0	0
BG_LTR_like_09111	Strict non-ONSEN TE background	1283	0.95	0	0
BG_LTR_like_09112	Strict non-ONSEN TE background	1321	0.95	0	0
BG_LTR_like_09113	Strict non-ONSEN TE background	338	0.95	0	0
BG_LTR_like_09114	Strict non-ONSEN TE background	441	0.95	0	0
BG_LTR_like_09117	Strict non-ONSEN TE background	749	0.95	0	0
BG_LTR_like_09118	Strict non-ONSEN TE background	1744	0.95	2	1.14678899082569
BG_LTR_like_09119	Strict non-ONSEN TE background	464	0.95	0	0
BG_LTR_like_09120	Strict non-ONSEN TE background	411	0.95	0	0
BG_LTR_like_09121	Strict non-ONSEN TE background	1711	0.95	0	0
BG_LTR_like_09124	Strict non-ONSEN TE background	304	0.95	0	0
BG_LTR_like_09128	Strict non-ONSEN TE background	902	0.95	0	0
BG_LTR_like_09129	Strict non-ONSEN TE background	688	0.95	1	1.45348837209302
BG_LTR_like_09132	Strict non-ONSEN TE background	1820	0.95	0	0
BG_LTR_like_09135	Strict non-ONSEN TE background	470	0.95	0	0
BG_LTR_like_09136	Strict non-ONSEN TE background	224	0.95	0	0
BG_LTR_like_09137	Strict non-ONSEN TE background	832	0.95	0	0
BG_LTR_like_09140	Strict non-ONSEN TE background	209	0.95	0	0
BG_LTR_like_09143	Strict non-ONSEN TE background	1293	0.95	1	0.773395204949729
BG_LTR_like_09145	Strict non-ONSEN TE background	1728	0.95	5	2.89351851851852
BG_LTR_like_09146	Strict non-ONSEN TE background	1228	0.95	3	2.44299674267101
BG_LTR_like_09147	Strict non-ONSEN TE background	1212	0.95	0	0
BG_LTR_like_09148	Strict non-ONSEN TE background	389	0.95	0	0
BG_LTR_like_09149	Strict non-ONSEN TE background	603	0.95	0	0
BG_LTR_like_09150	Strict non-ONSEN TE background	660	0.95	3	4.54545454545454
BG_LTR_like_09151	Strict non-ONSEN TE background	1412	0.95	2	1.41643059490085
BG_LTR_like_09152	Strict non-ONSEN TE background	399	0.95	0	0
BG_LTR_like_09153	Strict non-ONSEN TE background	1556	0.95	0	0
BG_LTR_like_09154	Strict non-ONSEN TE background	610	0.95	0	0
BG_LTR_like_09155	Strict non-ONSEN TE background	1228	0.95	0	0
BG_LTR_like_09156	Strict non-ONSEN TE background	1658	0.95	1	0.60313630880579
BG_LTR_like_09159	Strict non-ONSEN TE background	570	0.95	0	0
BG_LTR_like_09160	Strict non-ONSEN TE background	265	0.95	0	0
BG_LTR_like_09161	Strict non-ONSEN TE background	1912	0.95	1	0.523012552301255
BG_LTR_like_09162	Strict non-ONSEN TE background	445	0.95	0	0
BG_LTR_like_09163	Strict non-ONSEN TE background	1760	0.95	1	0.568181818181818
BG_LTR_like_09164	Strict non-ONSEN TE background	687	0.95	0	0
BG_LTR_like_09165	Strict non-ONSEN TE background	1833	0.95	1	0.545553737043099
BG_LTR_like_09168	Strict non-ONSEN TE background	574	0.95	0	0
BG_LTR_like_09169	Strict non-ONSEN TE background	448	0.95	0	0
BG_LTR_like_09170	Strict non-ONSEN TE background	720	0.95	0	0
BG_LTR_like_09171	Strict non-ONSEN TE background	1798	0.95	0	0
BG_LTR_like_09178	Strict non-ONSEN TE background	293	0.95	0	0
BG_LTR_like_09179	Strict non-ONSEN TE background	1190	0.95	2	1.68067226890756
BG_LTR_like_09180	Strict non-ONSEN TE background	318	0.95	0	0
BG_LTR_like_09183	Strict non-ONSEN TE background	547	0.95	0	0
BG_LTR_like_09184	Strict non-ONSEN TE background	1064	0.95	0	0
BG_LTR_like_09185	Strict non-ONSEN TE background	714	0.95	1	1.40056022408964
BG_LTR_like_09186	Strict non-ONSEN TE background	210	0.95	0	0
BG_LTR_like_09187	Strict non-ONSEN TE background	1460	0.95	1	0.684931506849315
BG_LTR_like_09188	Strict non-ONSEN TE background	895	0.95	0	0
BG_LTR_like_09193	Strict non-ONSEN TE background	1421	0.95	0	0
BG_LTR_like_09194	Strict non-ONSEN TE background	319	0.95	0	0
BG_LTR_like_09195	Strict non-ONSEN TE background	1464	0.95	0	0
BG_LTR_like_09200	Strict non-ONSEN TE background	229	0.95	0	0
BG_LTR_like_09201	Strict non-ONSEN TE background	206	0.95	0	0
BG_LTR_like_09202	Strict non-ONSEN TE background	351	0.95	0	0
BG_LTR_like_09203	Strict non-ONSEN TE background	825	0.95	0	0
BG_LTR_like_09204	Strict non-ONSEN TE background	1181	0.95	0	0
BG_LTR_like_09207	Strict non-ONSEN TE background	880	0.95	1	1.13636363636364
BG_LTR_like_09212	Strict non-ONSEN TE background	802	0.95	0	0
BG_LTR_like_09213	Strict non-ONSEN TE background	1215	0.95	0	0
BG_LTR_like_09214	Strict non-ONSEN TE background	203	0.95	0	0
BG_LTR_like_09215	Strict non-ONSEN TE background	1209	0.95	0	0
BG_LTR_like_09216	Strict non-ONSEN TE background	300	0.95	1	3.33333333333333
BG_LTR_like_09217	Strict non-ONSEN TE background	1723	0.95	0	0
BG_LTR_like_09220	Strict non-ONSEN TE background	556	0.95	0	0
BG_LTR_like_09221	Strict non-ONSEN TE background	1835	0.95	0	0
BG_LTR_like_09222	Strict non-ONSEN TE background	309	0.95	0	0
BG_LTR_like_09229	Strict non-ONSEN TE background	319	0.95	0	0
BG_LTR_like_09230	Strict non-ONSEN TE background	846	0.95	0	0
BG_LTR_like_09231	Strict non-ONSEN TE background	382	0.95	0	0
BG_LTR_like_09232	Strict non-ONSEN TE background	419	0.95	0	0
BG_LTR_like_09233	Strict non-ONSEN TE background	1163	0.95	3	2.57953568357696
BG_LTR_like_09234	Strict non-ONSEN TE background	1130	0.95	0	0
BG_LTR_like_09241	Strict non-ONSEN TE background	229	0.95	0	0
BG_LTR_like_09244	Strict non-ONSEN TE background	335	0.95	0	0
BG_LTR_like_09245	Strict non-ONSEN TE background	411	0.95	0	0
BG_LTR_like_09246	Strict non-ONSEN TE background	210	0.95	0	0
BG_LTR_like_09249	Strict non-ONSEN TE background	514	0.95	0	0
BG_LTR_like_09250	Strict non-ONSEN TE background	235	0.95	0	0
BG_LTR_like_09251	Strict non-ONSEN TE background	698	0.95	0	0
BG_LTR_like_09256	Strict non-ONSEN TE background	728	0.95	0	0
BG_LTR_like_09257	Strict non-ONSEN TE background	1152	0.95	0	0
BG_LTR_like_09258	Strict non-ONSEN TE background	640	0.95	2	3.125
BG_LTR_like_09259	Strict non-ONSEN TE background	216	0.95	0	0
BG_LTR_like_09262	Strict non-ONSEN TE background	718	0.95	0	0
BG_LTR_like_09263	Strict non-ONSEN TE background	419	0.95	0	0
BG_LTR_like_09270	Strict non-ONSEN TE background	333	0.95	0	0
BG_LTR_like_09271	Strict non-ONSEN TE background	330	0.95	0	0
BG_LTR_like_09272	Strict non-ONSEN TE background	327	0.95	0	0
BG_LTR_like_09273	Strict non-ONSEN TE background	235	0.95	0	0
BG_LTR_like_09274	Strict non-ONSEN TE background	323	0.95	0	0
BG_LTR_like_09284	Strict non-ONSEN TE background	1661	0.95	0	0
BG_LTR_like_09298	Strict non-ONSEN TE background	209	0.95	0	0
BG_LTR_like_09301	Strict non-ONSEN TE background	1305	0.95	1	0.766283524904215
BG_LTR_like_09302	Strict non-ONSEN TE background	437	0.95	0	0
BG_LTR_like_09303	Strict non-ONSEN TE background	1915	0.95	0	0
BG_LTR_like_09306	Strict non-ONSEN TE background	886	0.95	0	0
BG_LTR_like_09310	Strict non-ONSEN TE background	247	0.95	0	0
BG_LTR_like_09311	Strict non-ONSEN TE background	982	0.95	0	0
BG_LTR_like_09316	Strict non-ONSEN TE background	1207	0.95	0	0
BG_LTR_like_09317	Strict non-ONSEN TE background	229	0.95	0	0
BG_LTR_like_09318	Strict non-ONSEN TE background	1544	0.95	0	0
BG_LTR_like_09321	Strict non-ONSEN TE background	1356	0.95	1	0.737463126843658
BG_LTR_like_09326	Strict non-ONSEN TE background	596	0.95	0	0
BG_LTR_like_09327	Strict non-ONSEN TE background	1550	0.95	0	0
BG_LTR_like_09330	Strict non-ONSEN TE background	623	0.95	0	0
BG_LTR_like_09337	Strict non-ONSEN TE background	261	0.95	0	0
BG_LTR_like_09338	Strict non-ONSEN TE background	471	0.95	0	0
BG_LTR_like_09369	Strict non-ONSEN TE background	481	0.95	1	2.07900207900208
BG_LTR_like_09370	Strict non-ONSEN TE background	233	0.95	0	0
BG_LTR_like_09371	Strict non-ONSEN TE background	1177	0.95	0	0
BG_LTR_like_09394	Strict non-ONSEN TE background	397	0.95	0	0
BG_LTR_like_09395	Strict non-ONSEN TE background	549	0.95	0	0
BG_LTR_like_09442	Strict non-ONSEN TE background	224	0.95	0	0
BG_LTR_like_09443	Strict non-ONSEN TE background	291	0.95	0	0
BG_LTR_like_09450	Strict non-ONSEN TE background	238	0.95	0	0
BG_LTR_like_09453	Strict non-ONSEN TE background	1026	0.95	0	0
BG_LTR_like_09454	Strict non-ONSEN TE background	304	0.95	0	0
BG_LTR_like_09479	Strict non-ONSEN TE background	277	0.95	0	0
BG_LTR_like_09486	Strict non-ONSEN TE background	1186	0.95	3	2.52951096121417
BG_LTR_like_09489	Strict non-ONSEN TE background	333	0.95	0	0
BG_LTR_like_09490	Strict non-ONSEN TE background	539	0.95	0	0
BG_LTR_like_09520	Strict non-ONSEN TE background	446	0.95	0	0
BG_LTR_like_09530	Strict non-ONSEN TE background	1186	0.95	0	0
BG_LTR_like_09531	Strict non-ONSEN TE background	554	0.95	0	0
BG_LTR_like_09566	Strict non-ONSEN TE background	403	0.95	0	0
BG_LTR_like_09599	Strict non-ONSEN TE background	565	0.95	0	0
BG_LTR_like_09600	Strict non-ONSEN TE background	672	0.95	0	0
BG_LTR_like_09603	Strict non-ONSEN TE background	444	0.95	0	0
BG_LTR_like_09616	Strict non-ONSEN TE background	202	0.95	0	0
BG_LTR_like_09623	Strict non-ONSEN TE background	377	0.95	0	0
BG_LTR_like_09624	Strict non-ONSEN TE background	769	0.95	0	0
BG_LTR_like_09716	Strict non-ONSEN TE background	480	0.95	0	0
BG_LTR_like_09717	Strict non-ONSEN TE background	237	0.95	0	0
BG_LTR_like_09720	Strict non-ONSEN TE background	310	0.95	0	0
BG_LTR_like_09721	Strict non-ONSEN TE background	503	0.95	0	0
BG_LTR_like_09722	Strict non-ONSEN TE background	286	0.95	0	0
BG_LTR_like_09789	Strict non-ONSEN TE background	357	0.95	0	0
BG_LTR_like_09790	Strict non-ONSEN TE background	1438	0.95	0	0
BG_LTR_like_09814	Strict non-ONSEN TE background	223	0.95	0	0
BG_LTR_like_09834	Strict non-ONSEN TE background	203	0.95	1	4.92610837438424
BG_LTR_like_09835	Strict non-ONSEN TE background	407	0.95	0	0
BG_LTR_like_09876	Strict non-ONSEN TE background	280	0.95	0	0
BG_LTR_like_09925	Strict non-ONSEN TE background	945	0.95	0	0
BG_LTR_like_09936	Strict non-ONSEN TE background	416	0.95	0	0
BG_LTR_like_09942	Strict non-ONSEN TE background	1532	0.95	0	0
BG_LTR_like_09959	Strict non-ONSEN TE background	1080	0.95	0	0
BG_LTR_like_09960	Strict non-ONSEN TE background	574	0.95	0	0
BG_LTR_like_09961	Strict non-ONSEN TE background	265	0.95	0	0
BG_LTR_like_10193	Strict non-ONSEN TE background	218	0.95	0	0
BG_LTR_like_10300	Strict non-ONSEN TE background	889	0.95	0	0
BG_LTR_like_10377	Strict non-ONSEN TE background	426	0.95	0	0
BG_LTR_like_10401	Strict non-ONSEN TE background	456	0.95	0	0
BG_LTR_like_10402	Strict non-ONSEN TE background	714	0.95	1	1.40056022408964
BG_LTR_like_10413	Strict non-ONSEN TE background	1723	0.95	1	0.580383052814858
BG_LTR_like_10416	Strict non-ONSEN TE background	686	0.95	0	0
BG_LTR_like_10419	Strict non-ONSEN TE background	1401	0.95	0	0
BG_LTR_like_10420	Strict non-ONSEN TE background	275	0.95	0	0
BG_LTR_like_10423	Strict non-ONSEN TE background	1779	0.95	0	0
BG_LTR_like_10424	Strict non-ONSEN TE background	891	0.95	0	0
BG_LTR_like_10425	Strict non-ONSEN TE background	1532	0.95	1	0.652741514360313
BG_LTR_like_10432	Strict non-ONSEN TE background	244	0.95	0	0
BG_LTR_like_10435	Strict non-ONSEN TE background	673	0.95	0	0
BG_LTR_like_10436	Strict non-ONSEN TE background	1141	0.95	0	0
BG_LTR_like_10437	Strict non-ONSEN TE background	451	0.95	0	0
BG_LTR_like_10438	Strict non-ONSEN TE background	1270	0.95	0	0
BG_LTR_like_10439	Strict non-ONSEN TE background	1697	0.95	0	0
BG_LTR_like_10440	Strict non-ONSEN TE background	236	0.95	0	0
BG_LTR_like_10445	Strict non-ONSEN TE background	972	0.95	0	0
BG_LTR_like_10446	Strict non-ONSEN TE background	1181	0.95	0	0
BG_LTR_like_10447	Strict non-ONSEN TE background	763	0.95	0	0
BG_LTR_like_10450	Strict non-ONSEN TE background	717	0.95	0	0
BG_LTR_like_10451	Strict non-ONSEN TE background	457	0.95	0	0
BG_LTR_like_10452	Strict non-ONSEN TE background	1230	0.95	0	0
BG_LTR_like_10457	Strict non-ONSEN TE background	1157	0.95	1	0.864304235090752
BG_LTR_like_10458	Strict non-ONSEN TE background	348	0.95	0	0
BG_LTR_like_10463	Strict non-ONSEN TE background	251	0.95	0	0
BG_LTR_like_10464	Strict non-ONSEN TE background	267	0.95	0	0
BG_LTR_like_10470	Strict non-ONSEN TE background	227	0.95	0	0
BG_LTR_like_10471	Strict non-ONSEN TE background	248	0.95	0	0
BG_LTR_like_10475	Strict non-ONSEN TE background	425	0.95	3	7.05882352941176
BG_LTR_like_10476	Strict non-ONSEN TE background	203	0.95	0	0
BG_LTR_like_10477	Strict non-ONSEN TE background	807	0.95	0	0
BG_LTR_like_10478	Strict non-ONSEN TE background	983	0.95	0	0
BG_LTR_like_10479	Strict non-ONSEN TE background	308	0.95	1	3.24675324675325
BG_LTR_like_10480	Strict non-ONSEN TE background	497	0.95	1	2.01207243460765
BG_LTR_like_10481	Strict non-ONSEN TE background	884	0.95	0	0
BG_LTR_like_10482	Strict non-ONSEN TE background	1496	0.95	1	0.668449197860963
BG_LTR_like_10485	Strict non-ONSEN TE background	1415	0.95	0	0
BG_LTR_like_10488	Strict non-ONSEN TE background	828	0.95	0	0
BG_LTR_like_10495	Strict non-ONSEN TE background	546	0.95	0	0
BG_LTR_like_10496	Strict non-ONSEN TE background	650	0.95	0	0
BG_LTR_like_10497	Strict non-ONSEN TE background	284	0.95	0	0
BG_LTR_like_10498	Strict non-ONSEN TE background	273	0.95	0	0
BG_LTR_like_10500	Strict non-ONSEN TE background	1170	0.95	0	0
BG_LTR_like_10503	Strict non-ONSEN TE background	213	0.95	0	0
BG_LTR_like_10504	Strict non-ONSEN TE background	300	0.95	0	0
BG_LTR_like_10505	Strict non-ONSEN TE background	883	0.95	0	0
BG_LTR_like_10506	Strict non-ONSEN TE background	221	0.95	0	0
BG_LTR_like_10509	Strict non-ONSEN TE background	592	0.95	0	0
BG_LTR_like_10510	Strict non-ONSEN TE background	1692	0.95	0	0
BG_LTR_like_10511	Strict non-ONSEN TE background	1558	0.95	0	0
BG_LTR_like_10514	Strict non-ONSEN TE background	488	0.95	1	2.04918032786885
BG_LTR_like_10515	Strict non-ONSEN TE background	1456	0.95	0	0
BG_LTR_like_10516	Strict non-ONSEN TE background	1721	0.95	2	1.16211504938989
BG_LTR_like_10517	Strict non-ONSEN TE background	395	0.95	0	0
BG_LTR_like_10520	Strict non-ONSEN TE background	302	0.95	1	3.3112582781457
BG_LTR_like_10521	Strict non-ONSEN TE background	1383	0.95	0	0
BG_LTR_like_10522	Strict non-ONSEN TE background	589	0.95	1	1.69779286926995
BG_LTR_like_10523	Strict non-ONSEN TE background	280	0.95	0	0
BG_LTR_like_10524	Strict non-ONSEN TE background	1255	0.95	3	2.39043824701195
BG_LTR_like_10525	Strict non-ONSEN TE background	317	0.95	0	0
BG_LTR_like_10526	Strict non-ONSEN TE background	1272	0.95	0	0
BG_LTR_like_10527	Strict non-ONSEN TE background	1246	0.95	0	0
BG_LTR_like_10528	Strict non-ONSEN TE background	896	0.95	1	1.11607142857143
BG_LTR_like_10529	Strict non-ONSEN TE background	924	0.95	0	0
BG_LTR_like_10530	Strict non-ONSEN TE background	1255	0.95	1	0.796812749003984
BG_LTR_like_10531	Strict non-ONSEN TE background	641	0.95	0	0
BG_LTR_like_10532	Strict non-ONSEN TE background	1193	0.95	0	0
BG_LTR_like_10533	Strict non-ONSEN TE background	1550	0.95	0	0
BG_LTR_like_10534	Strict non-ONSEN TE background	587	0.95	1	1.70357751277683
BG_LTR_like_10537	Strict non-ONSEN TE background	853	0.95	1	1.17233294255569
BG_LTR_like_10538	Strict non-ONSEN TE background	1482	0.95	0	0
BG_LTR_like_10539	Strict non-ONSEN TE background	418	0.95	0	0
BG_LTR_like_10542	Strict non-ONSEN TE background	262	0.95	0	0
BG_LTR_like_10543	Strict non-ONSEN TE background	930	0.95	2	2.1505376344086
BG_LTR_like_10544	Strict non-ONSEN TE background	1038	0.95	0	0
BG_LTR_like_10545	Strict non-ONSEN TE background	1225	0.95	0	0
BG_LTR_like_10548	Strict non-ONSEN TE background	578	0.95	0	0
BG_LTR_like_10549	Strict non-ONSEN TE background	392	0.95	0	0
BG_LTR_like_10550	Strict non-ONSEN TE background	1203	0.95	0	0
BG_LTR_like_10551	Strict non-ONSEN TE background	1184	0.95	0	0
BG_LTR_like_10552	Strict non-ONSEN TE background	1300	0.95	0	0
BG_LTR_like_10553	Strict non-ONSEN TE background	500	0.95	0	0
BG_LTR_like_10554	Strict non-ONSEN TE background	306	0.95	0	0
BG_LTR_like_10555	Strict non-ONSEN TE background	1571	0.95	0	0
BG_LTR_like_10558	Strict non-ONSEN TE background	210	0.95	0	0
BG_LTR_like_10559	Strict non-ONSEN TE background	547	0.95	0	0
BG_LTR_like_10560	Strict non-ONSEN TE background	1279	0.95	0	0
BG_LTR_like_10563	Strict non-ONSEN TE background	524	0.95	0	0
BG_LTR_like_10566	Strict non-ONSEN TE background	708	0.95	1	1.41242937853107
BG_LTR_like_10567	Strict non-ONSEN TE background	581	0.95	0	0
BG_LTR_like_10568	Strict non-ONSEN TE background	637	0.95	3	4.70957613814757
BG_LTR_like_10569	Strict non-ONSEN TE background	1132	0.95	0	0
BG_LTR_like_10570	Strict non-ONSEN TE background	1457	0.95	0	0
BG_LTR_like_10571	Strict non-ONSEN TE background	675	0.95	0	0
BG_LTR_like_10572	Strict non-ONSEN TE background	636	0.95	0	0
BG_LTR_like_10573	Strict non-ONSEN TE background	1026	0.95	0	0
BG_LTR_like_10574	Strict non-ONSEN TE background	332	0.95	0	0
BG_LTR_like_10575	Strict non-ONSEN TE background	801	0.95	1	1.24843945068664
BG_LTR_like_10576	Strict non-ONSEN TE background	1632	0.95	0	0
BG_LTR_like_10577	Strict non-ONSEN TE background	280	0.95	0	0
BG_LTR_like_10578	Strict non-ONSEN TE background	990	0.95	0	0
BG_LTR_like_10579	Strict non-ONSEN TE background	312	0.95	0	0
BG_LTR_like_10580	Strict non-ONSEN TE background	238	0.95	0	0
BG_LTR_like_10587	Strict non-ONSEN TE background	1623	0.95	0	0
BG_LTR_like_10588	Strict non-ONSEN TE background	1571	0.95	1	0.63653723742839
BG_LTR_like_10589	Strict non-ONSEN TE background	1205	0.95	0	0
BG_LTR_like_10596	Strict non-ONSEN TE background	788	0.95	1	1.26903553299492
BG_LTR_like_10597	Strict non-ONSEN TE background	1517	0.95	3	1.977587343441
BG_LTR_like_10598	Strict non-ONSEN TE background	508	0.95	2	3.93700787401575
BG_LTR_like_10599	Strict non-ONSEN TE background	807	0.95	0	0
BG_LTR_like_10600	Strict non-ONSEN TE background	1041	0.95	0	0
BG_LTR_like_10601	Strict non-ONSEN TE background	347	0.95	0	0
BG_LTR_like_10602	Strict non-ONSEN TE background	250	0.95	0	0
BG_LTR_like_10603	Strict non-ONSEN TE background	486	0.95	0	0
BG_LTR_like_10606	Strict non-ONSEN TE background	315	0.95	0	0
BG_LTR_like_10607	Strict non-ONSEN TE background	421	0.95	1	2.37529691211401
BG_LTR_like_10608	Strict non-ONSEN TE background	1766	0.95	0	0
BG_LTR_like_10609	Strict non-ONSEN TE background	415	0.95	0	0
BG_LTR_like_10610	Strict non-ONSEN TE background	1784	0.95	0	0
BG_LTR_like_10611	Strict non-ONSEN TE background	927	0.95	1	1.07874865156419
BG_LTR_like_10612	Strict non-ONSEN TE background	1708	0.95	0	0
BG_LTR_like_10615	Strict non-ONSEN TE background	806	0.95	1	1.24069478908189
BG_LTR_like_10616	Strict non-ONSEN TE background	1699	0.95	0	0
BG_LTR_like_10617	Strict non-ONSEN TE background	1144	0.95	1	0.874125874125874
BG_LTR_like_10618	Strict non-ONSEN TE background	268	0.95	0	0
BG_LTR_like_10619	Strict non-ONSEN TE background	240	0.95	0	0
BG_LTR_like_10620	Strict non-ONSEN TE background	317	0.95	0	0
BG_LTR_like_10621	Strict non-ONSEN TE background	1129	0.95	0	0
BG_LTR_like_10622	Strict non-ONSEN TE background	557	0.95	0	0
BG_LTR_like_10625	Strict non-ONSEN TE background	458	0.95	0	0
BG_LTR_like_10626	Strict non-ONSEN TE background	1812	0.95	1	0.551876379690949
BG_LTR_like_10627	Strict non-ONSEN TE background	590	0.95	0	0
BG_LTR_like_10628	Strict non-ONSEN TE background	270	0.95	0	0
BG_LTR_like_10629	Strict non-ONSEN TE background	223	0.95	0	0
BG_LTR_like_10630	Strict non-ONSEN TE background	452	0.95	0	0
BG_LTR_like_10631	Strict non-ONSEN TE background	249	0.95	0	0
BG_LTR_like_10636	Strict non-ONSEN TE background	486	0.95	0	0
BG_LTR_like_10637	Strict non-ONSEN TE background	1529	0.95	0	0
BG_LTR_like_10638	Strict non-ONSEN TE background	632	0.95	0	0
BG_LTR_like_10641	Strict non-ONSEN TE background	681	0.95	0	0
BG_LTR_like_10644	Strict non-ONSEN TE background	1277	0.95	2	1.56617071260767
BG_LTR_like_10645	Strict non-ONSEN TE background	509	0.95	0	0
BG_LTR_like_10646	Strict non-ONSEN TE background	1742	0.95	1	0.574052812858783
BG_LTR_like_10649	Strict non-ONSEN TE background	329	0.95	0	0
BG_LTR_like_10650	Strict non-ONSEN TE background	1009	0.95	0	0
BG_LTR_like_10651	Strict non-ONSEN TE background	1613	0.95	0	0
BG_LTR_like_10656	Strict non-ONSEN TE background	924	0.95	0	0
BG_LTR_like_10657	Strict non-ONSEN TE background	629	0.95	0	0
BG_LTR_like_10658	Strict non-ONSEN TE background	277	0.95	0	0
BG_LTR_like_10659	Strict non-ONSEN TE background	1418	0.95	0	0
BG_LTR_like_10660	Strict non-ONSEN TE background	1132	0.95	0	0
BG_LTR_like_10661	Strict non-ONSEN TE background	1726	0.95	2	1.15874855156431
BG_LTR_like_10666	Strict non-ONSEN TE background	495	0.95	0	0
BG_LTR_like_10673	Strict non-ONSEN TE background	261	0.95	0	0
BG_LTR_like_10676	Strict non-ONSEN TE background	1468	0.95	0	0
BG_LTR_like_10677	Strict non-ONSEN TE background	1204	0.95	1	0.830564784053156
BG_LTR_like_10678	Strict non-ONSEN TE background	949	0.95	0	0
BG_LTR_like_10681	Strict non-ONSEN TE background	595	0.95	1	1.68067226890756
BG_LTR_like_10682	Strict non-ONSEN TE background	1188	0.95	0	0
BG_LTR_like_10683	Strict non-ONSEN TE background	1715	0.95	0	0
BG_LTR_like_10688	Strict non-ONSEN TE background	1164	0.95	3	2.57731958762887
BG_LTR_like_10689	Strict non-ONSEN TE background	208	0.95	0	0
BG_LTR_like_10690	Strict non-ONSEN TE background	1551	0.95	0	0
BG_LTR_like_10691	Strict non-ONSEN TE background	318	0.95	0	0
BG_LTR_like_10692	Strict non-ONSEN TE background	347	0.95	1	2.88184438040346
BG_LTR_like_10697	Strict non-ONSEN TE background	1457	0.95	0	0
BG_LTR_like_10698	Strict non-ONSEN TE background	249	0.95	0	0
BG_LTR_like_10699	Strict non-ONSEN TE background	1058	0.95	0	0
BG_LTR_like_10700	Strict non-ONSEN TE background	542	0.95	0	0
BG_LTR_like_10701	Strict non-ONSEN TE background	1017	0.95	1	0.983284169124877
BG_LTR_like_10702	Strict non-ONSEN TE background	1535	0.95	0	0
BG_LTR_like_10703	Strict non-ONSEN TE background	1328	0.95	0	0
BG_LTR_like_10704	Strict non-ONSEN TE background	394	0.95	0	0
BG_LTR_like_10705	Strict non-ONSEN TE background	727	0.95	0	0
BG_LTR_like_10706	Strict non-ONSEN TE background	426	0.95	0	0
BG_LTR_like_10707	Strict non-ONSEN TE background	522	0.95	2	3.83141762452107
BG_LTR_like_10708	Strict non-ONSEN TE background	796	0.95	1	1.25628140703518
BG_LTR_like_10711	Strict non-ONSEN TE background	1726	0.95	0	0
BG_LTR_like_10712	Strict non-ONSEN TE background	708	0.95	0	0
BG_LTR_like_10713	Strict non-ONSEN TE background	714	0.95	0	0
BG_LTR_like_10714	Strict non-ONSEN TE background	1388	0.95	0	0
BG_LTR_like_10715	Strict non-ONSEN TE background	339	0.95	0	0
BG_LTR_like_10716	Strict non-ONSEN TE background	1662	0.95	1	0.601684717208183
BG_LTR_like_10717	Strict non-ONSEN TE background	544	0.95	1	1.83823529411765
BG_LTR_like_10718	Strict non-ONSEN TE background	1860	0.95	6	3.2258064516129
BG_LTR_like_10719	Strict non-ONSEN TE background	851	0.95	0	0
BG_LTR_like_10720	Strict non-ONSEN TE background	210	0.95	0	0
BG_LTR_like_10723	Strict non-ONSEN TE background	1164	0.95	3	2.57731958762887
BG_LTR_like_10726	Strict non-ONSEN TE background	208	0.95	0	0
BG_LTR_like_10727	Strict non-ONSEN TE background	1906	0.95	0	0
BG_LTR_like_10730	Strict non-ONSEN TE background	974	0.95	0	0
BG_LTR_like_10731	Strict non-ONSEN TE background	1204	0.95	0	0
BG_LTR_like_10734	Strict non-ONSEN TE background	776	0.95	0	0
BG_LTR_like_10735	Strict non-ONSEN TE background	787	0.95	0	0
BG_LTR_like_10738	Strict non-ONSEN TE background	1200	0.95	1	0.833333333333333
BG_LTR_like_10739	Strict non-ONSEN TE background	1529	0.95	1	0.65402223675605
BG_LTR_like_10740	Strict non-ONSEN TE background	1497	0.95	0	0
BG_LTR_like_10741	Strict non-ONSEN TE background	1067	0.95	0	0
BG_LTR_like_10742	Strict non-ONSEN TE background	1645	0.95	0	0
BG_LTR_like_10745	Strict non-ONSEN TE background	720	0.95	0	0
BG_LTR_like_10746	Strict non-ONSEN TE background	611	0.95	1	1.6366612111293
BG_LTR_like_10749	Strict non-ONSEN TE background	213	0.95	0	0
BG_LTR_like_10756	Strict non-ONSEN TE background	568	0.95	1	1.76056338028169
BG_LTR_like_10757	Strict non-ONSEN TE background	506	0.95	1	1.97628458498024
BG_LTR_like_10758	Strict non-ONSEN TE background	1549	0.95	1	0.645577792123951
BG_LTR_like_10759	Strict non-ONSEN TE background	1607	0.95	0	0
BG_LTR_like_10760	Strict non-ONSEN TE background	464	0.95	0	0
BG_LTR_like_10761	Strict non-ONSEN TE background	243	0.95	0	0
BG_LTR_like_10762	Strict non-ONSEN TE background	541	0.95	0	0
BG_LTR_like_10763	Strict non-ONSEN TE background	857	0.95	2	2.33372228704784
BG_LTR_like_10764	Strict non-ONSEN TE background	297	0.95	0	0
BG_LTR_like_10765	Strict non-ONSEN TE background	1550	0.95	0	0
BG_LTR_like_10766	Strict non-ONSEN TE background	1073	0.95	0	0
BG_LTR_like_10767	Strict non-ONSEN TE background	574	0.95	0	0
BG_LTR_like_10772	Strict non-ONSEN TE background	230	0.95	0	0
BG_LTR_like_10773	Strict non-ONSEN TE background	475	0.95	0	0
BG_LTR_like_10774	Strict non-ONSEN TE background	1543	0.95	1	0.648088139987038
BG_LTR_like_10775	Strict non-ONSEN TE background	239	0.95	0	0
BG_LTR_like_10776	Strict non-ONSEN TE background	1074	0.95	1	0.931098696461825
BG_LTR_like_10777	Strict non-ONSEN TE background	1064	0.95	0	0
BG_LTR_like_10778	Strict non-ONSEN TE background	317	0.95	0	0
BG_LTR_like_10779	Strict non-ONSEN TE background	599	0.95	0	0
BG_LTR_like_10782	Strict non-ONSEN TE background	1667	0.95	0	0
BG_LTR_like_10783	Strict non-ONSEN TE background	241	0.95	0	0
BG_LTR_like_10784	Strict non-ONSEN TE background	272	0.95	0	0
BG_LTR_like_10788	Strict non-ONSEN TE background	1011	0.95	0	0
BG_LTR_like_10789	Strict non-ONSEN TE background	401	0.95	0	0
BG_LTR_like_10792	Strict non-ONSEN TE background	1350	0.95	0	0
BG_LTR_like_10795	Strict non-ONSEN TE background	1577	0.95	3	1.90234622701332
BG_LTR_like_10796	Strict non-ONSEN TE background	1750	0.95	0	0
BG_LTR_like_10797	Strict non-ONSEN TE background	1738	0.95	5	2.87686996547756
BG_LTR_like_10800	Strict non-ONSEN TE background	1140	0.95	3	2.63157894736842
BG_LTR_like_10803	Strict non-ONSEN TE background	1235	0.95	0	0
BG_LTR_like_10804	Strict non-ONSEN TE background	1911	0.95	4	2.09314495028781
BG_LTR_like_10805	Strict non-ONSEN TE background	283	0.95	0	0
BG_LTR_like_10806	Strict non-ONSEN TE background	1647	0.95	0	0
BG_LTR_like_10809	Strict non-ONSEN TE background	1807	0.95	0	0
BG_LTR_like_10812	Strict non-ONSEN TE background	1575	0.95	0	0
BG_LTR_like_10815	Strict non-ONSEN TE background	1010	0.95	0	0
BG_LTR_like_10816	Strict non-ONSEN TE background	641	0.95	0	0
BG_LTR_like_10817	Strict non-ONSEN TE background	555	0.95	3	5.40540540540541
BG_LTR_like_10818	Strict non-ONSEN TE background	772	0.95	0	0
BG_LTR_like_10819	Strict non-ONSEN TE background	647	0.95	0	0
BG_LTR_like_10820	Strict non-ONSEN TE background	1590	0.95	1	0.628930817610063
BG_LTR_like_10821	Strict non-ONSEN TE background	651	0.95	0	0
BG_LTR_like_10822	Strict non-ONSEN TE background	1133	0.95	0	0
BG_LTR_like_10823	Strict non-ONSEN TE background	466	0.95	0	0
BG_LTR_like_10824	Strict non-ONSEN TE background	426	0.95	1	2.34741784037559
BG_LTR_like_10825	Strict non-ONSEN TE background	1517	0.95	0	0
BG_LTR_like_10826	Strict non-ONSEN TE background	204	0.95	0	0
BG_LTR_like_10827	Strict non-ONSEN TE background	286	0.95	0	0
BG_LTR_like_10830	Strict non-ONSEN TE background	1074	0.95	0	0
BG_LTR_like_10833	Strict non-ONSEN TE background	632	0.95	0	0
BG_LTR_like_10834	Strict non-ONSEN TE background	1831	0.95	0	0
BG_LTR_like_10845	Strict non-ONSEN TE background	1174	0.95	3	2.55536626916525
BG_LTR_like_10848	Strict non-ONSEN TE background	229	0.95	0	0
BG_LTR_like_10849	Strict non-ONSEN TE background	330	0.95	0	0
BG_LTR_like_10850	Strict non-ONSEN TE background	212	0.95	0	0
BG_LTR_like_10851	Strict non-ONSEN TE background	549	0.95	1	1.82149362477231
BG_LTR_like_10852	Strict non-ONSEN TE background	334	0.95	0	0
BG_LTR_like_10853	Strict non-ONSEN TE background	1329	0.95	0	0
BG_LTR_like_10854	Strict non-ONSEN TE background	595	0.95	0	0
BG_LTR_like_10855	Strict non-ONSEN TE background	1246	0.95	0	0
BG_LTR_like_10856	Strict non-ONSEN TE background	1381	0.95	0	0
BG_LTR_like_10857	Strict non-ONSEN TE background	967	0.95	1	1.03412616339193
BG_LTR_like_10858	Strict non-ONSEN TE background	643	0.95	0	0
BG_LTR_like_10859	Strict non-ONSEN TE background	448	0.95	0	0
BG_LTR_like_10860	Strict non-ONSEN TE background	450	0.95	0	0
BG_LTR_like_10865	Strict non-ONSEN TE background	1096	0.95	1	0.912408759124088
BG_LTR_like_10869	Strict non-ONSEN TE background	1001	0.95	0	0
BG_LTR_like_10872	Strict non-ONSEN TE background	1902	0.95	0	0
BG_LTR_like_10875	Strict non-ONSEN TE background	219	0.95	0	0
BG_LTR_like_10876	Strict non-ONSEN TE background	321	0.95	0	0
BG_LTR_like_10879	Strict non-ONSEN TE background	292	0.95	0	0
BG_LTR_like_10880	Strict non-ONSEN TE background	715	0.95	0	0
BG_LTR_like_10891	Strict non-ONSEN TE background	207	0.95	0	0
BG_LTR_like_10892	Strict non-ONSEN TE background	342	0.95	0	0
BG_LTR_like_10893	Strict non-ONSEN TE background	452	0.95	0	0
BG_LTR_like_10894	Strict non-ONSEN TE background	250	0.95	0	0
BG_LTR_like_10895	Strict non-ONSEN TE background	250	0.95	0	0
BG_LTR_like_10896	Strict non-ONSEN TE background	250	0.95	0	0
BG_LTR_like_10897	Strict non-ONSEN TE background	484	0.95	0	0
BG_LTR_like_10900	Strict non-ONSEN TE background	808	0.95	0	0
BG_LTR_like_10913	Strict non-ONSEN TE background	1753	0.95	3	1.71135196805476
BG_LTR_like_10916	Strict non-ONSEN TE background	611	0.95	1	1.6366612111293
BG_LTR_like_10922	Strict non-ONSEN TE background	1625	0.95	0	0
BG_LTR_like_10923	Strict non-ONSEN TE background	495	0.95	0	0
BG_LTR_like_10938	Strict non-ONSEN TE background	303	0.95	0	0
BG_LTR_like_10939	Strict non-ONSEN TE background	650	0.95	1	1.53846153846154
BG_LTR_like_10950	Strict non-ONSEN TE background	590	0.95	0	0
BG_LTR_like_10964	Strict non-ONSEN TE background	233	0.95	0	0
BG_LTR_like_10965	Strict non-ONSEN TE background	666	0.95	2	3.003003003003
BG_LTR_like_10966	Strict non-ONSEN TE background	1735	0.95	1	0.576368876080692
BG_LTR_like_11001	Strict non-ONSEN TE background	538	0.95	0	0
BG_LTR_like_11002	Strict non-ONSEN TE background	273	0.95	0	0
BG_LTR_like_11003	Strict non-ONSEN TE background	329	0.95	0	0
BG_LTR_like_11006	Strict non-ONSEN TE background	325	0.95	0	0
BG_LTR_like_11007	Strict non-ONSEN TE background	211	0.95	0	0
BG_LTR_like_11008	Strict non-ONSEN TE background	497	0.95	0	0
BG_LTR_like_11009	Strict non-ONSEN TE background	378	0.95	0	0
BG_LTR_like_11012	Strict non-ONSEN TE background	212	0.95	0	0
BG_LTR_like_11013	Strict non-ONSEN TE background	627	0.95	1	1.59489633173844
BG_LTR_like_11016	Strict non-ONSEN TE background	876	0.95	0	0
BG_LTR_like_11062	Strict non-ONSEN TE background	661	0.95	0	0
BG_LTR_like_11141	Strict non-ONSEN TE background	222	0.95	0	0
BG_LTR_like_11211	Strict non-ONSEN TE background	391	0.95	2	5.1150895140665
BG_LTR_like_11212	Strict non-ONSEN TE background	206	0.95	0	0
BG_LTR_like_11213	Strict non-ONSEN TE background	212	0.95	0	0
BG_LTR_like_11236	Strict non-ONSEN TE background	382	0.95	0	0
BG_LTR_like_11237	Strict non-ONSEN TE background	551	0.95	0	0
BG_LTR_like_11271	Strict non-ONSEN TE background	734	0.95	0	0
BG_LTR_like_11272	Strict non-ONSEN TE background	306	0.95	0	0
BG_LTR_like_11302	Strict non-ONSEN TE background	1499	0.95	0	0
BG_LTR_like_11303	Strict non-ONSEN TE background	315	0.95	0	0
BG_LTR_like_11304	Strict non-ONSEN TE background	261	0.95	0	0
BG_LTR_like_11305	Strict non-ONSEN TE background	366	0.95	0	0
BG_LTR_like_11347	Strict non-ONSEN TE background	634	0.95	0	0
BG_LTR_like_11400	Strict non-ONSEN TE background	277	0.95	0	0
BG_LTR_like_11401	Strict non-ONSEN TE background	549	0.95	3	5.46448087431694
BG_LTR_like_11411	Strict non-ONSEN TE background	399	0.95	0	0
BG_LTR_like_11483	Strict non-ONSEN TE background	327	0.95	4	12.2324159021407
BG_LTR_like_11484	Strict non-ONSEN TE background	606	0.95	0	0
BG_LTR_like_11560	Strict non-ONSEN TE background	290	0.95	0	0
BG_LTR_like_11564	Strict non-ONSEN TE background	1225	0.95	1	0.816326530612245
BG_LTR_like_11565	Strict non-ONSEN TE background	1162	0.95	0	0
BG_LTR_like_11570	Strict non-ONSEN TE background	786	0.95	1	1.27226463104326
BG_LTR_like_11653	Strict non-ONSEN TE background	384	0.95	0	0
BG_LTR_like_11693	Strict non-ONSEN TE background	958	0.95	1	1.04384133611691
BG_LTR_like_11700	Strict non-ONSEN TE background	667	0.95	0	0
BG_LTR_like_11723	Strict non-ONSEN TE background	355	0.95	0	0
BG_LTR_like_11791	Strict non-ONSEN TE background	473	0.95	0	0
BG_LTR_like_12027	Strict non-ONSEN TE background	261	0.95	1	3.83141762452107
BG_LTR_like_12142	Strict non-ONSEN TE background	310	0.95	0	0
BG_LTR_like_12180	Strict non-ONSEN TE background	590	0.95	1	1.69491525423729
BG_LTR_like_12195	Strict non-ONSEN TE background	303	0.95	0	0
BG_LTR_like_12256	Strict non-ONSEN TE background	596	0.95	3	5.03355704697987
BG_LTR_like_12369	Strict non-ONSEN TE background	354	0.95	0	0
BG_LTR_like_12578	Strict non-ONSEN TE background	312	0.95	0	0
BG_LTR_like_12926	Strict non-ONSEN TE background	474	0.95	0	0
BG_LTR_like_12984	Strict non-ONSEN TE background	392	0.95	0	0
BG_LTR_like_13108	Strict non-ONSEN TE background	226	0.95	0	0
BG_LTR_like_13614	Strict non-ONSEN TE background	273	0.95	0	0
BG_LTR_like_13644	Strict non-ONSEN TE background	339	0.95	0	0
BG_LTR_like_13735	Strict non-ONSEN TE background	408	0.95	0	0
BG_LTR_like_13758	Strict non-ONSEN TE background	262	0.95	0	0
BG_LTR_like_13759	Strict non-ONSEN TE background	922	0.95	0	0
BG_LTR_like_13767	Strict non-ONSEN TE background	235	0.95	0	0
BG_LTR_like_13768	Strict non-ONSEN TE background	386	0.95	0	0
BG_LTR_like_13782	Strict non-ONSEN TE background	1623	0.95	1	0.616142945163278
BG_LTR_like_13783	Strict non-ONSEN TE background	308	0.95	0	0
BG_LTR_like_13798	Strict non-ONSEN TE background	493	0.95	0	0
BG_LTR_like_13799	Strict non-ONSEN TE background	343	0.95	0	0
BG_LTR_like_13800	Strict non-ONSEN TE background	344	0.95	0	0
BG_LTR_like_13805	Strict non-ONSEN TE background	668	0.95	0	0
BG_LTR_like_13827	Strict non-ONSEN TE background	240	0.95	0	0
BG_LTR_like_13828	Strict non-ONSEN TE background	230	0.95	0	0
BG_LTR_like_13856	Strict non-ONSEN TE background	273	0.95	0	0
BG_LTR_like_13857	Strict non-ONSEN TE background	609	0.95	0	0
BG_LTR_like_13858	Strict non-ONSEN TE background	1187	0.95	2	1.6849199663016
BG_LTR_like_13866	Strict non-ONSEN TE background	201	0.95	0	0
BG_LTR_like_13867	Strict non-ONSEN TE background	281	0.95	0	0
BG_LTR_like_13870	Strict non-ONSEN TE background	372	0.95	0	0
BG_LTR_like_13922	Strict non-ONSEN TE background	491	0.95	0	0
BG_LTR_like_13923	Strict non-ONSEN TE background	782	0.95	0	0
BG_LTR_like_13926	Strict non-ONSEN TE background	1352	0.95	0	0
BG_LTR_like_13927	Strict non-ONSEN TE background	564	0.95	0	0
BG_LTR_like_13928	Strict non-ONSEN TE background	981	0.95	0	0
BG_LTR_like_13929	Strict non-ONSEN TE background	245	0.95	0	0
BG_LTR_like_13930	Strict non-ONSEN TE background	1181	0.95	0	0
BG_LTR_like_13933	Strict non-ONSEN TE background	1151	0.95	0	0
BG_LTR_like_13938	Strict non-ONSEN TE background	1811	0.95	0	0
BG_LTR_like_13939	Strict non-ONSEN TE background	226	0.95	0	0
BG_LTR_like_13940	Strict non-ONSEN TE background	1667	0.95	0	0
BG_LTR_like_13941	Strict non-ONSEN TE background	306	0.95	1	3.26797385620915
BG_LTR_like_13942	Strict non-ONSEN TE background	266	0.95	0	0
BG_LTR_like_13943	Strict non-ONSEN TE background	266	0.95	0	0
BG_LTR_like_13944	Strict non-ONSEN TE background	886	0.95	0	0
BG_LTR_like_13947	Strict non-ONSEN TE background	262	0.95	0	0
BG_LTR_like_13948	Strict non-ONSEN TE background	530	0.95	0	0
BG_LTR_like_13949	Strict non-ONSEN TE background	316	0.95	0	0
BG_LTR_like_13950	Strict non-ONSEN TE background	394	0.95	0	0
BG_LTR_like_13951	Strict non-ONSEN TE background	1049	0.95	0	0
BG_LTR_like_13952	Strict non-ONSEN TE background	723	0.95	0	0
BG_LTR_like_13953	Strict non-ONSEN TE background	1457	0.95	0	0
BG_LTR_like_13954	Strict non-ONSEN TE background	348	0.95	0	0
BG_LTR_like_13957	Strict non-ONSEN TE background	256	0.95	0	0
BG_LTR_like_13958	Strict non-ONSEN TE background	1704	0.95	1	0.586854460093897
BG_LTR_like_13961	Strict non-ONSEN TE background	418	0.95	0	0
BG_LTR_like_13962	Strict non-ONSEN TE background	253	0.95	0	0
BG_LTR_like_13963	Strict non-ONSEN TE background	455	0.95	4	8.79120879120879
BG_LTR_like_13964	Strict non-ONSEN TE background	1119	0.95	3	2.68096514745308
BG_LTR_like_13965	Strict non-ONSEN TE background	1965	0.95	4	2.03562340966921
BG_LTR_like_13966	Strict non-ONSEN TE background	1557	0.95	0	0
BG_LTR_like_13967	Strict non-ONSEN TE background	557	0.95	0	0
BG_LTR_like_13968	Strict non-ONSEN TE background	1736	0.95	0	0
BG_LTR_like_13969	Strict non-ONSEN TE background	224	0.95	0	0
BG_LTR_like_13970	Strict non-ONSEN TE background	1710	0.95	0	0
BG_LTR_like_13971	Strict non-ONSEN TE background	1063	0.95	0	0
BG_LTR_like_13972	Strict non-ONSEN TE background	1753	0.95	0	0
BG_LTR_like_13973	Strict non-ONSEN TE background	271	0.95	0	0
BG_LTR_like_13974	Strict non-ONSEN TE background	359	0.95	0	0
BG_LTR_like_13977	Strict non-ONSEN TE background	1207	0.95	1	0.828500414250207
BG_LTR_like_13980	Strict non-ONSEN TE background	597	0.95	1	1.6750418760469
BG_LTR_like_13999	Strict non-ONSEN TE background	908	0.95	2	2.20264317180617
BG_LTR_like_14004	Strict non-ONSEN TE background	468	0.95	0	0
BG_LTR_like_14005	Strict non-ONSEN TE background	1180	0.95	1	0.847457627118644
BG_LTR_like_14006	Strict non-ONSEN TE background	711	0.95	0	0
BG_LTR_like_14015	Strict non-ONSEN TE background	443	0.95	0	0
BG_LTR_like_14018	Strict non-ONSEN TE background	1730	0.95	0	0
BG_LTR_like_14019	Strict non-ONSEN TE background	1186	0.95	0	0
BG_LTR_like_14020	Strict non-ONSEN TE background	1994	0.95	1	0.501504513540622
BG_LTR_like_14025	Strict non-ONSEN TE background	1705	0.95	1	0.586510263929619
BG_LTR_like_14026	Strict non-ONSEN TE background	1721	0.95	0	0
BG_LTR_like_14027	Strict non-ONSEN TE background	1117	0.95	0	0
BG_LTR_like_14030	Strict non-ONSEN TE background	1654	0.95	2	1.20918984280532
BG_LTR_like_14031	Strict non-ONSEN TE background	1445	0.95	3	2.07612456747405
BG_LTR_like_14032	Strict non-ONSEN TE background	1192	0.95	0	0
BG_LTR_like_14035	Strict non-ONSEN TE background	709	0.95	1	1.41043723554302
BG_LTR_like_14038	Strict non-ONSEN TE background	1335	0.95	0	0
BG_LTR_like_14039	Strict non-ONSEN TE background	1051	0.95	1	0.951474785918173
BG_LTR_like_14040	Strict non-ONSEN TE background	426	0.95	0	0
BG_LTR_like_14041	Strict non-ONSEN TE background	412	0.95	0	0
BG_LTR_like_14044	Strict non-ONSEN TE background	1475	0.95	0	0
BG_LTR_like_14045	Strict non-ONSEN TE background	457	0.95	0	0
BG_LTR_like_14046	Strict non-ONSEN TE background	687	0.95	1	1.45560407569141
BG_LTR_like_14047	Strict non-ONSEN TE background	1385	0.95	1	0.72202166064982
BG_LTR_like_14048	Strict non-ONSEN TE background	1564	0.95	0	0
BG_LTR_like_14049	Strict non-ONSEN TE background	324	0.95	0	0
BG_LTR_like_14050	Strict non-ONSEN TE background	1322	0.95	1	0.75642965204236
BG_LTR_like_14051	Strict non-ONSEN TE background	319	0.95	0	0
BG_LTR_like_14054	Strict non-ONSEN TE background	206	0.95	0	0
BG_LTR_like_14055	Strict non-ONSEN TE background	306	0.95	0	0
BG_LTR_like_14056	Strict non-ONSEN TE background	508	0.95	2	3.93700787401575
BG_LTR_like_14059	Strict non-ONSEN TE background	1268	0.95	0	0
BG_LTR_like_14060	Strict non-ONSEN TE background	1296	0.95	3	2.31481481481481
BG_LTR_like_14063	Strict non-ONSEN TE background	561	0.95	0	0
BG_LTR_like_14064	Strict non-ONSEN TE background	1014	0.95	0	0
BG_LTR_like_14065	Strict non-ONSEN TE background	1223	0.95	0	0
BG_LTR_like_14066	Strict non-ONSEN TE background	696	0.95	0	0
BG_LTR_like_14067	Strict non-ONSEN TE background	708	0.95	0	0
BG_LTR_like_14068	Strict non-ONSEN TE background	561	0.95	0	0
BG_LTR_like_14071	Strict non-ONSEN TE background	1228	0.95	3	2.44299674267101
BG_LTR_like_14074	Strict non-ONSEN TE background	444	0.95	0	0
BG_LTR_like_14075	Strict non-ONSEN TE background	1146	0.95	0	0
BG_LTR_like_14076	Strict non-ONSEN TE background	1411	0.95	2	1.41743444365698
BG_LTR_like_14077	Strict non-ONSEN TE background	1915	0.95	1	0.522193211488251
BG_LTR_like_14080	Strict non-ONSEN TE background	470	0.95	0	0
BG_LTR_like_14081	Strict non-ONSEN TE background	1224	0.95	0	0
BG_LTR_like_14082	Strict non-ONSEN TE background	412	0.95	0	0
BG_LTR_like_14083	Strict non-ONSEN TE background	1953	0.95	0	0
BG_LTR_like_14084	Strict non-ONSEN TE background	1220	0.95	0	0
BG_LTR_like_14085	Strict non-ONSEN TE background	246	0.95	0	0
BG_LTR_like_14086	Strict non-ONSEN TE background	1209	0.95	4	3.3085194375517
BG_LTR_like_14089	Strict non-ONSEN TE background	317	0.95	0	0
BG_LTR_like_14092	Strict non-ONSEN TE background	1325	0.95	0	0
BG_LTR_like_14095	Strict non-ONSEN TE background	1199	0.95	3	2.50208507089241
BG_LTR_like_14098	Strict non-ONSEN TE background	1751	0.95	2	1.14220445459737
BG_LTR_like_14103	Strict non-ONSEN TE background	429	0.95	0	0
BG_LTR_like_14104	Strict non-ONSEN TE background	779	0.95	0	0
BG_LTR_like_14107	Strict non-ONSEN TE background	568	0.95	0	0
BG_LTR_like_14108	Strict non-ONSEN TE background	1559	0.95	3	1.92431045542014
BG_LTR_like_14109	Strict non-ONSEN TE background	494	0.95	0	0
BG_LTR_like_14110	Strict non-ONSEN TE background	479	0.95	0	0
BG_LTR_like_14111	Strict non-ONSEN TE background	402	0.95	0	0
BG_LTR_like_14114	Strict non-ONSEN TE background	1207	0.95	0	0
BG_LTR_like_14115	Strict non-ONSEN TE background	770	0.95	0	0
BG_LTR_like_14128	Strict non-ONSEN TE background	547	0.95	0	0
BG_LTR_like_14129	Strict non-ONSEN TE background	717	0.95	0	0
BG_LTR_like_14130	Strict non-ONSEN TE background	292	0.95	0	0
BG_LTR_like_14135	Strict non-ONSEN TE background	314	0.95	0	0
BG_LTR_like_14136	Strict non-ONSEN TE background	1052	0.95	2	1.90114068441065
BG_LTR_like_14137	Strict non-ONSEN TE background	978	0.95	0	0
BG_LTR_like_14140	Strict non-ONSEN TE background	1182	0.95	1	0.846023688663283
BG_LTR_like_14141	Strict non-ONSEN TE background	228	0.95	0	0
BG_LTR_like_14142	Strict non-ONSEN TE background	1187	0.95	2	1.6849199663016
BG_LTR_like_14143	Strict non-ONSEN TE background	539	0.95	0	0
BG_LTR_like_14148	Strict non-ONSEN TE background	280	0.95	0	0
BG_LTR_like_14149	Strict non-ONSEN TE background	1119	0.95	0	0
BG_LTR_like_14150	Strict non-ONSEN TE background	226	0.95	0	0
BG_LTR_like_14151	Strict non-ONSEN TE background	322	0.95	0	0
BG_LTR_like_14152	Strict non-ONSEN TE background	475	0.95	0	0
BG_LTR_like_14153	Strict non-ONSEN TE background	525	0.95	0	0
BG_LTR_like_14156	Strict non-ONSEN TE background	1210	0.95	1	0.826446280991736
BG_LTR_like_14157	Strict non-ONSEN TE background	452	0.95	0	0
BG_LTR_like_14158	Strict non-ONSEN TE background	1895	0.95	1	0.527704485488127
BG_LTR_like_14159	Strict non-ONSEN TE background	763	0.95	0	0
BG_LTR_like_14160	Strict non-ONSEN TE background	310	0.95	0	0
BG_LTR_like_14163	Strict non-ONSEN TE background	1630	0.95	2	1.22699386503067
BG_LTR_like_14164	Strict non-ONSEN TE background	1554	0.95	1	0.643500643500644
BG_LTR_like_14165	Strict non-ONSEN TE background	1795	0.95	0	0
BG_LTR_like_14170	Strict non-ONSEN TE background	340	0.95	0	0
BG_LTR_like_14171	Strict non-ONSEN TE background	1336	0.95	0	0
BG_LTR_like_14172	Strict non-ONSEN TE background	251	0.95	0	0
BG_LTR_like_14173	Strict non-ONSEN TE background	261	0.95	1	3.83141762452107
BG_LTR_like_14174	Strict non-ONSEN TE background	1925	0.95	0	0
BG_LTR_like_14179	Strict non-ONSEN TE background	363	0.95	0	0
BG_LTR_like_14180	Strict non-ONSEN TE background	1250	0.95	0	0
BG_LTR_like_14183	Strict non-ONSEN TE background	1954	0.95	0	0
BG_LTR_like_14184	Strict non-ONSEN TE background	431	0.95	0	0
BG_LTR_like_14185	Strict non-ONSEN TE background	516	0.95	0	0
BG_LTR_like_14186	Strict non-ONSEN TE background	212	0.95	0	0
BG_LTR_like_14187	Strict non-ONSEN TE background	1666	0.95	0	0
BG_LTR_like_14190	Strict non-ONSEN TE background	1305	0.95	0	0
BG_LTR_like_14191	Strict non-ONSEN TE background	704	0.95	0	0
BG_LTR_like_14192	Strict non-ONSEN TE background	1142	0.95	1	0.875656742556918
BG_LTR_like_14193	Strict non-ONSEN TE background	1195	0.95	0	0
BG_LTR_like_14198	Strict non-ONSEN TE background	282	0.95	0	0
BG_LTR_like_14201	Strict non-ONSEN TE background	618	0.95	0	0
BG_LTR_like_14202	Strict non-ONSEN TE background	279	0.95	0	0
BG_LTR_like_14203	Strict non-ONSEN TE background	454	0.95	0	0
BG_LTR_like_14204	Strict non-ONSEN TE background	250	0.95	0	0
BG_LTR_like_14207	Strict non-ONSEN TE background	322	0.95	0	0
BG_LTR_like_14212	Strict non-ONSEN TE background	880	0.95	2	2.27272727272727
BG_LTR_like_14215	Strict non-ONSEN TE background	1651	0.95	6	3.63416111447608
BG_LTR_like_14218	Strict non-ONSEN TE background	582	0.95	0	0
BG_LTR_like_14219	Strict non-ONSEN TE background	1565	0.95	1	0.638977635782748
BG_LTR_like_14220	Strict non-ONSEN TE background	232	0.95	0	0
BG_LTR_like_14221	Strict non-ONSEN TE background	1395	0.95	0	0
BG_LTR_like_14224	Strict non-ONSEN TE background	425	0.95	0	0
BG_LTR_like_14227	Strict non-ONSEN TE background	722	0.95	0	0
BG_LTR_like_14228	Strict non-ONSEN TE background	1281	0.95	3	2.34192037470726
BG_LTR_like_14235	Strict non-ONSEN TE background	1427	0.95	0	0
BG_LTR_like_14236	Strict non-ONSEN TE background	766	0.95	0	0
BG_LTR_like_14237	Strict non-ONSEN TE background	1210	0.95	0	0
BG_LTR_like_14238	Strict non-ONSEN TE background	1585	0.95	0	0
BG_LTR_like_14239	Strict non-ONSEN TE background	697	0.95	0	0
BG_LTR_like_14242	Strict non-ONSEN TE background	283	0.95	0	0
BG_LTR_like_14245	Strict non-ONSEN TE background	421	0.95	0	0
BG_LTR_like_14248	Strict non-ONSEN TE background	569	0.95	0	0
BG_LTR_like_14249	Strict non-ONSEN TE background	980	0.95	0	0
BG_LTR_like_14250	Strict non-ONSEN TE background	270	0.95	0	0
BG_LTR_like_14251	Strict non-ONSEN TE background	690	0.95	0	0
BG_LTR_like_14252	Strict non-ONSEN TE background	557	0.95	0	0
BG_LTR_like_14253	Strict non-ONSEN TE background	570	0.95	0	0
BG_LTR_like_14254	Strict non-ONSEN TE background	374	0.95	0	0
BG_LTR_like_14255	Strict non-ONSEN TE background	951	0.95	0	0
BG_LTR_like_14256	Strict non-ONSEN TE background	1389	0.95	0	0
BG_LTR_like_14257	Strict non-ONSEN TE background	467	0.95	0	0
BG_LTR_like_14258	Strict non-ONSEN TE background	280	0.95	0	0
BG_LTR_like_14261	Strict non-ONSEN TE background	213	0.95	0	0
BG_LTR_like_14269	Strict non-ONSEN TE background	1337	0.95	0	0
BG_LTR_like_14270	Strict non-ONSEN TE background	885	0.95	0	0
BG_LTR_like_14273	Strict non-ONSEN TE background	326	0.95	0	0
BG_LTR_like_14291	Strict non-ONSEN TE background	1278	0.95	1	0.782472613458529
BG_LTR_like_14292	Strict non-ONSEN TE background	319	0.95	0	0
BG_LTR_like_14293	Strict non-ONSEN TE background	1212	0.95	0	0
BG_LTR_like_14294	Strict non-ONSEN TE background	612	0.95	1	1.63398692810458
BG_LTR_like_14295	Strict non-ONSEN TE background	1414	0.95	0	0
BG_LTR_like_14296	Strict non-ONSEN TE background	1677	0.95	1	0.596302921884317
BG_LTR_like_14301	Strict non-ONSEN TE background	493	0.95	0	0
BG_LTR_like_14302	Strict non-ONSEN TE background	1373	0.95	1	0.728332119446468
BG_LTR_like_14303	Strict non-ONSEN TE background	254	0.95	0	0
BG_LTR_like_14306	Strict non-ONSEN TE background	1770	0.95	0	0
BG_LTR_like_14307	Strict non-ONSEN TE background	1969	0.95	1	0.507872016251904
BG_LTR_like_14308	Strict non-ONSEN TE background	253	0.95	0	0
BG_LTR_like_14309	Strict non-ONSEN TE background	812	0.95	0	0
BG_LTR_like_14310	Strict non-ONSEN TE background	1325	0.95	0	0
BG_LTR_like_14311	Strict non-ONSEN TE background	286	0.95	0	0
BG_LTR_like_14312	Strict non-ONSEN TE background	243	0.95	0	0
BG_LTR_like_14313	Strict non-ONSEN TE background	235	0.95	0	0
BG_LTR_like_14314	Strict non-ONSEN TE background	1704	0.95	0	0
BG_LTR_like_14317	Strict non-ONSEN TE background	1352	0.95	1	0.739644970414201
BG_LTR_like_14318	Strict non-ONSEN TE background	662	0.95	0	0
BG_LTR_like_14319	Strict non-ONSEN TE background	247	0.95	0	0
BG_LTR_like_14320	Strict non-ONSEN TE background	523	0.95	0	0
BG_LTR_like_14325	Strict non-ONSEN TE background	1352	0.95	1	0.739644970414201
BG_LTR_like_14326	Strict non-ONSEN TE background	662	0.95	0	0
BG_LTR_like_14327	Strict non-ONSEN TE background	245	0.95	0	0
BG_LTR_like_14328	Strict non-ONSEN TE background	527	0.95	0	0
BG_LTR_like_14329	Strict non-ONSEN TE background	1177	0.95	0	0
BG_LTR_like_14330	Strict non-ONSEN TE background	576	0.95	0	0
BG_LTR_like_14331	Strict non-ONSEN TE background	1398	0.95	0	0
BG_LTR_like_14332	Strict non-ONSEN TE background	288	0.95	0	0
BG_LTR_like_14333	Strict non-ONSEN TE background	375	0.95	0	0
BG_LTR_like_14334	Strict non-ONSEN TE background	386	0.95	0	0
BG_LTR_like_14335	Strict non-ONSEN TE background	306	0.95	0	0
BG_LTR_like_14336	Strict non-ONSEN TE background	1617	0.95	0	0
BG_LTR_like_14337	Strict non-ONSEN TE background	1516	0.95	2	1.31926121372032
BG_LTR_like_14340	Strict non-ONSEN TE background	467	0.95	0	0
BG_LTR_like_14341	Strict non-ONSEN TE background	429	0.95	0	0
BG_LTR_like_14342	Strict non-ONSEN TE background	433	0.95	0	0
BG_LTR_like_14343	Strict non-ONSEN TE background	832	0.95	3	3.60576923076923
BG_LTR_like_14346	Strict non-ONSEN TE background	1440	0.95	0	0
BG_LTR_like_14351	Strict non-ONSEN TE background	1796	0.95	0	0
BG_LTR_like_14352	Strict non-ONSEN TE background	756	0.95	0	0
BG_LTR_like_14357	Strict non-ONSEN TE background	1059	0.95	0	0
BG_LTR_like_14358	Strict non-ONSEN TE background	520	0.95	0	0
BG_LTR_like_14359	Strict non-ONSEN TE background	1501	0.95	2	1.33244503664224
BG_LTR_like_14360	Strict non-ONSEN TE background	1549	0.95	0	0
BG_LTR_like_14361	Strict non-ONSEN TE background	288	0.95	0	0
BG_LTR_like_14362	Strict non-ONSEN TE background	1058	0.95	0	0
BG_LTR_like_14363	Strict non-ONSEN TE background	498	0.95	0	0
BG_LTR_like_14364	Strict non-ONSEN TE background	1699	0.95	0	0
BG_LTR_like_14365	Strict non-ONSEN TE background	286	0.95	0	0
BG_LTR_like_14366	Strict non-ONSEN TE background	556	0.95	1	1.79856115107914
BG_LTR_like_14367	Strict non-ONSEN TE background	1651	0.95	0	0
BG_LTR_like_14370	Strict non-ONSEN TE background	641	0.95	0	0
BG_LTR_like_14371	Strict non-ONSEN TE background	996	0.95	1	1.00401606425703
BG_LTR_like_14372	Strict non-ONSEN TE background	650	0.95	0	0
BG_LTR_like_14373	Strict non-ONSEN TE background	312	0.95	0	0
BG_LTR_like_14374	Strict non-ONSEN TE background	223	0.95	0	0
BG_LTR_like_14377	Strict non-ONSEN TE background	1178	0.95	0	0
BG_LTR_like_14378	Strict non-ONSEN TE background	1127	0.95	0	0
BG_LTR_like_14379	Strict non-ONSEN TE background	1713	0.95	0	0
BG_LTR_like_14380	Strict non-ONSEN TE background	1689	0.95	1	0.59206631142688
BG_LTR_like_14383	Strict non-ONSEN TE background	1130	0.95	0	0
BG_LTR_like_14386	Strict non-ONSEN TE background	399	0.95	0	0
BG_LTR_like_14387	Strict non-ONSEN TE background	463	0.95	0	0
BG_LTR_like_14388	Strict non-ONSEN TE background	277	0.95	0	0
BG_LTR_like_14393	Strict non-ONSEN TE background	444	0.95	0	0
BG_LTR_like_14396	Strict non-ONSEN TE background	811	0.95	0	0
BG_LTR_like_14397	Strict non-ONSEN TE background	229	0.95	0	0
BG_LTR_like_14398	Strict non-ONSEN TE background	235	0.95	0	0
BG_LTR_like_14399	Strict non-ONSEN TE background	624	0.95	0	0
BG_LTR_like_14400	Strict non-ONSEN TE background	327	0.95	0	0
BG_LTR_like_14403	Strict non-ONSEN TE background	1825	0.95	0	0
BG_LTR_like_14406	Strict non-ONSEN TE background	1393	0.95	0	0
BG_LTR_like_14407	Strict non-ONSEN TE background	307	0.95	0	0
BG_LTR_like_14410	Strict non-ONSEN TE background	1561	0.95	0	0
BG_LTR_like_14411	Strict non-ONSEN TE background	329	0.95	0	0
BG_LTR_like_14414	Strict non-ONSEN TE background	245	0.95	0	0
BG_LTR_like_14415	Strict non-ONSEN TE background	1822	0.95	1	0.548847420417124
BG_LTR_like_14418	Strict non-ONSEN TE background	1071	0.95	1	0.933706816059757
BG_LTR_like_14419	Strict non-ONSEN TE background	442	0.95	0	0
BG_LTR_like_14420	Strict non-ONSEN TE background	257	0.95	0	0
BG_LTR_like_14423	Strict non-ONSEN TE background	959	0.95	1	1.04275286757039
BG_LTR_like_14424	Strict non-ONSEN TE background	537	0.95	0	0
BG_LTR_like_14425	Strict non-ONSEN TE background	981	0.95	0	0
BG_LTR_like_14426	Strict non-ONSEN TE background	923	0.95	0	0
BG_LTR_like_14429	Strict non-ONSEN TE background	1533	0.95	0	0
BG_LTR_like_14439	Strict non-ONSEN TE background	240	0.95	0	0
BG_LTR_like_14440	Strict non-ONSEN TE background	369	0.95	0	0
BG_LTR_like_14443	Strict non-ONSEN TE background	823	0.95	0	0
BG_LTR_like_14449	Strict non-ONSEN TE background	1423	0.95	1	0.702740688685875
BG_LTR_like_14450	Strict non-ONSEN TE background	1127	0.95	0	0
BG_LTR_like_14451	Strict non-ONSEN TE background	292	0.95	0	0
BG_LTR_like_14454	Strict non-ONSEN TE background	889	0.95	0	0
BG_LTR_like_14457	Strict non-ONSEN TE background	318	0.95	0	0
BG_LTR_like_14460	Strict non-ONSEN TE background	648	0.95	1	1.54320987654321
BG_LTR_like_14461	Strict non-ONSEN TE background	410	0.95	0	0
BG_LTR_like_14462	Strict non-ONSEN TE background	270	0.95	0	0
BG_LTR_like_14463	Strict non-ONSEN TE background	619	0.95	0	0
BG_LTR_like_14464	Strict non-ONSEN TE background	580	0.95	0	0
BG_LTR_like_14465	Strict non-ONSEN TE background	316	0.95	0	0
BG_LTR_like_14466	Strict non-ONSEN TE background	1613	0.95	1	0.619962802231866
BG_LTR_like_14469	Strict non-ONSEN TE background	285	0.95	0	0
BG_LTR_like_14470	Strict non-ONSEN TE background	1111	0.95	1	0.9000900090009
BG_LTR_like_14471	Strict non-ONSEN TE background	231	0.95	0	0
BG_LTR_like_14472	Strict non-ONSEN TE background	932	0.95	2	2.14592274678112
BG_LTR_like_14473	Strict non-ONSEN TE background	330	0.95	0	0
BG_LTR_like_14476	Strict non-ONSEN TE background	397	0.95	0	0
BG_LTR_like_14545	Strict non-ONSEN TE background	1486	0.95	0	0
BG_LTR_like_14548	Strict non-ONSEN TE background	408	0.95	0	0
BG_LTR_like_14600	Strict non-ONSEN TE background	384	0.95	0	0
BG_LTR_like_14601	Strict non-ONSEN TE background	966	0.95	0	0
BG_LTR_like_14602	Strict non-ONSEN TE background	1904	0.95	0	0
BG_LTR_like_14605	Strict non-ONSEN TE background	456	0.95	0	0
BG_LTR_like_14606	Strict non-ONSEN TE background	221	0.95	0	0
BG_LTR_like_14607	Strict non-ONSEN TE background	1521	0.95	0	0
BG_LTR_like_14676	Strict non-ONSEN TE background	597	0.95	1	1.6750418760469
BG_LTR_like_14677	Strict non-ONSEN TE background	210	0.95	0	0
BG_LTR_like_14678	Strict non-ONSEN TE background	943	0.95	0	0
BG_LTR_like_14679	Strict non-ONSEN TE background	360	0.95	0	0
BG_LTR_like_14707	Strict non-ONSEN TE background	346	0.95	0	0
BG_LTR_like_14708	Strict non-ONSEN TE background	339	0.95	0	0
BG_LTR_like_14709	Strict non-ONSEN TE background	441	0.95	1	2.26757369614512
BG_LTR_like_14712	Strict non-ONSEN TE background	453	0.95	1	2.2075055187638
BG_LTR_like_14715	Strict non-ONSEN TE background	423	0.95	0	0
BG_LTR_like_14716	Strict non-ONSEN TE background	758	0.95	1	1.31926121372032
BG_LTR_like_14719	Strict non-ONSEN TE background	1624	0.95	1	0.615763546798029
BG_LTR_like_14720	Strict non-ONSEN TE background	412	0.95	0	0
BG_LTR_like_14721	Strict non-ONSEN TE background	682	0.95	0	0
BG_LTR_like_14727	Strict non-ONSEN TE background	241	0.95	0	0
BG_LTR_like_14734	Strict non-ONSEN TE background	563	0.95	0	0
BG_LTR_like_14773	Strict non-ONSEN TE background	211	0.95	0	0
BG_LTR_like_14795	Strict non-ONSEN TE background	347	0.95	0	0
BG_LTR_like_14813	Strict non-ONSEN TE background	515	0.95	0	0
BG_LTR_like_14814	Strict non-ONSEN TE background	995	0.95	1	1.00502512562814
BG_LTR_like_14815	Strict non-ONSEN TE background	372	0.95	0	0
BG_LTR_like_14816	Strict non-ONSEN TE background	346	0.95	0	0
BG_LTR_like_14819	Strict non-ONSEN TE background	417	0.95	1	2.39808153477218
BG_LTR_like_14820	Strict non-ONSEN TE background	507	0.95	1	1.9723865877712
BG_LTR_like_14821	Strict non-ONSEN TE background	490	0.95	0	0
BG_LTR_like_14822	Strict non-ONSEN TE background	302	0.95	0	0
BG_LTR_like_14835	Strict non-ONSEN TE background	258	0.95	0	0
BG_LTR_like_14836	Strict non-ONSEN TE background	674	0.95	0	0
BG_LTR_like_15025	Strict non-ONSEN TE background	303	0.95	2	6.6006600660066
BG_LTR_like_15030	Strict non-ONSEN TE background	216	0.95	0	0
BG_LTR_like_15033	Strict non-ONSEN TE background	372	0.95	0	0
BG_LTR_like_15034	Strict non-ONSEN TE background	523	0.95	0	0
BG_LTR_like_15041	Strict non-ONSEN TE background	227	0.95	0	0
BG_LTR_like_15054	Strict non-ONSEN TE background	208	0.95	0	0
BG_LTR_like_15094	Strict non-ONSEN TE background	204	0.95	2	9.80392156862745
BG_LTR_like_15095	Strict non-ONSEN TE background	477	0.95	0	0
BG_LTR_like_15096	Strict non-ONSEN TE background	444	0.95	0	0
BG_LTR_like_15097	Strict non-ONSEN TE background	744	0.95	2	2.68817204301075
BG_LTR_like_15155	Strict non-ONSEN TE background	485	0.95	0	0
BG_LTR_like_15156	Strict non-ONSEN TE background	203	0.95	0	0
BG_LTR_like_15159	Strict non-ONSEN TE background	1464	0.95	3	2.04918032786885
BG_LTR_like_15212	Strict non-ONSEN TE background	848	0.95	1	1.17924528301887
BG_LTR_like_15230	Strict non-ONSEN TE background	306	0.95	0	0
BG_LTR_like_15231	Strict non-ONSEN TE background	309	0.95	0	0
BG_LTR_like_15232	Strict non-ONSEN TE background	288	0.95	0	0
BG_LTR_like_15246	Strict non-ONSEN TE background	651	0.95	0	0
BG_LTR_like_15247	Strict non-ONSEN TE background	657	0.95	0	0
BG_LTR_like_15268	Strict non-ONSEN TE background	270	0.95	0	0
BG_LTR_like_15280	Strict non-ONSEN TE background	466	0.95	0	0
BG_LTR_like_15281	Strict non-ONSEN TE background	376	0.95	0	0
BG_LTR_like_15301	Strict non-ONSEN TE background	1171	0.95	2	1.70794192997438
BG_LTR_like_15302	Strict non-ONSEN TE background	277	0.95	0	0
BG_LTR_like_15364	Strict non-ONSEN TE background	441	0.95	0	0
BG_LTR_like_15367	Strict non-ONSEN TE background	617	0.95	0	0
BG_LTR_like_15368	Strict non-ONSEN TE background	356	0.95	0	0
BG_LTR_like_15418	Strict non-ONSEN TE background	732	0.95	2	2.73224043715847
BG_LTR_like_15573	Strict non-ONSEN TE background	997	0.95	2	2.00601805416249
BG_LTR_like_15790	Strict non-ONSEN TE background	339	0.95	0	0
BG_LTR_like_15819	Strict non-ONSEN TE background	1591	0.95	0	0
BG_LTR_like_15888	Strict non-ONSEN TE background	201	0.95	0	0
