Table S7E. Region-level continuous HSF relative-score metrics for the revised comparison universe.								
								
Region ID	Region class	Chromosome	Start	End	Width (bp)	Maximum HSF relative PWM score	Mean top-five HSF relative PWM score	Median per-model maximum HSF score
ONSEN1-L	ONSEN terminal candidate windows	Chr1	3780765	3781564	800	0.997057323853935	0.994168599502574	0.954797054476357
ONSEN1-R	ONSEN terminal candidate windows	Chr1	3784922	3785721	800	0.997057323853935	0.994168599502574	0.941882282058775
ONSEN2-L	ONSEN terminal candidate windows	Chr3	22695566	22696365	800	0.997057323853935	0.994168599502574	0.941882282058775
ONSEN2-R	ONSEN terminal candidate windows	Chr3	22699723	22700522	800	0.997057323853935	0.994168599502574	0.954797054476357
ONSEN3-L	ONSEN terminal candidate windows	Chr5	4208083	4208882	800	0.997057323853935	0.994168599502574	0.941882282058775
ONSEN3-R	ONSEN terminal candidate windows	Chr5	4212285	4213084	800	0.997057323853935	0.994168599502574	0.954797054476357
ONSEN4-L	ONSEN terminal candidate windows	Chr1	21524995	21525794	800	0.997057323853935	0.994168599502574	0.941882282058775
ONSEN4-R	ONSEN terminal candidate windows	Chr1	21529052	21529851	800	0.997057323853935	0.987494750353377	0.946786879176073
ONSEN5-L	ONSEN terminal candidate windows	Chr1	18013162	18013961	800	0.997057323853935	0.994168599502574	0.954797054476357
ONSEN5-R	ONSEN terminal candidate windows	Chr1	18017636	18018435	800	0.997057323853935	0.994168599502574	0.941882282058775
ONSEN6-L	ONSEN terminal candidate windows	Chr3	22059535	22060334	800	0.997057323853935	0.994168599502574	0.949467524247475
ONSEN6-R	ONSEN terminal candidate windows	Chr3	22063530	22064329	800	0.997057323853935	0.994168599502574	0.938442225245242
ONSEN7-L	ONSEN terminal candidate windows	Chr1	7717255	7718054	800	0.997057323853935	0.985647468465601	0.925873662919845
ONSEN7-R	ONSEN terminal candidate windows	Chr1	7721848	7722647	800	0.997057323853935	0.994168599502574	0.941882282058775
ONSEN8-L	ONSEN terminal candidate windows	Chr3	13369174	13369973	800	0.997057323853935	0.994168599502574	0.951628852720384
ONSEN8-R	ONSEN terminal candidate windows	Chr3	13373309	13374108	800	0.997057323853935	0.994168599502574	0.941882282058775
BG_LTR_like_00069	Strict non-ONSEN TE background	Chr1	846664	847739	1076	0.902210321904238	0.882755196105363	0.861457373323169
BG_LTR_like_00321	Strict non-ONSEN TE background	Chr1	1899519	1899767	249	0.892242353455546	0.874199326126872	0.815278700401587
BG_LTR_like_00382	Strict non-ONSEN TE background	Chr1	2157095	2157660	566	0.908452927585686	0.897399564392548	0.854691423901801
BG_LTR_like_00544	Strict non-ONSEN TE background	Chr1	3895094	3897046	1953	1	0.96130963579601	0.898572218047703
BG_LTR_like_00545	Strict non-ONSEN TE background	Chr1	3925331	3926124	794	1	0.948534010707025	0.876633079529187
BG_LTR_like_00598	Strict non-ONSEN TE background	Chr1	4071378	4071831	454	0.863342624406677	0.819435715622868	0.772626597135487
BG_LTR_like_00976	Strict non-ONSEN TE background	Chr1	5784963	5785335	373	0.938823665407958	0.866725709469613	0.780445167937838
BG_LTR_like_00977	Strict non-ONSEN TE background	Chr1	5797692	5797910	219	0.879892100731311	0.855920839019809	0.7871267787302
BG_LTR_like_00988	Strict non-ONSEN TE background	Chr1	6302582	6303156	575	0.908452927585686	0.897893640049399	0.845459840209739
BG_LTR_like_01007	Strict non-ONSEN TE background	Chr1	6478132	6478451	320	0.997057323853935	0.973699359688308	0.834708432098544
BG_LTR_like_01035	Strict non-ONSEN TE background	Chr1	6719325	6720759	1435	0.892554193769558	0.872815084019032	0.824013179720772
BG_LTR_like_01083	Strict non-ONSEN TE background	Chr1	6880492	6880695	204	0.864690533212838	0.80689641045523	0.736489940459543
BG_LTR_like_01139	Strict non-ONSEN TE background	Chr1	7163108	7163343	236	0.845263083548806	0.817028181430859	0.76562086631412
BG_LTR_like_01218	Strict non-ONSEN TE background	Chr1	7742722	7742941	220	0.776365259444486	0.761730079150333	0.736825601579514
BG_LTR_like_01304	Strict non-ONSEN TE background	Chr1	8043908	8044269	362	0.879892100731311	0.860894039784362	0.777831722816309
BG_LTR_like_01309	Strict non-ONSEN TE background	Chr1	8160056	8160565	510	0.908452927585686	0.905095897332479	0.855830494832363
BG_LTR_like_01341	Strict non-ONSEN TE background	Chr1	8515352	8515706	355	0.957552433785568	0.905083302472428	0.825080373547752
BG_LTR_like_01399	Strict non-ONSEN TE background	Chr1	8919856	8920080	225	0.997057323853935	0.977107652385902	0.843575640590883
BG_LTR_like_01400	Strict non-ONSEN TE background	Chr1	9001441	9001749	309	0.997057323853935	0.972986568665514	0.812173124150046
BG_LTR_like_01528	Strict non-ONSEN TE background	Chr1	9902092	9902764	673	0.925362625658487	0.901164444496598	0.822435284241832
BG_LTR_like_01529	Strict non-ONSEN TE background	Chr1	9907902	9908868	967	1	0.947957702594126	0.871917639908381
BG_LTR_like_01530	Strict non-ONSEN TE background	Chr1	9909363	9909762	400	0.869958237282281	0.847618287432676	0.813902028556792
BG_LTR_like_01531	Strict non-ONSEN TE background	Chr1	9910964	9911199	236	0.803637957187297	0.779442055002268	0.766431851695413
BG_LTR_like_01532	Strict non-ONSEN TE background	Chr1	9928214	9928416	203	0.81587547299154	0.800716535723178	0.777425311962363
BG_LTR_like_01685	Strict non-ONSEN TE background	Chr1	10315443	10315738	296	0.881197659310315	0.847573344520648	0.809983955547937
BG_LTR_like_01751	Strict non-ONSEN TE background	Chr1	10522218	10522868	651	0.925362625658487	0.898787377645389	0.843554088218299
BG_LTR_like_01759	Strict non-ONSEN TE background	Chr1	10675534	10675818	285	0.877202267735525	0.866954843127077	0.836022489843541
BG_LTR_like_01760	Strict non-ONSEN TE background	Chr1	10714644	10714869	226	0.802603873995725	0.780123775947229	0.762033388299402
BG_LTR_like_01834	Strict non-ONSEN TE background	Chr1	10966907	10968878	1972	0.914982098538431	0.893717212418088	0.845560325349463
BG_LTR_like_01871	Strict non-ONSEN TE background	Chr1	11178291	11178953	663	0.930146493599341	0.921711217476379	0.905028274483987
BG_LTR_like_01872	Strict non-ONSEN TE background	Chr1	11239005	11239335	331	1	0.97333450313532	0.947919063019563
BG_LTR_like_01873	Strict non-ONSEN TE background	Chr1	11295414	11295628	215	0.866879652016432	0.843800275773699	0.788606840807258
BG_LTR_like_01994	Strict non-ONSEN TE background	Chr1	11623858	11624130	273	0.815882566959062	0.784253384224395	0.752696188973727
BG_LTR_like_02021	Strict non-ONSEN TE background	Chr1	11861677	11861876	200	0.844867497354043	0.807885591788596	0.749370252410743
BG_LTR_like_02057	Strict non-ONSEN TE background	Chr1	12001559	12001782	224	0.840583083439692	0.823895001691263	0.816755490467282
BG_LTR_like_02071	Strict non-ONSEN TE background	Chr1	12031581	12033193	1613	0.914982098538431	0.895065346665556	0.848827463842285
BG_LTR_like_02081	Strict non-ONSEN TE background	Chr1	12099153	12099373	221	0.811198319174869	0.799388726506004	0.766891585315322
BG_LTR_like_02102	Strict non-ONSEN TE background	Chr1	12155317	12155791	475	0.997057323853935	0.976074365237675	0.908681034267191
BG_LTR_like_02114	Strict non-ONSEN TE background	Chr1	12252752	12253031	280	0.877148587339202	0.845913587660558	0.717455602510476
BG_LTR_like_02135	Strict non-ONSEN TE background	Chr1	12276389	12276648	260	0.920690443389928	0.902739656516331	0.852073160056268
BG_LTR_like_02136	Strict non-ONSEN TE background	Chr1	12281845	12282217	373	0.830279101540242	0.814553692451583	0.786217753720862
BG_LTR_like_02139	Strict non-ONSEN TE background	Chr1	12296790	12297054	265	0.952897619800017	0.927748858243376	0.899805719753364
BG_LTR_like_02143	Strict non-ONSEN TE background	Chr1	12410498	12411549	1052	0.957552433785568	0.932912793950313	0.891888618563342
BG_LTR_like_02144	Strict non-ONSEN TE background	Chr1	12412843	12413622	780	0.914982098538431	0.889140320458286	0.824408031291137
BG_LTR_like_02145	Strict non-ONSEN TE background	Chr1	12413662	12415420	1759	0.894990544126474	0.887806744137035	0.856114572611265
BG_LTR_like_02152	Strict non-ONSEN TE background	Chr1	12513239	12513824	586	1	0.952432264124485	0.921449955719999
BG_LTR_like_02159	Strict non-ONSEN TE background	Chr1	12615152	12615790	639	0.87998285625761	0.861600065682598	0.846845220434041
BG_LTR_like_02160	Strict non-ONSEN TE background	Chr1	12622258	12622537	280	0.883921890485864	0.865886388196313	0.814104690436903
BG_LTR_like_02161	Strict non-ONSEN TE background	Chr1	12640891	12642416	1526	1	0.967788840599164	0.92303355743638
BG_LTR_like_02164	Strict non-ONSEN TE background	Chr1	12710570	12710841	272	0.877148587339202	0.842922131988657	0.784108117390967
BG_LTR_like_02169	Strict non-ONSEN TE background	Chr1	12753512	12755059	1548	0.925362625658487	0.899353032512772	0.866410976233333
BG_LTR_like_02172	Strict non-ONSEN TE background	Chr1	12840228	12841118	891	0.914982098538431	0.891001104227514	0.845444228655135
BG_LTR_like_02176	Strict non-ONSEN TE background	Chr1	12847931	12849661	1731	0.914982098538431	0.897248212755414	0.873491452740919
BG_LTR_like_02181	Strict non-ONSEN TE background	Chr1	12926601	12926810	210	0.841021656029689	0.819733514776763	0.779674848943615
BG_LTR_like_02182	Strict non-ONSEN TE background	Chr1	12949477	12949708	232	0.891121997334276	0.864170154579069	0.827523949547878
BG_LTR_like_02185	Strict non-ONSEN TE background	Chr1	12990125	12990931	807	0.856487351505556	0.840323485649657	0.817997966188672
BG_LTR_like_02189	Strict non-ONSEN TE background	Chr1	13021229	13022484	1256	0.920690443389928	0.912515369558466	0.862951586300106
BG_LTR_like_02190	Strict non-ONSEN TE background	Chr1	13027735	13027937	203	0.837109628874873	0.813664316088683	0.783055330719988
BG_LTR_like_02191	Strict non-ONSEN TE background	Chr1	13028440	13028711	272	0.841656161985312	0.822770556966535	0.790721765358615
BG_LTR_like_02192	Strict non-ONSEN TE background	Chr1	13046855	13047855	1001	0.978131699864756	0.946735142536655	0.885408739305004
BG_LTR_like_02202	Strict non-ONSEN TE background	Chr1	13121566	13122033	468	0.844337608750266	0.830410607406418	0.803442779843117
BG_LTR_like_02231	Strict non-ONSEN TE background	Chr1	13291049	13291373	325	0.865043745805371	0.846201408280207	0.819280072540666
BG_LTR_like_02232	Strict non-ONSEN TE background	Chr1	13292351	13292802	452	0.882549816981468	0.868389884213691	0.801906991924749
BG_LTR_like_02233	Strict non-ONSEN TE background	Chr1	13295392	13296927	1536	0.911103613830644	0.906520989338308	0.874490684929051
BG_LTR_like_02234	Strict non-ONSEN TE background	Chr1	13301630	13302052	423	0.857689165066966	0.83577140011692	0.817141637378689
BG_LTR_like_02235	Strict non-ONSEN TE background	Chr1	13304427	13304737	311	0.872679811912855	0.850744499886185	0.833315338107681
BG_LTR_like_02236	Strict non-ONSEN TE background	Chr1	13305228	13305432	205	0.866014808683523	0.810585230302238	0.766736786525731
BG_LTR_like_02237	Strict non-ONSEN TE background	Chr1	13310769	13311277	509	0.879475922478708	0.861757773819707	0.805997633133984
BG_LTR_like_02238	Strict non-ONSEN TE background	Chr1	13316393	13316808	416	0.892542292485335	0.876073623128937	0.850238612388294
BG_LTR_like_02243	Strict non-ONSEN TE background	Chr1	13347745	13349384	1640	0.908452927585686	0.900914592742456	0.861220260523814
BG_LTR_like_02244	Strict non-ONSEN TE background	Chr1	13400777	13401576	800	0.920690443389928	0.912856379367622	0.895344417912624
BG_LTR_like_02245	Strict non-ONSEN TE background	Chr1	13401676	13402670	995	0.892242353455546	0.884010428619428	0.849922242645545
BG_LTR_like_02250	Strict non-ONSEN TE background	Chr1	13504266	13505061	796	0.875655441901765	0.86175798351199	0.825949924775743
BG_LTR_like_02251	Strict non-ONSEN TE background	Chr1	13505094	13506749	1656	1	0.952986676949808	0.92303355743638
BG_LTR_like_02252	Strict non-ONSEN TE background	Chr1	13507195	13507779	585	0.868783708025195	0.84262530836692	0.809527242662488
BG_LTR_like_02253	Strict non-ONSEN TE background	Chr1	13515965	13517626	1662	0.920690443389928	0.912856379367622	0.895344417912624
BG_LTR_like_02254	Strict non-ONSEN TE background	Chr1	13592847	13593057	211	0.999007409629877	0.960734836971016	0.932204792888556
BG_LTR_like_02255	Strict non-ONSEN TE background	Chr1	13597434	13597667	234	0.825930858380756	0.816204055969822	0.788987066746869
BG_LTR_like_02256	Strict non-ONSEN TE background	Chr1	13599712	13600943	1232	0.939524459644417	0.921459443857388	0.907255267857095
BG_LTR_like_02257	Strict non-ONSEN TE background	Chr1	13621507	13622705	1199	0.892351665316562	0.877992222432063	0.825877678894568
BG_LTR_like_02260	Strict non-ONSEN TE background	Chr1	13649002	13649326	325	0.879292093731603	0.86029297537061	0.842048585764282
BG_LTR_like_02261	Strict non-ONSEN TE background	Chr1	13649327	13650463	1137	0.901548316704525	0.879128195430539	0.834364775911944
BG_LTR_like_02280	Strict non-ONSEN TE background	Chr1	13708142	13709758	1617	0.920690443389928	0.903158990147143	0.875090709907538
BG_LTR_like_02281	Strict non-ONSEN TE background	Chr1	13711059	13712501	1443	0.923633119535993	0.9137189503146	0.855984725145089
BG_LTR_like_02288	Strict non-ONSEN TE background	Chr1	13779966	13781169	1204	1	0.952232489415629	0.86545592096904
BG_LTR_like_02289	Strict non-ONSEN TE background	Chr1	13781170	13782305	1136	0.920690443389928	0.907516796673624	0.859352047479113
BG_LTR_like_02290	Strict non-ONSEN TE background	Chr1	13784781	13785497	717	0.892351665316562	0.868918278396646	0.829018647563526
BG_LTR_like_02291	Strict non-ONSEN TE background	Chr1	13795196	13796032	837	0.911771277108941	0.886566496441761	0.87228387975591
BG_LTR_like_02298	Strict non-ONSEN TE background	Chr1	13800081	13800666	586	0.879292093731603	0.857296444419806	0.843705347168231
BG_LTR_like_02299	Strict non-ONSEN TE background	Chr1	13800667	13801784	1118	0.901548316704525	0.885963785072764	0.861508279360062
BG_LTR_like_02300	Strict non-ONSEN TE background	Chr1	13812904	13813117	214	0.894990544126474	0.880467549830592	0.828842797618481
BG_LTR_like_02301	Strict non-ONSEN TE background	Chr1	13825126	13826189	1064	0.957552433785568	0.943015464596711	0.92303355743638
BG_LTR_like_02304	Strict non-ONSEN TE background	Chr1	13826190	13826735	546	0.882549816981468	0.864292072821304	0.828900210976586
BG_LTR_like_02305	Strict non-ONSEN TE background	Chr1	13827496	13828484	989	0.83997163801432	0.834589959138874	0.812458750564157
BG_LTR_like_02308	Strict non-ONSEN TE background	Chr1	13834265	13835790	1526	0.923633119535993	0.908966333307264	0.875810302517449
BG_LTR_like_02309	Strict non-ONSEN TE background	Chr1	13862959	13864749	1791	0.892242353455546	0.887406755695155	0.83944660580037
BG_LTR_like_02312	Strict non-ONSEN TE background	Chr1	13912834	13913517	684	0.938823665407958	0.911940434162373	0.867032403097864
BG_LTR_like_02313	Strict non-ONSEN TE background	Chr1	13913518	13913787	270	0.923633119535993	0.905094518762247	0.866621349982725
BG_LTR_like_02316	Strict non-ONSEN TE background	Chr1	13913796	13915110	1315	0.957552433785568	0.93244152214954	0.910759434349112
BG_LTR_like_02317	Strict non-ONSEN TE background	Chr1	13917578	13919016	1439	0.923633119535993	0.911464996349984	0.872079164297617
BG_LTR_like_02318	Strict non-ONSEN TE background	Chr1	13920722	13922110	1389	1	0.945669093224479	0.887680995838576
BG_LTR_like_02319	Strict non-ONSEN TE background	Chr1	13929931	13930998	1068	0.902089374688906	0.887036967584882	0.865228346894598
BG_LTR_like_02320	Strict non-ONSEN TE background	Chr1	13931180	13931785	606	0.978131699864756	0.972203379477132	0.855768591838334
BG_LTR_like_02321	Strict non-ONSEN TE background	Chr1	13936046	13937056	1011	0.902089374688906	0.887036967584882	0.865228346894598
BG_LTR_like_02322	Strict non-ONSEN TE background	Chr1	13937238	13937843	606	0.957552433785568	0.906361235801323	0.855768591838334
BG_LTR_like_02323	Strict non-ONSEN TE background	Chr1	13937844	13939631	1788	0.925362625658487	0.919979295897441	0.868671060539896
BG_LTR_like_02328	Strict non-ONSEN TE background	Chr1	13961275	13961618	344	0.905790190621108	0.83442291668441	0.788201025033501
BG_LTR_like_02333	Strict non-ONSEN TE background	Chr1	13994018	13994948	931	0.897702475380171	0.880505868413747	0.853980357244735
BG_LTR_like_02334	Strict non-ONSEN TE background	Chr1	13994949	13996527	1579	0.867007748022684	0.862863413101901	0.854535624255784
BG_LTR_like_02335	Strict non-ONSEN TE background	Chr1	13996687	13998078	1392	1	0.95952731016157	0.889961136930081
BG_LTR_like_02338	Strict non-ONSEN TE background	Chr1	14006883	14007129	247	0.889299677309481	0.874482366334075	0.834477963313025
BG_LTR_like_02339	Strict non-ONSEN TE background	Chr1	14007337	14007772	436	0.92333762544263	0.888137340873917	0.859164900656328
BG_LTR_like_02340	Strict non-ONSEN TE background	Chr1	14007782	14008008	227	0.814042863543617	0.786555560013566	0.750511744120369
BG_LTR_like_02341	Strict non-ONSEN TE background	Chr1	14044362	14045934	1573	0.997057323853935	0.983378897137539	0.85713853376014
BG_LTR_like_02342	Strict non-ONSEN TE background	Chr1	14059070	14060612	1543	0.947729284558774	0.928749084040614	0.843461508545455
BG_LTR_like_02343	Strict non-ONSEN TE background	Chr1	14060829	14061200	372	0.81587547299154	0.808083473984211	0.800355468426784
BG_LTR_like_02344	Strict non-ONSEN TE background	Chr1	14061488	14061769	282	0.898138073221796	0.88320711365756	0.855825034325681
BG_LTR_like_02345	Strict non-ONSEN TE background	Chr1	14062307	14063914	1608	0.904136570872775	0.889367116399942	0.867312146034342
BG_LTR_like_02346	Strict non-ONSEN TE background	Chr1	14097912	14098542	631	0.908452927585686	0.89643826370345	0.864051774723055
BG_LTR_like_02347	Strict non-ONSEN TE background	Chr1	14102480	14102760	281	0.877599931150928	0.852581110084743	0.79159017077043
BG_LTR_like_02348	Strict non-ONSEN TE background	Chr1	14107574	14108708	1135	0.87998285625761	0.85596530362813	0.836719746563348
BG_LTR_like_02349	Strict non-ONSEN TE background	Chr1	14113719	14114341	623	0.924379509392148	0.885307255446575	0.821152632697744
BG_LTR_like_02350	Strict non-ONSEN TE background	Chr1	14114771	14115220	450	0.869958237282281	0.857236023009346	0.805857075333624
BG_LTR_like_02351	Strict non-ONSEN TE background	Chr1	14116034	14116840	807	0.900566256541946	0.885196171931056	0.853548932438129
BG_LTR_like_02352	Strict non-ONSEN TE background	Chr1	14117385	14117657	273	0.882549816981468	0.839657561657994	0.797381360345336
BG_LTR_like_02353	Strict non-ONSEN TE background	Chr1	14117912	14118195	284	0.898138073221796	0.873314298677572	0.845311699662966
BG_LTR_like_02356	Strict non-ONSEN TE background	Chr1	14125085	14127032	1948	0.901548316704525	0.882747387765226	0.847447083699883
BG_LTR_like_02357	Strict non-ONSEN TE background	Chr1	14127035	14128352	1318	1	0.967310258891082	0.916644596667634
BG_LTR_like_02361	Strict non-ONSEN TE background	Chr1	14183785	14183995	211	0.826656558765997	0.801527224574745	0.726886466768795
BG_LTR_like_02364	Strict non-ONSEN TE background	Chr1	14207139	14208348	1210	0.914982098538431	0.898090670702328	0.858351294444476
BG_LTR_like_02365	Strict non-ONSEN TE background	Chr1	14211195	14212645	1451	0.947729284558774	0.926784139448327	0.900016940750467
BG_LTR_like_02366	Strict non-ONSEN TE background	Chr1	14235751	14236844	1094	0.934310940015733	0.920459246291977	0.899627914084423
BG_LTR_like_02367	Strict non-ONSEN TE background	Chr1	14237029	14237449	421	0.838615218074424	0.818066767506337	0.769530125815945
BG_LTR_like_02372	Strict non-ONSEN TE background	Chr1	14248338	14248936	599	0.934310940015733	0.90509307001806	0.859596234107564
BG_LTR_like_02373	Strict non-ONSEN TE background	Chr1	14257876	14259091	1216	0.901548316704525	0.872458075964263	0.839502831160357
BG_LTR_like_02374	Strict non-ONSEN TE background	Chr1	14259092	14261082	1991	1	0.954155048857951	0.878624365618975
BG_LTR_like_02375	Strict non-ONSEN TE background	Chr1	14261083	14261587	505	0.818637709486812	0.803522631820371	0.763093840912703
BG_LTR_like_02376	Strict non-ONSEN TE background	Chr1	14261588	14262179	592	0.882549816981468	0.864265744248756	0.804895018609468
BG_LTR_like_02377	Strict non-ONSEN TE background	Chr1	14267046	14268443	1398	0.950697160884448	0.930342542129405	0.850264821903187
BG_LTR_like_02378	Strict non-ONSEN TE background	Chr1	14280175	14281809	1635	0.957552433785568	0.924377640242264	0.884988435963252
BG_LTR_like_02397	Strict non-ONSEN TE background	Chr1	14309742	14310150	409	0.911771277108941	0.885678441952395	0.854100536039882
BG_LTR_like_02398	Strict non-ONSEN TE background	Chr1	14312044	14312448	405	0.862523178154676	0.8545182970686	0.835740798413275
BG_LTR_like_02399	Strict non-ONSEN TE background	Chr1	14328156	14329803	1648	1	0.940493956166197	0.858357775168133
BG_LTR_like_02400	Strict non-ONSEN TE background	Chr1	14331005	14332548	1544	0.923633119535993	0.916610776142405	0.844770496694612
BG_LTR_like_02401	Strict non-ONSEN TE background	Chr1	14340694	14341290	597	0.872556259205417	0.853807177838476	0.820392850479162
BG_LTR_like_02402	Strict non-ONSEN TE background	Chr1	14341291	14341670	380	0.920690443389928	0.913500767678181	0.895344417912624
BG_LTR_like_02405	Strict non-ONSEN TE background	Chr1	14345242	14346432	1191	0.898488402633137	0.880433006711563	0.841668498428112
BG_LTR_like_02406	Strict non-ONSEN TE background	Chr1	14346433	14346915	483	0.950697160884448	0.924319080707594	0.880350191730559
BG_LTR_like_02407	Strict non-ONSEN TE background	Chr1	14349677	14350162	486	0.947729284558774	0.904134859443552	0.845688938133992
BG_LTR_like_02408	Strict non-ONSEN TE background	Chr1	14350163	14350415	253	0.889607567092204	0.870803249982012	0.826378597232489
BG_LTR_like_02409	Strict non-ONSEN TE background	Chr1	14350416	14350625	210	0.864281106555386	0.846546565630137	0.820326329903481
BG_LTR_like_02410	Strict non-ONSEN TE background	Chr1	14350912	14352041	1130	0.925362625658487	0.916071165513424	0.883655687766854
BG_LTR_like_02411	Strict non-ONSEN TE background	Chr1	14352606	14353475	870	0.961845487057053	0.896235776040348	0.848749210713806
BG_LTR_like_02412	Strict non-ONSEN TE background	Chr1	14353180	14353977	798	0.891012472215465	0.879087427926871	0.86279876092475
BG_LTR_like_02413	Strict non-ONSEN TE background	Chr1	14353978	14354438	461	0.850350052769299	0.834890181775888	0.769916335037668
BG_LTR_like_02414	Strict non-ONSEN TE background	Chr1	14354919	14355403	485	0.950697160884448	0.925077307267338	0.85561656280751
BG_LTR_like_02415	Strict non-ONSEN TE background	Chr1	14355404	14355644	241	0.889607567092204	0.870803249982012	0.818839112193356
BG_LTR_like_02416	Strict non-ONSEN TE background	Chr1	14355645	14356801	1157	0.923633119535993	0.909029661232543	0.840452427699808
BG_LTR_like_02417	Strict non-ONSEN TE background	Chr1	14356802	14357624	823	0.920690443389928	0.904543890321311	0.85817924288877
BG_LTR_like_02418	Strict non-ONSEN TE background	Chr1	14357678	14358254	577	0.860172025611857	0.850783867770405	0.824928883053432
BG_LTR_like_02419	Strict non-ONSEN TE background	Chr1	14359721	14360155	435	0.96438510493288	0.935920418559626	0.861845553336385
BG_LTR_like_02420	Strict non-ONSEN TE background	Chr1	14362050	14362267	218	0.892351665316562	0.854116204340219	0.778938874668279
BG_LTR_like_02421	Strict non-ONSEN TE background	Chr1	14364204	14365893	1690	0.923633119535993	0.909029661232543	0.853702361140472
BG_LTR_like_02422	Strict non-ONSEN TE background	Chr1	14365895	14366400	506	0.872556259205417	0.862385742454934	0.839564864993338
BG_LTR_like_02425	Strict non-ONSEN TE background	Chr1	14375398	14375766	369	0.894990544126474	0.861431654858703	0.778515839167529
BG_LTR_like_02426	Strict non-ONSEN TE background	Chr1	14375773	14377214	1442	1	0.948432495562346	0.869921952253759
BG_LTR_like_02427	Strict non-ONSEN TE background	Chr1	14379492	14381177	1686	0.923633119535993	0.909550998316484	0.861771899023173
BG_LTR_like_02428	Strict non-ONSEN TE background	Chr1	14381663	14383424	1762	0.961845487057053	0.939162012452219	0.918037730363448
BG_LTR_like_02429	Strict non-ONSEN TE background	Chr1	14383425	14383837	413	0.889299677309481	0.873130301747133	0.787697839923436
BG_LTR_like_02430	Strict non-ONSEN TE background	Chr1	14383838	14384611	774	0.923633119535993	0.904542804248332	0.820392850479162
BG_LTR_like_02431	Strict non-ONSEN TE background	Chr1	14384612	14384991	380	0.920690443389928	0.913500767678181	0.895344417912624
BG_LTR_like_02432	Strict non-ONSEN TE background	Chr1	14390895	14392085	1191	0.898488402633137	0.880433006711563	0.841668498428112
BG_LTR_like_02433	Strict non-ONSEN TE background	Chr1	14392086	14392568	483	0.950697160884448	0.924319080707594	0.880350191730559
BG_LTR_like_02434	Strict non-ONSEN TE background	Chr1	14395330	14395815	486	0.947729284558774	0.904134859443552	0.845688938133992
BG_LTR_like_02435	Strict non-ONSEN TE background	Chr1	14395816	14396068	253	0.889607567092204	0.870803249982012	0.826378597232489
BG_LTR_like_02436	Strict non-ONSEN TE background	Chr1	14396069	14396278	210	0.864281106555386	0.846546565630137	0.820326329903481
BG_LTR_like_02437	Strict non-ONSEN TE background	Chr1	14396565	14397694	1130	0.925362625658487	0.916071165513424	0.883655687766854
BG_LTR_like_02438	Strict non-ONSEN TE background	Chr1	14398259	14399128	870	0.961845487057053	0.896235776040348	0.848749210713806
BG_LTR_like_02439	Strict non-ONSEN TE background	Chr1	14398833	14399630	798	0.891012472215465	0.879087427926871	0.86279876092475
BG_LTR_like_02440	Strict non-ONSEN TE background	Chr1	14399631	14400091	461	0.850350052769299	0.834890181775888	0.769916335037668
BG_LTR_like_02441	Strict non-ONSEN TE background	Chr1	14400572	14401056	485	0.950697160884448	0.925077307267338	0.85561656280751
BG_LTR_like_02442	Strict non-ONSEN TE background	Chr1	14401057	14401297	241	0.889607567092204	0.870803249982012	0.818839112193356
BG_LTR_like_02443	Strict non-ONSEN TE background	Chr1	14401298	14402454	1157	0.923633119535993	0.909029661232543	0.840452427699808
BG_LTR_like_02444	Strict non-ONSEN TE background	Chr1	14402455	14403277	823	0.920690443389928	0.904543890321311	0.85817924288877
BG_LTR_like_02445	Strict non-ONSEN TE background	Chr1	14403331	14403907	577	0.860172025611857	0.850783867770405	0.824928883053432
BG_LTR_like_02446	Strict non-ONSEN TE background	Chr1	14405374	14405808	435	0.96438510493288	0.935920418559626	0.861845553336385
BG_LTR_like_02447	Strict non-ONSEN TE background	Chr1	14407703	14407920	218	0.892351665316562	0.854116204340219	0.778938874668279
BG_LTR_like_02448	Strict non-ONSEN TE background	Chr1	14409857	14411546	1690	0.923633119535993	0.909029661232543	0.853702361140472
BG_LTR_like_02449	Strict non-ONSEN TE background	Chr1	14411548	14412053	506	0.872556259205417	0.862385742454934	0.839564864993338
BG_LTR_like_02452	Strict non-ONSEN TE background	Chr1	14421051	14421419	369	0.894990544126474	0.861431654858703	0.778515839167529
BG_LTR_like_02453	Strict non-ONSEN TE background	Chr1	14421426	14422867	1442	1	0.948432495562346	0.869921952253759
BG_LTR_like_02454	Strict non-ONSEN TE background	Chr1	14425145	14426830	1686	0.923633119535993	0.909550998316484	0.861771899023173
BG_LTR_like_02455	Strict non-ONSEN TE background	Chr1	14427318	14427921	604	0.961845487057053	0.907804328698244	0.868481063538255
BG_LTR_like_02456	Strict non-ONSEN TE background	Chr1	14429068	14430800	1733	0.923633119535993	0.9137189503146	0.858486659400919
BG_LTR_like_02459	Strict non-ONSEN TE background	Chr1	14451471	14451891	421	0.920690443389928	0.913500767678181	0.895344417912624
BG_LTR_like_02460	Strict non-ONSEN TE background	Chr1	14457778	14459459	1682	0.950697160884448	0.927694647988616	0.89028058743262
BG_LTR_like_02463	Strict non-ONSEN TE background	Chr1	14462782	14463254	473	0.869958237282281	0.820375120863632	0.800611351346931
BG_LTR_like_02464	Strict non-ONSEN TE background	Chr1	14464210	14465550	1341	0.911771277108941	0.882094176586939	0.831353750236721
BG_LTR_like_02465	Strict non-ONSEN TE background	Chr1	14466175	14466419	245	0.889607567092204	0.870803249982012	0.821375969652871
BG_LTR_like_02466	Strict non-ONSEN TE background	Chr1	14466420	14467530	1111	0.923633119535993	0.908775548844707	0.829397713654579
BG_LTR_like_02467	Strict non-ONSEN TE background	Chr1	14467538	14468313	776	0.920690443389928	0.904543890321311	0.85817924288877
BG_LTR_like_02468	Strict non-ONSEN TE background	Chr1	14468418	14468752	335	0.831259053900216	0.821129142350041	0.800244656155064
BG_LTR_like_02469	Strict non-ONSEN TE background	Chr1	14470211	14470653	443	0.963392514562758	0.94144190230034	0.900558030986475
BG_LTR_like_02470	Strict non-ONSEN TE background	Chr1	14474712	14476323	1612	0.920690443389928	0.908577833474744	0.864516271101229
BG_LTR_like_02471	Strict non-ONSEN TE background	Chr1	14476325	14476830	506	0.872556259205417	0.846401779520847	0.7989352007057
BG_LTR_like_02472	Strict non-ONSEN TE background	Chr1	14478733	14478943	211	0.814509168739083	0.785730758135596	0.758594164576081
BG_LTR_like_02473	Strict non-ONSEN TE background	Chr1	14478944	14480394	1451	1	0.948432495562346	0.869921952253759
BG_LTR_like_02474	Strict non-ONSEN TE background	Chr1	14482199	14483890	1692	0.923633119535993	0.909550998316484	0.861771899023173
BG_LTR_like_02475	Strict non-ONSEN TE background	Chr1	14484872	14486672	1801	0.908452927585686	0.900914592742456	0.873501032175474
BG_LTR_like_02478	Strict non-ONSEN TE background	Chr1	14488373	14489795	1423	0.906780813378805	0.89174174169743	0.866000842675241
BG_LTR_like_02479	Strict non-ONSEN TE background	Chr1	14489797	14491652	1856	0.997057323853935	0.975648771573261	0.827418061108332
BG_LTR_like_02480	Strict non-ONSEN TE background	Chr1	14491671	14492096	426	0.914982098538431	0.879899579515484	0.832510819298672
BG_LTR_like_02481	Strict non-ONSEN TE background	Chr1	14492883	14493182	300	0.850780343622545	0.845383851311085	0.809395426099329
BG_LTR_like_02482	Strict non-ONSEN TE background	Chr1	14493183	14493851	669	0.889299677309481	0.874901921507998	0.852312816438993
BG_LTR_like_02483	Strict non-ONSEN TE background	Chr1	14499173	14499493	321	0.883921890485864	0.861781769814905	0.812106912201666
BG_LTR_like_02484	Strict non-ONSEN TE background	Chr1	14503024	14504548	1525	0.877599931150928	0.862541451641834	0.834502119113579
BG_LTR_like_02485	Strict non-ONSEN TE background	Chr1	14587449	14588322	874	0.892351665316562	0.857784773455092	0.785770992495308
BG_LTR_like_02486	Strict non-ONSEN TE background	Chr1	14588474	14590167	1694	0.933056138146851	0.913064288854292	0.893893316186758
BG_LTR_like_02489	Strict non-ONSEN TE background	Chr1	14661763	14662282	520	0.879892100731311	0.864139257853603	0.780312561349367
BG_LTR_like_02494	Strict non-ONSEN TE background	Chr1	14717296	14717602	307	0.879892100731311	0.859082081559668	0.777046178960715
BG_LTR_like_02495	Strict non-ONSEN TE background	Chr1	14717603	14717861	259	0.844034252972914	0.806988444996794	0.775504586618739
BG_LTR_like_02496	Strict non-ONSEN TE background	Chr1	14746646	14747211	566	0.879892100731311	0.864139257853603	0.782291006941074
BG_LTR_like_02499	Strict non-ONSEN TE background	Chr1	14816079	14816620	542	0.892242353455546	0.887406755695155	0.844515431538248
BG_LTR_like_02502	Strict non-ONSEN TE background	Chr1	14825788	14827235	1448	0.923633119535993	0.909029661232543	0.846980528488555
BG_LTR_like_02503	Strict non-ONSEN TE background	Chr1	14847385	14847791	407	0.891777580000453	0.870514628262767	0.852076418406631
BG_LTR_like_02507	Strict non-ONSEN TE background	Chr1	14864082	14865438	1357	0.997057323853935	0.979207510580339	0.89468155273439
BG_LTR_like_02510	Strict non-ONSEN TE background	Chr1	14875009	14875415	407	0.891777580000453	0.870514628262767	0.852076418406631
BG_LTR_like_02511	Strict non-ONSEN TE background	Chr1	14910879	14912856	1978	0.923633119535993	0.910336190919799	0.862561296734546
BG_LTR_like_02514	Strict non-ONSEN TE background	Chr1	15060127	15061270	1144	0.923633119535993	0.908540010904316	0.866253593417814
BG_LTR_like_02515	Strict non-ONSEN TE background	Chr1	15074170	15076081	1912	1	0.979783419413109	0.938956983917165
BG_LTR_like_02516	Strict non-ONSEN TE background	Chr1	15078267	15078560	294	0.882549816981468	0.860554980580572	0.840542901944975
BG_LTR_like_02517	Strict non-ONSEN TE background	Chr1	15078561	15078779	219	0.835110193912965	0.815119355545022	0.764531563680003
BG_LTR_like_02520	Strict non-ONSEN TE background	Chr1	15312019	15313134	1116	1	0.953718201470868	0.882244480698598
BG_LTR_like_02523	Strict non-ONSEN TE background	Chr1	15410104	15411044	941	1	0.943687995132903	0.865520162382425
BG_LTR_like_02526	Strict non-ONSEN TE background	Chr1	15419175	15420289	1115	1	0.941149392577946	0.856439780085655
BG_LTR_like_02527	Strict non-ONSEN TE background	Chr1	15422080	15423710	1631	0.920690443389928	0.912972039579112	0.853530961034806
BG_LTR_like_02528	Strict non-ONSEN TE background	Chr1	15424983	15426176	1194	0.947729284558774	0.931174468987803	0.903853107795996
BG_LTR_like_02529	Strict non-ONSEN TE background	Chr1	15426177	15427796	1620	0.887059753066785	0.878026016581303	0.862385682774717
BG_LTR_like_02530	Strict non-ONSEN TE background	Chr1	15428470	15429555	1086	0.997057323853935	0.978730598383572	0.8902152633119
BG_LTR_like_02531	Strict non-ONSEN TE background	Chr1	15431702	15433006	1305	0.914982098538431	0.900651626274157	0.841631592825516
BG_LTR_like_02532	Strict non-ONSEN TE background	Chr1	15448969	15450627	1659	0.901548316704525	0.878884257470186	0.86265935625738
BG_LTR_like_02535	Strict non-ONSEN TE background	Chr1	15499763	15500387	625	0.925362625658487	0.897750857567637	0.856467312135018
BG_LTR_like_02536	Strict non-ONSEN TE background	Chr1	15524078	15525003	926	0.892242353455546	0.872145564747197	0.855517398608109
BG_LTR_like_02539	Strict non-ONSEN TE background	Chr1	15533900	15534153	254	0.881000984629239	0.823995999458011	0.785499058160951
BG_LTR_like_02540	Strict non-ONSEN TE background	Chr1	15534156	15535457	1302	0.94429483225512	0.908772159704157	0.858181888190459
BG_LTR_like_02541	Strict non-ONSEN TE background	Chr1	15535484	15536104	621	0.851449563322882	0.836888982931365	0.829869684334582
BG_LTR_like_02542	Strict non-ONSEN TE background	Chr1	15546210	15546471	262	0.837856951599254	0.786267565165417	0.750888752150166
BG_LTR_like_02543	Strict non-ONSEN TE background	Chr1	15554230	15554880	651	0.912262135174299	0.889563535514432	0.866043553499342
BG_LTR_like_02544	Strict non-ONSEN TE background	Chr1	15554881	15555163	283	0.85432899854164	0.833017589673688	0.805264361407116
BG_LTR_like_02545	Strict non-ONSEN TE background	Chr1	15559747	15560396	650	0.912262135174299	0.889563535514432	0.866043553499342
BG_LTR_like_02546	Strict non-ONSEN TE background	Chr1	15560397	15560684	288	0.823846346326822	0.814104656296745	0.791298152358138
BG_LTR_like_02549	Strict non-ONSEN TE background	Chr1	15569185	15569643	459	0.803637957187297	0.795628859246036	0.773824931424715
BG_LTR_like_02550	Strict non-ONSEN TE background	Chr1	15581790	15582052	263	0.844994242815353	0.813627914598229	0.765530681594992
BG_LTR_like_02551	Strict non-ONSEN TE background	Chr1	15585148	15586797	1650	0.999007409629877	0.960734836971016	0.932204792888556
BG_LTR_like_02552	Strict non-ONSEN TE background	Chr1	15588988	15590261	1274	0.997057323853935	0.973765851393092	0.896659999170124
BG_LTR_like_02553	Strict non-ONSEN TE background	Chr1	15594102	15594925	824	0.999007409629877	0.960734836971016	0.932204792888556
BG_LTR_like_02556	Strict non-ONSEN TE background	Chr1	15596131	15596723	593	0.900566256541946	0.873016634735057	0.830805769912483
BG_LTR_like_02557	Strict non-ONSEN TE background	Chr1	15602069	15602279	211	0.891763888474019	0.877581303910959	0.803473592123941
BG_LTR_like_02558	Strict non-ONSEN TE background	Chr1	15609257	15609514	258	0.914982098538431	0.872195076878695	0.77822182987442
BG_LTR_like_02559	Strict non-ONSEN TE background	Chr1	15616246	15618055	1810	0.923633119535993	0.906541515803542	0.85195175037563
BG_LTR_like_02560	Strict non-ONSEN TE background	Chr1	15624481	15625637	1157	0.927521006042183	0.892689063659581	0.862312541491691
BG_LTR_like_02561	Strict non-ONSEN TE background	Chr1	15639889	15641103	1215	1	0.995345669961	0.893001597349331
BG_LTR_like_02565	Strict non-ONSEN TE background	Chr1	15643951	15645170	1220	0.908452927585686	0.899503339320965	0.872640949455144
BG_LTR_like_02566	Strict non-ONSEN TE background	Chr1	15646121	15647086	966	0.99890885660401	0.991650181701227	0.952485635938369
BG_LTR_like_02567	Strict non-ONSEN TE background	Chr1	15647089	15647288	200	0.92333762544263	0.870932236942073	0.829159477504572
BG_LTR_like_02568	Strict non-ONSEN TE background	Chr1	15647289	15649158	1870	0.997057323853935	0.994168599502574	0.872627117575848
BG_LTR_like_02569	Strict non-ONSEN TE background	Chr1	15654343	15656208	1866	0.923633119535993	0.896344488797649	0.84910620939149
BG_LTR_like_02570	Strict non-ONSEN TE background	Chr1	15697906	15698423	518	0.920690443389928	0.895489459718944	0.834523107107638
BG_LTR_like_02573	Strict non-ONSEN TE background	Chr1	15699976	15701631	1656	0.957552433785568	0.921542039164362	0.858357775168133
BG_LTR_like_02574	Strict non-ONSEN TE background	Chr1	15701730	15702009	280	0.911395603731751	0.890273410946216	0.836336466507337
BG_LTR_like_02577	Strict non-ONSEN TE background	Chr1	15719723	15720075	353	0.999007409629877	0.960734836971016	0.932204792888556
BG_LTR_like_02578	Strict non-ONSEN TE background	Chr1	15727768	15729042	1275	0.889299677309481	0.875035912556507	0.854523608805316
BG_LTR_like_02581	Strict non-ONSEN TE background	Chr1	15760244	15761056	813	0.973150048127511	0.941645287349467	0.913912991535446
BG_LTR_like_02582	Strict non-ONSEN TE background	Chr1	15771087	15772102	1016	0.911395603731751	0.903742706481371	0.857554919054493
BG_LTR_like_02583	Strict non-ONSEN TE background	Chr1	15784488	15786430	1943	0.892242353455546	0.881284080707705	0.798964133663933
BG_LTR_like_02584	Strict non-ONSEN TE background	Chr1	15790137	15791906	1770	0.923633119535993	0.906541515803542	0.867026009222811
BG_LTR_like_02585	Strict non-ONSEN TE background	Chr1	15807870	15808308	439	0.892242353455546	0.876391066710745	0.810795343518943
BG_LTR_like_02586	Strict non-ONSEN TE background	Chr1	15810042	15811238	1197	0.908452927585686	0.898067045865806	0.827289639507052
BG_LTR_like_02587	Strict non-ONSEN TE background	Chr1	15813316	15814443	1128	0.889299677309481	0.878947854292677	0.851988202811071
BG_LTR_like_02588	Strict non-ONSEN TE background	Chr1	15816973	15818102	1130	0.914982098538431	0.899458060508501	0.842125691996779
BG_LTR_like_02589	Strict non-ONSEN TE background	Chr1	15819546	15821124	1579	0.908452927585686	0.898222210360876	0.868020400648393
BG_LTR_like_02590	Strict non-ONSEN TE background	Chr1	15826667	15827286	620	0.925362625658487	0.897750857567637	0.865197604962256
BG_LTR_like_02593	Strict non-ONSEN TE background	Chr1	15838879	15839498	620	0.925362625658487	0.897750857567637	0.865197604962256
BG_LTR_like_02594	Strict non-ONSEN TE background	Chr1	15851017	15851382	366	0.882549816981468	0.856963238205728	0.770977964470423
BG_LTR_like_02595	Strict non-ONSEN TE background	Chr1	15852916	15854122	1207	0.892242353455546	0.887782080634182	0.84964403941835
BG_LTR_like_02596	Strict non-ONSEN TE background	Chr1	15987260	15988791	1532	0.908452927585686	0.902433282055203	0.86284944708248
BG_LTR_like_02597	Strict non-ONSEN TE background	Chr1	15994988	15995188	201	0.889299677309481	0.870444728184869	0.797644719562825
BG_LTR_like_02598	Strict non-ONSEN TE background	Chr1	16005561	16005839	279	0.868060168910426	0.844240676315445	0.796295226081589
BG_LTR_like_02599	Strict non-ONSEN TE background	Chr1	16038519	16038907	389	0.892351665316562	0.882007352606096	0.816558157636935
BG_LTR_like_02602	Strict non-ONSEN TE background	Chr1	16054521	16055754	1234	1	0.984504778496316	0.877275652464511
BG_LTR_like_02605	Strict non-ONSEN TE background	Chr1	16078727	16079631	905	0.920690443389928	0.903996358240513	0.857995090806479
BG_LTR_like_02606	Strict non-ONSEN TE background	Chr1	16079632	16080531	900	0.908452927585686	0.902748737263289	0.861941327583259
BG_LTR_like_02607	Strict non-ONSEN TE background	Chr1	16089102	16089995	894	0.826377702270182	0.819206829707491	0.75769973404806
BG_LTR_like_02608	Strict non-ONSEN TE background	Chr1	16089996	16090523	528	0.925362625658487	0.912033929491038	0.865721254492425
BG_LTR_like_02611	Strict non-ONSEN TE background	Chr1	16093189	16093881	693	0.882549816981468	0.864746515782816	0.840651424933984
BG_LTR_like_02612	Strict non-ONSEN TE background	Chr1	16097901	16099192	1292	0.892242353455546	0.873861421546454	0.827376802500539
BG_LTR_like_02613	Strict non-ONSEN TE background	Chr1	16099421	16099668	248	0.854876855721713	0.829375495011499	0.789922840154096
BG_LTR_like_02616	Strict non-ONSEN TE background	Chr1	16104843	16105379	537	0.850972604722257	0.845327496334744	0.830194244514737
BG_LTR_like_02617	Strict non-ONSEN TE background	Chr1	16105380	16106224	845	0.997057323853935	0.973558995897563	0.854408264321012
BG_LTR_like_02618	Strict non-ONSEN TE background	Chr1	16109972	16110287	316	0.935303530385856	0.913472480166962	0.882587450813742
BG_LTR_like_02619	Strict non-ONSEN TE background	Chr1	16110311	16110655	345	0.882549816981468	0.863435460899973	0.82984667573149
BG_LTR_like_02620	Strict non-ONSEN TE background	Chr1	16110656	16112323	1668	0.920690443389928	0.913919260487472	0.869528157541069
BG_LTR_like_02621	Strict non-ONSEN TE background	Chr1	16112356	16113422	1067	0.904136570872775	0.885106233153197	0.848367760892491
BG_LTR_like_02622	Strict non-ONSEN TE background	Chr1	16113423	16114784	1362	0.908452927585686	0.902748737263289	0.871772552453613
BG_LTR_like_02623	Strict non-ONSEN TE background	Chr1	16122860	16124077	1218	0.908452927585686	0.893904859582615	0.854101490738846
BG_LTR_like_02624	Strict non-ONSEN TE background	Chr1	16176732	16177990	1259	0.925362625658487	0.899127197100519	0.833547201356117
BG_LTR_like_02625	Strict non-ONSEN TE background	Chr1	16177991	16178223	233	0.863342624406677	0.808397098207459	0.777534670618959
BG_LTR_like_02626	Strict non-ONSEN TE background	Chr1	16193922	16194406	485	0.947729284558774	0.938570990946065	0.902347441254615
BG_LTR_like_02627	Strict non-ONSEN TE background	Chr1	16194407	16194665	259	0.889607567092204	0.870803249982012	0.821375969652871
BG_LTR_like_02632	Strict non-ONSEN TE background	Chr1	16279383	16279742	360	0.83763653532973	0.824747780802815	0.804137745810099
BG_LTR_like_02633	Strict non-ONSEN TE background	Chr1	16348076	16348538	463	0.925362625658487	0.896848870350574	0.794311894159768
BG_LTR_like_02634	Strict non-ONSEN TE background	Chr1	16377780	16378958	1179	0.877148587339202	0.867197327913705	0.827867270799372
BG_LTR_like_02635	Strict non-ONSEN TE background	Chr1	16393998	16394353	356	0.911771277108941	0.899749151608109	0.881682133844109
BG_LTR_like_02636	Strict non-ONSEN TE background	Chr1	16396140	16396969	830	0.920690443389928	0.90741494904986	0.868428065436769
BG_LTR_like_02637	Strict non-ONSEN TE background	Chr1	16403603	16403859	257	0.882549816981468	0.856918033321824	0.797438386423533
BG_LTR_like_02640	Strict non-ONSEN TE background	Chr1	16406732	16407941	1210	0.882834776877376	0.877027614793624	0.816623863990943
BG_LTR_like_02698	Strict non-ONSEN TE background	Chr1	16438988	16439188	201	0.911395603731751	0.888785777490442	0.848934429119252
BG_LTR_like_02699	Strict non-ONSEN TE background	Chr1	16462601	16463520	920	0.925362625658487	0.91518281937656	0.838682881778583
BG_LTR_like_02704	Strict non-ONSEN TE background	Chr1	16501577	16502669	1093	0.906780813378805	0.88129347668613	0.850516482368261
BG_LTR_like_02705	Strict non-ONSEN TE background	Chr1	16504654	16505537	884	0.892242353455546	0.877863074349332	0.839454728223484
BG_LTR_like_02706	Strict non-ONSEN TE background	Chr1	16505600	16506274	675	0.864044713615116	0.834688369428079	0.810319791136388
BG_LTR_like_02712	Strict non-ONSEN TE background	Chr1	16531300	16531668	369	0.831603743573835	0.811594027613442	0.786738780491873
BG_LTR_like_02713	Strict non-ONSEN TE background	Chr1	16531789	16533312	1524	0.877148587339202	0.864596547070305	0.84612045644395
BG_LTR_like_02714	Strict non-ONSEN TE background	Chr1	16637837	16638048	212	0.823784877344961	0.811342305649408	0.786421509382713
BG_LTR_like_02715	Strict non-ONSEN TE background	Chr1	16638816	16639056	241	0.849113283558623	0.828229422493745	0.789986317746827
BG_LTR_like_02716	Strict non-ONSEN TE background	Chr1	16639094	16640684	1591	0.915456795435762	0.897305844048964	0.876790978382108
BG_LTR_like_02717	Strict non-ONSEN TE background	Chr1	16640767	16641070	304	0.840015081415144	0.813476558351406	0.786915046476602
BG_LTR_like_02718	Strict non-ONSEN TE background	Chr1	16641356	16641748	393	0.947729284558774	0.901448203604758	0.813511799547072
BG_LTR_like_02719	Strict non-ONSEN TE background	Chr1	16667243	16667899	657	0.882549816981468	0.876335611055522	0.85490955781521
BG_LTR_like_02720	Strict non-ONSEN TE background	Chr1	16674908	16675422	515	0.957552433785568	0.943015464596711	0.907805600329923
BG_LTR_like_02721	Strict non-ONSEN TE background	Chr1	16705072	16705371	300	0.830147883183548	0.813809013197901	0.757694310152737
BG_LTR_like_02722	Strict non-ONSEN TE background	Chr1	16754573	16755211	639	0.997057323853935	0.983378897137539	0.938816912538514
BG_LTR_like_02723	Strict non-ONSEN TE background	Chr1	16759463	16759933	471	0.843685671870571	0.806236022818134	0.754915171765085
BG_LTR_like_02726	Strict non-ONSEN TE background	Chr1	16867762	16868961	1200	0.908452927585686	0.892154694453191	0.862039976612798
BG_LTR_like_02727	Strict non-ONSEN TE background	Chr1	16885823	16887029	1207	0.957552433785568	0.900904307461438	0.821309244779448
BG_LTR_like_02728	Strict non-ONSEN TE background	Chr1	16985002	16985852	851	0.894809855189866	0.890800923641175	0.86559505761859
BG_LTR_like_02739	Strict non-ONSEN TE background	Chr1	17105491	17106207	717	0.925362625658487	0.903222742270007	0.869745232125883
BG_LTR_like_02740	Strict non-ONSEN TE background	Chr1	17107026	17107371	346	0.78840537280761	0.773424931202522	0.7505018715115
BG_LTR_like_02780	Strict non-ONSEN TE background	Chr1	17428422	17428744	323	0.872679811912855	0.84608790269283	0.808700695151543
BG_LTR_like_02781	Strict non-ONSEN TE background	Chr1	17430051	17430283	233	0.864941385721441	0.819093250372484	0.769760809224917
BG_LTR_like_02787	Strict non-ONSEN TE background	Chr1	17574110	17574664	555	0.915952518386825	0.895507999152679	0.854179740298457
BG_LTR_like_02788	Strict non-ONSEN TE background	Chr1	17593455	17593712	258	0.809972642664904	0.802764447432919	0.78062988153312
BG_LTR_like_02789	Strict non-ONSEN TE background	Chr1	17624596	17624811	216	0.957552433785568	0.876397840830576	0.828595772035845
BG_LTR_like_02790	Strict non-ONSEN TE background	Chr1	17640404	17640631	228	0.874714283560792	0.829191776917059	0.741463998753074
BG_LTR_like_02791	Strict non-ONSEN TE background	Chr1	17690748	17691210	463	0.957552433785568	0.92762960564208	0.911343825654974
BG_LTR_like_02795	Strict non-ONSEN TE background	Chr1	17838741	17838942	202	0.837109628874873	0.804684481797143	0.781359967591527
BG_LTR_like_02828	Strict non-ONSEN TE background	Chr1	18053195	18054218	1024	0.925362625658487	0.898787377645389	0.828662738754907
BG_LTR_like_02843	Strict non-ONSEN TE background	Chr1	18068250	18068477	228	0.87998285625761	0.868668037851897	0.827162561149181
BG_LTR_like_02846	Strict non-ONSEN TE background	Chr1	18083499	18083785	287	0.799276902716897	0.779584958937322	0.726811919607368
BG_LTR_like_02847	Strict non-ONSEN TE background	Chr1	18083790	18084144	355	0.923633119535993	0.865441568039039	0.815928793177975
BG_LTR_like_02848	Strict non-ONSEN TE background	Chr1	18308583	18308791	209	0.851869595576171	0.820010420525762	0.7681047265387
BG_LTR_like_02849	Strict non-ONSEN TE background	Chr1	18318076	18318453	378	0.815725240307594	0.802509822498555	0.782961748250484
BG_LTR_like_02870	Strict non-ONSEN TE background	Chr1	18643654	18644174	521	0.950697160884448	0.909754967328136	0.855884118706498
BG_LTR_like_02874	Strict non-ONSEN TE background	Chr1	18759736	18760025	290	0.825374198915706	0.799627277563409	0.745013027328271
BG_LTR_like_02875	Strict non-ONSEN TE background	Chr1	18794648	18794903	256	0.843073085586197	0.826027078193991	0.781786941796743
BG_LTR_like_02876	Strict non-ONSEN TE background	Chr1	18806508	18807394	887	1	0.960831716813499	0.91558691955874
BG_LTR_like_02879	Strict non-ONSEN TE background	Chr1	18971500	18972199	700	0.997057323853935	0.969728345842322	0.871574046370568
BG_LTR_like_02883	Strict non-ONSEN TE background	Chr1	18994617	18995469	853	1	0.953718201470868	0.894274904380667
BG_LTR_like_02901	Strict non-ONSEN TE background	Chr1	19156173	19156474	302	0.808636273195435	0.796823520892094	0.762536664631631
BG_LTR_like_02902	Strict non-ONSEN TE background	Chr1	19161780	19162251	472	0.882549816981468	0.860182300423014	0.774900443624423
BG_LTR_like_02929	Strict non-ONSEN TE background	Chr1	19463588	19463886	299	0.839368344483328	0.802314391645005	0.724632652099233
BG_LTR_like_02937	Strict non-ONSEN TE background	Chr1	19593688	19593888	201	0.859124888290525	0.833337963885912	0.809716751312621
BG_LTR_like_03130	Strict non-ONSEN TE background	Chr1	20334147	20334801	655	0.828739919370724	0.822183689459838	0.809488089183328
BG_LTR_like_03131	Strict non-ONSEN TE background	Chr1	20368968	20369264	297	0.833052544686943	0.820720790631052	0.782452128081368
BG_LTR_like_03153	Strict non-ONSEN TE background	Chr1	20422943	20423145	203	0.849300665873227	0.828460298508896	0.807881219427876
BG_LTR_like_03154	Strict non-ONSEN TE background	Chr1	20423239	20423739	501	0.850811511777611	0.817823839125476	0.774659184705953
BG_LTR_like_03155	Strict non-ONSEN TE background	Chr1	20430096	20430351	256	0.889299677309481	0.874149514049456	0.822606887514027
BG_LTR_like_03182	Strict non-ONSEN TE background	Chr1	20470029	20470247	219	0.947729284558774	0.889820880285545	0.77011891769038
BG_LTR_like_03190	Strict non-ONSEN TE background	Chr1	20486942	20487229	288	0.952825808887258	0.887591712289953	0.846764780325052
BG_LTR_like_03191	Strict non-ONSEN TE background	Chr1	20553838	20554065	228	0.812946842669819	0.776074601432623	0.739179008211811
BG_LTR_like_03276	Strict non-ONSEN TE background	Chr1	21066231	21066452	222	0.845395993792551	0.817258809473261	0.747319347300582
BG_LTR_like_03289	Strict non-ONSEN TE background	Chr1	21249287	21249650	364	0.850811511777611	0.834677984951975	0.811300872307509
BG_LTR_like_03290	Strict non-ONSEN TE background	Chr1	21309950	21310162	213	0.859124888290525	0.805928729131385	0.747367470711973
BG_LTR_like_03293	Strict non-ONSEN TE background	Chr1	21476036	21477001	966	0.87998285625761	0.876448104846736	0.854355728333768
BG_LTR_like_03294	Strict non-ONSEN TE background	Chr1	21582696	21583070	375	0.862124202149349	0.853633563093269	0.826428925155388
BG_LTR_like_03319	Strict non-ONSEN TE background	Chr1	21872791	21873779	989	1	0.946324190479179	0.91616950488149
BG_LTR_like_03345	Strict non-ONSEN TE background	Chr1	22551319	22551552	234	0.845453417809455	0.822128196844427	0.795630088444928
BG_LTR_like_03362	Strict non-ONSEN TE background	Chr1	22944587	22945241	655	0.873149185442374	0.824777200300729	0.775772360278386
BG_LTR_like_03389	Strict non-ONSEN TE background	Chr1	23139968	23140187	220	0.894357236270867	0.848817874588888	0.80373306739582
BG_LTR_like_03390	Strict non-ONSEN TE background	Chr1	23151232	23151456	225	0.883141577240398	0.82207121712167	0.794924155410949
BG_LTR_like_03448	Strict non-ONSEN TE background	Chr1	23574834	23575066	233	0.776177946282451	0.758529192537399	0.724725263841325
BG_LTR_like_03451	Strict non-ONSEN TE background	Chr1	23689044	23689427	384	0.799429194300957	0.797116231265827	0.78725726312935
BG_LTR_like_03501	Strict non-ONSEN TE background	Chr1	24119129	24119434	306	0.869821840382275	0.838823928285327	0.791779540506293
BG_LTR_like_03511	Strict non-ONSEN TE background	Chr1	24275019	24275588	570	0.904136570872775	0.883604879143947	0.859647230490699
BG_LTR_like_03512	Strict non-ONSEN TE background	Chr1	24366631	24366851	221	0.892242353455546	0.862020296823123	0.783925361522866
BG_LTR_like_03513	Strict non-ONSEN TE background	Chr1	24428900	24429318	419	0.908452927585686	0.896459734887795	0.876826474300885
BG_LTR_like_03538	Strict non-ONSEN TE background	Chr1	24742876	24743082	207	0.882549816981468	0.833831154101853	0.778374518517756
BG_LTR_like_03583	Strict non-ONSEN TE background	Chr1	24958431	24958632	202	0.892242353455546	0.834710824248354	0.771396036151517
BG_LTR_like_03600	Strict non-ONSEN TE background	Chr1	25254342	25254587	246	0.800959219704036	0.778658340852802	0.766555755696181
BG_LTR_like_03662	Strict non-ONSEN TE background	Chr1	25723790	25724229	440	0.883650061500741	0.847061051675786	0.795505256352192
BG_LTR_like_03728	Strict non-ONSEN TE background	Chr1	26453454	26453679	226	0.907135539680965	0.85799781697809	0.799671654492922
BG_LTR_like_03729	Strict non-ONSEN TE background	Chr1	26465319	26465670	352	0.925362625658487	0.899505483017318	0.830032608331111
BG_LTR_like_03786	Strict non-ONSEN TE background	Chr1	26896379	26896629	251	0.839440101258631	0.827349242260129	0.810006315997613
BG_LTR_like_03865	Strict non-ONSEN TE background	Chr1	27666330	27666561	232	0.882834776877376	0.838136622341397	0.762470053872114
BG_LTR_like_03882	Strict non-ONSEN TE background	Chr1	27733204	27733527	324	0.879475922478708	0.858530886201003	0.784418674504521
BG_LTR_like_03949	Strict non-ONSEN TE background	Chr1	28106097	28106423	327	0.903208981207187	0.899435168536068	0.888666641015839
BG_LTR_like_04081	Strict non-ONSEN TE background	Chr1	28964188	28964630	443	0.866296538696555	0.849551874139582	0.811264829173144
BG_LTR_like_04547	Strict non-ONSEN TE background	Chr2	808411	809054	644	0.947729284558774	0.897824050599087	0.809028276075082
BG_LTR_like_04548	Strict non-ONSEN TE background	Chr2	846209	846558	350	0.844271806978846	0.824598082061086	0.785363996768931
BG_LTR_like_04603	Strict non-ONSEN TE background	Chr2	1176997	1177850	854	0.883659014409825	0.851198558063178	0.796424913091221
BG_LTR_like_04604	Strict non-ONSEN TE background	Chr2	1190724	1191098	375	0.947729284558774	0.895417802228646	0.793452207450281
BG_LTR_like_04605	Strict non-ONSEN TE background	Chr2	1226207	1227657	1451	0.892242353455546	0.883107039261089	0.866000842675241
BG_LTR_like_04606	Strict non-ONSEN TE background	Chr2	1244586	1245277	692	0.920690443389928	0.905067903682424	0.827670430016853
BG_LTR_like_04649	Strict non-ONSEN TE background	Chr2	1298512	1298955	444	0.923633119535993	0.880505131638578	0.818699233161837
BG_LTR_like_04650	Strict non-ONSEN TE background	Chr2	1298992	1300169	1178	0.914982098538431	0.91116154732817	0.876469688426145
BG_LTR_like_04651	Strict non-ONSEN TE background	Chr2	1300170	1300495	326	0.957552433785568	0.901366061602798	0.85833860711314
BG_LTR_like_04652	Strict non-ONSEN TE background	Chr2	1303568	1303996	429	0.915576015418653	0.876302881112304	0.820892329287961
BG_LTR_like_04653	Strict non-ONSEN TE background	Chr2	1351879	1352499	621	0.997057323853935	0.98141426729218	0.851537792100533
BG_LTR_like_04654	Strict non-ONSEN TE background	Chr2	1372545	1373218	674	0.914982098538431	0.884561582644514	0.828851903651975
BG_LTR_like_04659	Strict non-ONSEN TE background	Chr2	1410689	1411888	1200	0.925362625658487	0.906608281818964	0.854660571562775
BG_LTR_like_04660	Strict non-ONSEN TE background	Chr2	1552874	1553647	774	0.925362625658487	0.907750079145468	0.855284623233071
BG_LTR_like_04661	Strict non-ONSEN TE background	Chr2	1564987	1566207	1221	0.957552433785568	0.925176369684723	0.90066116024913
BG_LTR_like_04669	Strict non-ONSEN TE background	Chr2	1607033	1607740	708	1	0.957992070675749	0.935859003723048
BG_LTR_like_04672	Strict non-ONSEN TE background	Chr2	1656121	1656411	291	0.892542292485335	0.861286598858682	0.818141997856909
BG_LTR_like_04673	Strict non-ONSEN TE background	Chr2	1693478	1695271	1794	0.957552433785568	0.912772967185435	0.842101824269685
BG_LTR_like_04699	Strict non-ONSEN TE background	Chr2	1727850	1728277	428	0.957552433785568	0.943015464596711	0.907805600329923
BG_LTR_like_04700	Strict non-ONSEN TE background	Chr2	1786877	1788352	1476	0.957552433785568	0.931825342495463	0.901950564298963
BG_LTR_like_04701	Strict non-ONSEN TE background	Chr2	1848175	1848503	329	0.878095632166984	0.860208937476679	0.819869798931425
BG_LTR_like_04709	Strict non-ONSEN TE background	Chr2	1946865	1947073	209	0.866626444447184	0.85447866303162	0.812658526984625
BG_LTR_like_04710	Strict non-ONSEN TE background	Chr2	1947074	1947592	519	0.867920776853448	0.844256303946679	0.824171878314858
BG_LTR_like_04713	Strict non-ONSEN TE background	Chr2	2012957	2013344	388	0.947729284558774	0.913194748877222	0.867789644601185
BG_LTR_like_04714	Strict non-ONSEN TE background	Chr2	2105630	2106808	1179	0.908452927585686	0.899479671848944	0.848806700880965
BG_LTR_like_04715	Strict non-ONSEN TE background	Chr2	2115379	2115742	364	0.826155495990722	0.82112116685096	0.794503568776015
BG_LTR_like_04716	Strict non-ONSEN TE background	Chr2	2137647	2138076	430	0.920690443389928	0.902679668710373	0.825485560786438
BG_LTR_like_04725	Strict non-ONSEN TE background	Chr2	2295826	2296323	498	0.997057323853935	0.97086651920572	0.830239744450715
BG_LTR_like_04726	Strict non-ONSEN TE background	Chr2	2299822	2301751	1930	0.947729284558774	0.920824407432533	0.87974139967013
BG_LTR_like_04761	Strict non-ONSEN TE background	Chr2	2358737	2359049	313	0.888052343436908	0.869366803958927	0.85418271983119
BG_LTR_like_04764	Strict non-ONSEN TE background	Chr2	2366175	2367075	901	1	0.921463021241068	0.840826899241277
BG_LTR_like_04765	Strict non-ONSEN TE background	Chr2	2382311	2382673	363	0.914982098538431	0.887380060948511	0.822560927035185
BG_LTR_like_04766	Strict non-ONSEN TE background	Chr2	2389185	2390869	1685	0.920690443389928	0.903415975918412	0.840574513945972
BG_LTR_like_04767	Strict non-ONSEN TE background	Chr2	2401125	2402966	1842	0.892242353455546	0.886056783629552	0.828915209099076
BG_LTR_like_04770	Strict non-ONSEN TE background	Chr2	2462890	2463440	551	0.925362625658487	0.905570693217742	0.884011466227831
BG_LTR_like_04771	Strict non-ONSEN TE background	Chr2	2463441	2464621	1181	0.997057323853935	0.984546913292977	0.916553290621668
BG_LTR_like_04772	Strict non-ONSEN TE background	Chr2	2464622	2465239	618	1	0.946654911782406	0.85887044537424
BG_LTR_like_04773	Strict non-ONSEN TE background	Chr2	2465244	2465960	717	0.923633119535993	0.909029661232543	0.813526435095755
BG_LTR_like_04774	Strict non-ONSEN TE background	Chr2	2469091	2470294	1204	0.934310940015733	0.908340487136791	0.89111135183803
BG_LTR_like_04775	Strict non-ONSEN TE background	Chr2	2486953	2487779	827	0.920690443389928	0.908373642075934	0.835201282417125
BG_LTR_like_04776	Strict non-ONSEN TE background	Chr2	2504277	2504515	239	0.86489984343154	0.8558870200841	0.79810708680436
BG_LTR_like_04777	Strict non-ONSEN TE background	Chr2	2510353	2512186	1834	0.957552433785568	0.923163214099654	0.895623261507353
BG_LTR_like_04778	Strict non-ONSEN TE background	Chr2	2576249	2578241	1993	0.892242353455546	0.886056783629552	0.83965284702775
BG_LTR_like_04779	Strict non-ONSEN TE background	Chr2	2578687	2578925	239	0.852179084299774	0.812178221975575	0.778933476288083
BG_LTR_like_04780	Strict non-ONSEN TE background	Chr2	2616339	2617117	779	1	0.95952731016157	0.884357042375791
BG_LTR_like_04781	Strict non-ONSEN TE background	Chr2	2619116	2620320	1205	0.963392514562758	0.946466771519071	0.908290068098197
BG_LTR_like_04782	Strict non-ONSEN TE background	Chr2	2622154	2623982	1829	0.923633119535993	0.907891487869145	0.866000842675241
BG_LTR_like_04783	Strict non-ONSEN TE background	Chr2	2688363	2689571	1209	0.892351665316562	0.88585770148895	0.861313147125001
BG_LTR_like_04784	Strict non-ONSEN TE background	Chr2	2691572	2693140	1569	0.957552433785568	0.921287926776525	0.872408661895836
BG_LTR_like_04785	Strict non-ONSEN TE background	Chr2	2699624	2700772	1149	0.953230354341334	0.938167048035032	0.879009595235056
BG_LTR_like_04788	Strict non-ONSEN TE background	Chr2	2707345	2708993	1649	0.957552433785568	0.914132473567252	0.848725571589887
BG_LTR_like_04789	Strict non-ONSEN TE background	Chr2	2721276	2722904	1629	0.957552433785568	0.928351216464988	0.885722632469528
BG_LTR_like_04790	Strict non-ONSEN TE background	Chr2	2745202	2745604	403	0.908452927585686	0.889937172805762	0.83379845021725
BG_LTR_like_04791	Strict non-ONSEN TE background	Chr2	2746011	2747865	1855	0.934310940015733	0.915215529580912	0.897991891544154
BG_LTR_like_04792	Strict non-ONSEN TE background	Chr2	2752274	2752643	370	0.846342635773896	0.839226298043548	0.794552149127771
BG_LTR_like_04796	Strict non-ONSEN TE background	Chr2	2786398	2788004	1607	0.906780813378805	0.88846220557048	0.862096090774263
BG_LTR_like_04797	Strict non-ONSEN TE background	Chr2	2789109	2790792	1684	0.947729284558774	0.932122053988424	0.90216306071535
BG_LTR_like_04798	Strict non-ONSEN TE background	Chr2	2790801	2791609	809	0.911771277108941	0.888352907620651	0.847717107353114
BG_LTR_like_04799	Strict non-ONSEN TE background	Chr2	2813115	2813640	526	0.895832880315189	0.87116856796445	0.834990916401094
BG_LTR_like_04800	Strict non-ONSEN TE background	Chr2	2824394	2825266	873	0.908452927585686	0.897475615897681	0.843729774890095
BG_LTR_like_04801	Strict non-ONSEN TE background	Chr2	2836958	2838292	1335	0.925362625658487	0.901654239624547	0.856947033197572
BG_LTR_like_04804	Strict non-ONSEN TE background	Chr2	2855656	2857328	1673	0.957552433785568	0.921542039164362	0.858357775168133
BG_LTR_like_04807	Strict non-ONSEN TE background	Chr2	2882424	2882730	307	0.822229264912316	0.801348200989775	0.778629028152312
BG_LTR_like_04808	Strict non-ONSEN TE background	Chr2	2995751	2996370	620	0.850687959070173	0.836556007295664	0.809233010234891
BG_LTR_like_04809	Strict non-ONSEN TE background	Chr2	2998278	2999735	1458	0.999007409629877	0.959927463461205	0.923786046854279
BG_LTR_like_04810	Strict non-ONSEN TE background	Chr2	3059458	3060803	1346	1	0.950912189438044	0.899532088758454
BG_LTR_like_04813	Strict non-ONSEN TE background	Chr2	3074312	3075732	1421	0.997057323853935	0.983378897137539	0.885466948161909
BG_LTR_like_04814	Strict non-ONSEN TE background	Chr2	3078571	3079248	678	0.876197298676884	0.862151891358998	0.830839157766303
BG_LTR_like_04817	Strict non-ONSEN TE background	Chr2	3094962	3096558	1597	0.988279621516139	0.972798571666012	0.893460310584538
BG_LTR_like_04818	Strict non-ONSEN TE background	Chr2	3096582	3097805	1224	0.889299677309481	0.867260011253585	0.834908491895274
BG_LTR_like_04821	Strict non-ONSEN TE background	Chr2	3109915	3110725	811	0.925362625658487	0.91518281937656	0.838198094432601
BG_LTR_like_04824	Strict non-ONSEN TE background	Chr2	3120316	3121017	702	0.901951428572727	0.87536325276314	0.854958689199351
BG_LTR_like_04825	Strict non-ONSEN TE background	Chr2	3121018	3121461	444	0.883650061500741	0.862080758761658	0.839346793202028
BG_LTR_like_04826	Strict non-ONSEN TE background	Chr2	3131279	3132263	985	0.93835013419369	0.92850582466226	0.918099568558403
BG_LTR_like_04827	Strict non-ONSEN TE background	Chr2	3139308	3140895	1588	0.999007409629877	0.962372954161647	0.932204792888556
BG_LTR_like_04828	Strict non-ONSEN TE background	Chr2	3143093	3144613	1521	0.920690443389928	0.913500767678181	0.895344417912624
BG_LTR_like_04831	Strict non-ONSEN TE background	Chr2	3144622	3145310	689	0.869443488850641	0.861950217881004	0.850932532370062
BG_LTR_like_04832	Strict non-ONSEN TE background	Chr2	3150103	3150516	414	0.925362625658487	0.915346040185518	0.854436268925605
BG_LTR_like_04833	Strict non-ONSEN TE background	Chr2	3150542	3151571	1030	0.997057323853935	0.980727376831449	0.87523338292085
BG_LTR_like_04834	Strict non-ONSEN TE background	Chr2	3151572	3151970	399	0.999007409629877	0.960734836971016	0.932204792888556
BG_LTR_like_04835	Strict non-ONSEN TE background	Chr2	3152709	3153049	341	0.905301094057174	0.899399533141913	0.892392322970441
BG_LTR_like_04836	Strict non-ONSEN TE background	Chr2	3154928	3155520	593	0.880137948246788	0.867627028336358	0.84834798817726
BG_LTR_like_04837	Strict non-ONSEN TE background	Chr2	3155664	3156897	1234	0.947729284558774	0.929397954663263	0.875919663346384
BG_LTR_like_04838	Strict non-ONSEN TE background	Chr2	3157544	3159478	1935	0.943377415923864	0.925674456260332	0.877600098807781
BG_LTR_like_04839	Strict non-ONSEN TE background	Chr2	3217574	3217854	281	1	0.936307287129368	0.818141301948309
BG_LTR_like_04840	Strict non-ONSEN TE background	Chr2	3219206	3219671	466	0.950697160884448	0.909271107122852	0.866624375584579
BG_LTR_like_04845	Strict non-ONSEN TE background	Chr2	3275024	3275258	235	0.876197298676884	0.825778043482645	0.780078525660597
BG_LTR_like_04846	Strict non-ONSEN TE background	Chr2	3301802	3303203	1402	0.925362625658487	0.917873551075632	0.867355440753711
BG_LTR_like_04849	Strict non-ONSEN TE background	Chr2	3307694	3307913	220	0.9139915910843	0.871025730999423	0.827253393131238
BG_LTR_like_04852	Strict non-ONSEN TE background	Chr2	3308220	3308973	754	0.978131699864756	0.900302382125261	0.800122159696161
BG_LTR_like_04855	Strict non-ONSEN TE background	Chr2	3342505	3342805	301	0.833749732462452	0.823612073836948	0.782523696575238
BG_LTR_like_04858	Strict non-ONSEN TE background	Chr2	3344500	3344789	290	0.924152604841595	0.882401788802357	0.85936151285573
BG_LTR_like_04859	Strict non-ONSEN TE background	Chr2	3344835	3345276	442	0.925362625658487	0.897068919254428	0.832622542237613
BG_LTR_like_04860	Strict non-ONSEN TE background	Chr2	3354018	3354401	384	0.790941020896484	0.772527129590362	0.752190966712327
BG_LTR_like_04863	Strict non-ONSEN TE background	Chr2	3375563	3375878	316	0.83997163801432	0.819388405241456	0.796622625825879
BG_LTR_like_04866	Strict non-ONSEN TE background	Chr2	3379194	3379763	570	0.904136570872775	0.883604879143947	0.859647230490699
BG_LTR_like_04867	Strict non-ONSEN TE background	Chr2	3455421	3455661	241	0.844842807759167	0.821600974702467	0.787746454133771
BG_LTR_like_04868	Strict non-ONSEN TE background	Chr2	3459140	3460112	973	0.892242353455546	0.867201618452897	0.824235854903935
BG_LTR_like_04873	Strict non-ONSEN TE background	Chr2	3479649	3480558	910	0.950697160884448	0.93434833606563	0.902938007014459
BG_LTR_like_04876	Strict non-ONSEN TE background	Chr2	3512974	3513188	215	0.877599931150928	0.844669288458312	0.820571044027307
BG_LTR_like_04877	Strict non-ONSEN TE background	Chr2	3531975	3532287	313	0.882834776877376	0.858745861339379	0.821122159929001
BG_LTR_like_04880	Strict non-ONSEN TE background	Chr2	3539391	3540227	837	0.87899223201785	0.863905499245738	0.816558157636935
BG_LTR_like_04881	Strict non-ONSEN TE background	Chr2	3545246	3545748	503	1	0.896167414283848	0.808098206396436
BG_LTR_like_04882	Strict non-ONSEN TE background	Chr2	3545792	3546062	271	0.952560003824068	0.896348026541198	0.845109613736884
BG_LTR_like_04883	Strict non-ONSEN TE background	Chr2	3546593	3546828	236	0.860906988636661	0.827926780180944	0.760871503389916
BG_LTR_like_04884	Strict non-ONSEN TE background	Chr2	3554462	3556283	1822	0.923633119535993	0.915529442565542	0.838671997813496
BG_LTR_like_04885	Strict non-ONSEN TE background	Chr2	3556318	3558079	1762	0.947729284558774	0.927553274279619	0.863936124792655
BG_LTR_like_04888	Strict non-ONSEN TE background	Chr2	3558188	3559719	1532	0.950506110322961	0.933166414147349	0.917089925466892
BG_LTR_like_04889	Strict non-ONSEN TE background	Chr2	3559720	3561359	1640	0.947729284558774	0.896163091129551	0.857551567437115
BG_LTR_like_04890	Strict non-ONSEN TE background	Chr2	3560648	3560883	236	0.833749732462452	0.81997082348221	0.789310345759262
BG_LTR_like_04891	Strict non-ONSEN TE background	Chr2	3573424	3575224	1801	0.895850201322429	0.884908818212866	0.862561296734546
BG_LTR_like_04892	Strict non-ONSEN TE background	Chr2	3600151	3601950	1800	0.923633119535993	0.909029661232543	0.853702361140472
BG_LTR_like_04893	Strict non-ONSEN TE background	Chr2	3603124	3603728	605	0.911395603731751	0.887119935464384	0.845940523840197
BG_LTR_like_04894	Strict non-ONSEN TE background	Chr2	3604313	3605677	1365	0.997057323853935	0.979615192097386	0.875362701315473
BG_LTR_like_04897	Strict non-ONSEN TE background	Chr2	3676756	3678366	1611	0.957552433785568	0.928351216464988	0.906298430241422
BG_LTR_like_04898	Strict non-ONSEN TE background	Chr2	3680276	3681190	915	0.892542292485335	0.884251343171602	0.837106580260763
BG_LTR_like_04899	Strict non-ONSEN TE background	Chr2	3684249	3684831	583	0.911395603731751	0.887359613556662	0.84228505233245
BG_LTR_like_04900	Strict non-ONSEN TE background	Chr2	3708960	3710191	1232	0.947729284558774	0.926093094346293	0.875804778413812
BG_LTR_like_04901	Strict non-ONSEN TE background	Chr2	3716821	3717400	580	0.882549816981468	0.868544848604272	0.843033495287842
BG_LTR_like_04902	Strict non-ONSEN TE background	Chr2	3721519	3722140	622	0.908452927585686	0.895254831648217	0.87212819504204
BG_LTR_like_04903	Strict non-ONSEN TE background	Chr2	3737023	3737657	635	0.889299677309481	0.876759630881725	0.858073077830139
BG_LTR_like_04904	Strict non-ONSEN TE background	Chr2	3740653	3740857	205	0.892242353455546	0.845200767515889	0.75346121520679
BG_LTR_like_04905	Strict non-ONSEN TE background	Chr2	3740944	3742095	1152	0.926551886743484	0.903787884421082	0.867185827556687
BG_LTR_like_04906	Strict non-ONSEN TE background	Chr2	3766284	3766910	627	0.887059753066785	0.873383786547981	0.835434603720156
BG_LTR_like_04907	Strict non-ONSEN TE background	Chr2	3766911	3767233	323	0.899192912367673	0.890795686861515	0.869347026664824
BG_LTR_like_04908	Strict non-ONSEN TE background	Chr2	3795197	3796200	1004	0.87957762212643	0.868555394279824	0.812386873577514
BG_LTR_like_04909	Strict non-ONSEN TE background	Chr2	3808137	3809217	1081	0.947729284558774	0.935361630085057	0.913492668741203
BG_LTR_like_04910	Strict non-ONSEN TE background	Chr2	3813107	3813813	707	1	0.94481399999576	0.833607305682835
BG_LTR_like_04911	Strict non-ONSEN TE background	Chr2	3813825	3815597	1773	0.920690443389928	0.912856379367622	0.895344417912624
BG_LTR_like_04912	Strict non-ONSEN TE background	Chr2	3816062	3817016	955	0.934310940015733	0.915215529580912	0.894426954964357
BG_LTR_like_04913	Strict non-ONSEN TE background	Chr2	3820575	3821095	521	0.86250309316364	0.847040771410133	0.824925017467215
BG_LTR_like_04914	Strict non-ONSEN TE background	Chr2	3823544	3823797	254	0.938823665407958	0.89817550092496	0.86858397101172
BG_LTR_like_04915	Strict non-ONSEN TE background	Chr2	3823960	3825125	1166	1	0.982421416802532	0.920564739619652
BG_LTR_like_04916	Strict non-ONSEN TE background	Chr2	3825614	3826213	600	0.892242353455546	0.845914817356877	0.772503763123089
BG_LTR_like_04917	Strict non-ONSEN TE background	Chr2	3826214	3827838	1625	0.925625107471735	0.923551867443451	0.886919305276576
BG_LTR_like_04920	Strict non-ONSEN TE background	Chr2	3832865	3833932	1068	0.882834776877376	0.875290938629662	0.851425454367414
BG_LTR_like_04925	Strict non-ONSEN TE background	Chr2	3844438	3845315	878	0.923633119535993	0.900148972190556	0.817567714615338
BG_LTR_like_04926	Strict non-ONSEN TE background	Chr2	3854066	3854811	746	0.914982098538431	0.897758108462326	0.849276121985581
BG_LTR_like_04929	Strict non-ONSEN TE background	Chr2	3858389	3859010	622	0.880564153706981	0.849072365934167	0.829097187245848
BG_LTR_like_04930	Strict non-ONSEN TE background	Chr2	3859011	3859318	308	0.873149185442374	0.818283335110915	0.795009428089841
BG_LTR_like_04931	Strict non-ONSEN TE background	Chr2	3862947	3863316	370	0.862768308928416	0.821042231357587	0.786849647710285
BG_LTR_like_04932	Strict non-ONSEN TE background	Chr2	3863317	3865228	1912	0.908452927585686	0.893391467437843	0.870943743950651
BG_LTR_like_04933	Strict non-ONSEN TE background	Chr2	3876712	3878306	1595	0.923633119535993	0.898929779885975	0.85870058190263
BG_LTR_like_04934	Strict non-ONSEN TE background	Chr2	3882538	3884137	1600	0.957552433785568	0.921542039164362	0.858357775168133
BG_LTR_like_04937	Strict non-ONSEN TE background	Chr2	3906169	3907788	1620	0.923633119535993	0.908278216365109	0.866868708015537
BG_LTR_like_04938	Strict non-ONSEN TE background	Chr2	3922207	3922448	242	0.939524459644417	0.910956279047131	0.871023625217171
BG_LTR_like_04939	Strict non-ONSEN TE background	Chr2	3944666	3945905	1240	1	0.946543229516607	0.841348908166082
BG_LTR_like_04940	Strict non-ONSEN TE background	Chr2	3948282	3949277	996	0.957552433785568	0.893393710854846	0.848725571589887
BG_LTR_like_04943	Strict non-ONSEN TE background	Chr2	3956456	3956852	397	0.860172025611857	0.834571005797718	0.799505429410364
BG_LTR_like_04944	Strict non-ONSEN TE background	Chr2	3962835	3963502	668	0.857778988175453	0.840742483083531	0.809705783936212
BG_LTR_like_04945	Strict non-ONSEN TE background	Chr2	3963520	3965120	1601	0.889299677309481	0.878525295697076	0.854686637676135
BG_LTR_like_04946	Strict non-ONSEN TE background	Chr2	3965157	3966273	1117	0.892416192388914	0.878128044877174	0.851254041527098
BG_LTR_like_04947	Strict non-ONSEN TE background	Chr2	3972368	3972831	464	0.87998285625761	0.876499406709528	0.861392211427878
BG_LTR_like_04948	Strict non-ONSEN TE background	Chr2	3982324	3983352	1029	0.953230354341334	0.910891010846921	0.881245753279169
BG_LTR_like_04949	Strict non-ONSEN TE background	Chr2	4005995	4007044	1050	0.997057323853935	0.968435365755901	0.859244230861213
BG_LTR_like_04952	Strict non-ONSEN TE background	Chr2	4045796	4047602	1807	0.923633119535993	0.899097710588903	0.853506178412324
BG_LTR_like_04953	Strict non-ONSEN TE background	Chr2	4056001	4057620	1620	0.923633119535993	0.898929779885975	0.85870058190263
BG_LTR_like_04956	Strict non-ONSEN TE background	Chr2	4065716	4067227	1512	1	0.95658789436761	0.894355026043516
BG_LTR_like_04957	Strict non-ONSEN TE background	Chr2	4069688	4069962	275	0.879892100731311	0.848782314176547	0.765013424736306
BG_LTR_like_04958	Strict non-ONSEN TE background	Chr2	4070546	4071105	560	1	0.952466083972189	0.908692256692427
BG_LTR_like_04959	Strict non-ONSEN TE background	Chr2	4075363	4075684	322	0.871362404094767	0.866017618454607	0.761635848547758
BG_LTR_like_04960	Strict non-ONSEN TE background	Chr2	4121360	4122247	888	0.908452927585686	0.887354951499453	0.821456192698589
BG_LTR_like_04961	Strict non-ONSEN TE background	Chr2	4125561	4125807	247	0.905790190621108	0.890052656574505	0.859145781395769
BG_LTR_like_04962	Strict non-ONSEN TE background	Chr2	4126436	4126635	200	0.821032747070789	0.806328920781118	0.758416444443384
BG_LTR_like_04963	Strict non-ONSEN TE background	Chr2	4130634	4132419	1786	0.906780813378805	0.896902248555117	0.867102254832767
BG_LTR_like_04964	Strict non-ONSEN TE background	Chr2	4132447	4134061	1615	1	0.947990799568453	0.847981275857584
BG_LTR_like_04965	Strict non-ONSEN TE background	Chr2	4134731	4135422	692	1	0.95737142792919	0.860951857550765
BG_LTR_like_04966	Strict non-ONSEN TE background	Chr2	4135423	4137080	1658	0.94429483225512	0.923032246340805	0.854162521878862
BG_LTR_like_04967	Strict non-ONSEN TE background	Chr2	4137501	4139254	1754	0.997057323853935	0.980727376831449	0.889433449543193
BG_LTR_like_04972	Strict non-ONSEN TE background	Chr2	4157508	4159309	1802	0.947729284558774	0.927489929730298	0.88319256854175
BG_LTR_like_04973	Strict non-ONSEN TE background	Chr2	4159310	4161049	1740	0.882549816981468	0.871188833202859	0.845556805854368
BG_LTR_like_04974	Strict non-ONSEN TE background	Chr2	4161051	4162304	1254	0.892351665316562	0.882086049474195	0.852585004573579
BG_LTR_like_04975	Strict non-ONSEN TE background	Chr2	4169556	4170633	1078	0.920690443389928	0.913500767678181	0.895344417912624
BG_LTR_like_04976	Strict non-ONSEN TE background	Chr2	4174052	4175324	1273	0.94429483225512	0.909847965004753	0.853022221327531
BG_LTR_like_04977	Strict non-ONSEN TE background	Chr2	4183151	4183673	523	0.963392514562758	0.941295169033062	0.896390552323606
BG_LTR_like_04978	Strict non-ONSEN TE background	Chr2	4183674	4184976	1303	0.892242353455546	0.883132321618257	0.874196157306717
BG_LTR_like_04979	Strict non-ONSEN TE background	Chr2	4184977	4185220	244	0.903990605677575	0.864322879556842	0.803651727490271
BG_LTR_like_04980	Strict non-ONSEN TE background	Chr2	4185505	4185811	307	0.835686587752703	0.822425057301186	0.785229501949457
BG_LTR_like_04981	Strict non-ONSEN TE background	Chr2	4188833	4189612	780	0.892242353455546	0.867778973380539	0.832223133012598
BG_LTR_like_04982	Strict non-ONSEN TE background	Chr2	4189731	4190374	644	0.879475922478708	0.868935015929113	0.841080515092872
BG_LTR_like_04983	Strict non-ONSEN TE background	Chr2	4194443	4194762	320	0.862768308928416	0.825362881611875	0.793842812959819
BG_LTR_like_04984	Strict non-ONSEN TE background	Chr2	4194769	4195205	437	0.871362404094767	0.840736511217517	0.784803445449771
BG_LTR_like_04985	Strict non-ONSEN TE background	Chr2	4195873	4196795	923	0.957254634005665	0.927417330904617	0.905366222021084
BG_LTR_like_04986	Strict non-ONSEN TE background	Chr2	4203243	4205065	1823	0.889299677309481	0.883679017924794	0.836857595847736
BG_LTR_like_04989	Strict non-ONSEN TE background	Chr2	4217157	4218952	1796	0.906780813378805	0.892314950299313	0.848856528249897
BG_LTR_like_04990	Strict non-ONSEN TE background	Chr2	4249409	4250359	951	0.96438510493288	0.938634519796089	0.905243656200842
BG_LTR_like_04993	Strict non-ONSEN TE background	Chr2	4252039	4252659	621	0.892242353455546	0.867261378454796	0.839178228099588
BG_LTR_like_04994	Strict non-ONSEN TE background	Chr2	4256626	4258322	1697	0.923633119535993	0.9137189503146	0.865290791408251
BG_LTR_like_04995	Strict non-ONSEN TE background	Chr2	4287690	4288452	763	0.911771277108941	0.879709897841406	0.849670298875533
BG_LTR_like_05028	Strict non-ONSEN TE background	Chr2	4357343	4358519	1177	0.920690443389928	0.908119529688097	0.873171230242484
BG_LTR_like_05029	Strict non-ONSEN TE background	Chr2	4370212	4371438	1227	1	0.952232489415629	0.860387299673511
BG_LTR_like_05030	Strict non-ONSEN TE background	Chr2	4379829	4381342	1514	0.925362625658487	0.90118907986124	0.863357053705388
BG_LTR_like_05033	Strict non-ONSEN TE background	Chr2	4398318	4400056	1739	0.906780813378805	0.895650888514448	0.849163664127965
BG_LTR_like_05038	Strict non-ONSEN TE background	Chr2	4412569	4413203	635	0.894990544126474	0.864576270250571	0.802962115677943
BG_LTR_like_05039	Strict non-ONSEN TE background	Chr2	4413205	4413639	435	0.907167219713677	0.890343986502535	0.82525540329322
BG_LTR_like_05042	Strict non-ONSEN TE background	Chr2	4417170	4418648	1479	1	0.959731302251962	0.920721912158759
BG_LTR_like_05045	Strict non-ONSEN TE background	Chr2	4470380	4470931	552	0.84925563226703	0.839246875624083	0.779621601542865
BG_LTR_like_05048	Strict non-ONSEN TE background	Chr2	4504054	4505918	1865	0.923633119535993	0.909258005362358	0.857615230389484
BG_LTR_like_05049	Strict non-ONSEN TE background	Chr2	4505919	4506990	1072	1	0.919083231085292	0.845184914268055
BG_LTR_like_05050	Strict non-ONSEN TE background	Chr2	4517288	4518080	793	0.879292093731603	0.861490999251463	0.831942191681914
BG_LTR_like_05051	Strict non-ONSEN TE background	Chr2	4566142	4566581	440	0.844872230023954	0.82091588298666	0.789627730795356
BG_LTR_like_05052	Strict non-ONSEN TE background	Chr2	4584959	4585887	929	0.930656856244962	0.909167060896261	0.880842124391039
BG_LTR_like_05053	Strict non-ONSEN TE background	Chr2	4595629	4595985	357	0.883650061500741	0.875025946708153	0.833362972453607
BG_LTR_like_05054	Strict non-ONSEN TE background	Chr2	4595986	4597826	1841	1	0.953718201470868	0.886505687774839
BG_LTR_like_05057	Strict non-ONSEN TE background	Chr2	4615800	4617477	1678	0.978131699864756	0.955366212979975	0.919068266833305
BG_LTR_like_05058	Strict non-ONSEN TE background	Chr2	4674292	4675499	1208	1	0.941127183955538	0.861313147125001
BG_LTR_like_05059	Strict non-ONSEN TE background	Chr2	4675711	4676312	602	0.882549816981468	0.850398971665286	0.820420374040838
BG_LTR_like_05060	Strict non-ONSEN TE background	Chr2	4676313	4677891	1579	0.957552433785568	0.921385830483146	0.8769409846644
BG_LTR_like_05061	Strict non-ONSEN TE background	Chr2	4678232	4678488	257	0.812946842669819	0.806460436355057	0.768564657960727
BG_LTR_like_05062	Strict non-ONSEN TE background	Chr2	4683301	4683936	636	0.935303530385856	0.915292053144359	0.885425094424224
BG_LTR_like_05063	Strict non-ONSEN TE background	Chr2	4687070	4687423	354	0.826291676875128	0.808545896540559	0.772050494432385
BG_LTR_like_05064	Strict non-ONSEN TE background	Chr2	4689871	4690772	902	0.906780813378805	0.892276603418874	0.822049064901465
BG_LTR_like_05065	Strict non-ONSEN TE background	Chr2	4690777	4691253	477	0.864610407711075	0.856352407678481	0.842367429146721
BG_LTR_like_05066	Strict non-ONSEN TE background	Chr2	4693500	4693801	302	0.862768308928416	0.821046582240267	0.786849647710285
BG_LTR_like_05067	Strict non-ONSEN TE background	Chr2	4693802	4694973	1172	0.957552433785568	0.93265862286651	0.899627914084423
BG_LTR_like_05068	Strict non-ONSEN TE background	Chr2	4694974	4695200	227	0.823846346326822	0.793544570690611	0.748960111424904
BG_LTR_like_05069	Strict non-ONSEN TE background	Chr2	4695260	4695877	618	0.879475922478708	0.871984196473141	0.852858545261397
BG_LTR_like_05070	Strict non-ONSEN TE background	Chr2	4706948	4707147	200	0.877148587339202	0.822697702386782	0.743625353514383
BG_LTR_like_05071	Strict non-ONSEN TE background	Chr2	4713537	4714827	1291	0.937880914243219	0.916644508831158	0.8729391988722
BG_LTR_like_05072	Strict non-ONSEN TE background	Chr2	4714828	4715984	1157	0.89978198676807	0.888224594914898	0.825877678894568
BG_LTR_like_05073	Strict non-ONSEN TE background	Chr2	4731233	4732460	1228	0.957552433785568	0.90951823977748	0.864431733987987
BG_LTR_like_05074	Strict non-ONSEN TE background	Chr2	4750786	4751089	304	0.835152364936496	0.820051735262335	0.804602108525996
BG_LTR_like_05075	Strict non-ONSEN TE background	Chr2	4751211	4751496	286	0.908452927585686	0.902179169667366	0.863114318110182
BG_LTR_like_05076	Strict non-ONSEN TE background	Chr2	4760431	4761615	1185	0.997057323853935	0.976293539333868	0.896659999170124
BG_LTR_like_05077	Strict non-ONSEN TE background	Chr2	4773850	4775331	1482	0.93835013419369	0.927872383975707	0.911070032024464
BG_LTR_like_05078	Strict non-ONSEN TE background	Chr2	4775371	4775601	231	0.857689165066966	0.82238676896268	0.798456651266544
BG_LTR_like_05079	Strict non-ONSEN TE background	Chr2	4783569	4784809	1241	0.882834776877376	0.866269820596891	0.842316756380009
BG_LTR_like_05080	Strict non-ONSEN TE background	Chr2	4818684	4818884	201	0.776712662830382	0.766449542473638	0.744871448048445
BG_LTR_like_05081	Strict non-ONSEN TE background	Chr2	4824788	4826159	1372	0.925362625658487	0.896563942035153	0.862204062547787
BG_LTR_like_05082	Strict non-ONSEN TE background	Chr2	4837148	4837888	741	0.920690443389928	0.903817842073772	0.827326399481298
BG_LTR_like_05085	Strict non-ONSEN TE background	Chr2	4850643	4852159	1517	0.988279621516139	0.976565296359189	0.940862432442288
BG_LTR_like_05086	Strict non-ONSEN TE background	Chr2	4852160	4852583	424	0.920690443389928	0.903868825168002	0.831225750828371
BG_LTR_like_05087	Strict non-ONSEN TE background	Chr2	4853656	4855287	1632	0.957552433785568	0.937893448878962	0.919056209794299
BG_LTR_like_05090	Strict non-ONSEN TE background	Chr2	4859470	4859808	339	0.934310940015733	0.911256873279537	0.873176164164222
BG_LTR_like_05091	Strict non-ONSEN TE background	Chr2	4937270	4937528	259	0.830108692990985	0.813957720913205	0.783990639689377
BG_LTR_like_05092	Strict non-ONSEN TE background	Chr2	4946230	4946524	295	0.939052540689794	0.909873812146477	0.852085779983876
BG_LTR_like_05095	Strict non-ONSEN TE background	Chr2	4990078	4991751	1674	0.892242353455546	0.886056783629552	0.874196157306717
BG_LTR_like_05096	Strict non-ONSEN TE background	Chr2	5011916	5012225	310	0.830279101540242	0.820058234556161	0.771855468089821
BG_LTR_like_05099	Strict non-ONSEN TE background	Chr2	5012420	5012680	261	0.957552433785568	0.878700579626963	0.835989114987539
BG_LTR_like_05100	Strict non-ONSEN TE background	Chr2	5013129	5013339	211	0.853842586224807	0.842951194459544	0.825986599803201
BG_LTR_like_05101	Strict non-ONSEN TE background	Chr2	5013822	5015200	1379	0.911771277108941	0.886325292443589	0.865024916388436
BG_LTR_like_05102	Strict non-ONSEN TE background	Chr2	5023017	5024024	1008	0.894422298553032	0.879540900021356	0.855447618621885
BG_LTR_like_05103	Strict non-ONSEN TE background	Chr2	5032581	5033778	1198	0.914982098538431	0.897568803984864	0.870700282211256
BG_LTR_like_05104	Strict non-ONSEN TE background	Chr2	5067150	5067411	262	0.850000865700625	0.820985492083125	0.803739948795461
BG_LTR_like_05105	Strict non-ONSEN TE background	Chr2	5090853	5091911	1059	0.916449385805885	0.889582234375822	0.844135413009125
BG_LTR_like_05106	Strict non-ONSEN TE background	Chr2	5091982	5092512	531	0.950697160884448	0.917509903406969	0.880350191730559
BG_LTR_like_05107	Strict non-ONSEN TE background	Chr2	5127171	5127954	784	0.908915692369662	0.879883525137627	0.857610677556207
BG_LTR_like_05108	Strict non-ONSEN TE background	Chr2	5127479	5127696	218	0.876333382634616	0.835204658733227	0.775439980939987
BG_LTR_like_05111	Strict non-ONSEN TE background	Chr2	5138594	5139791	1198	0.882834776877376	0.875640144299066	0.83666222856938
BG_LTR_like_05114	Strict non-ONSEN TE background	Chr2	5142059	5142292	234	0.846915407889951	0.817270005065938	0.783593816755109
BG_LTR_like_05115	Strict non-ONSEN TE background	Chr2	5142293	5142775	483	0.857964312490596	0.833303223065974	0.74304075752578
BG_LTR_like_05116	Strict non-ONSEN TE background	Chr2	5145644	5146995	1352	0.923633119535993	0.910833120702151	0.819298251332998
BG_LTR_like_05119	Strict non-ONSEN TE background	Chr2	5149572	5151199	1628	0.905790190621108	0.871525603694699	0.840925792437923
BG_LTR_like_05120	Strict non-ONSEN TE background	Chr2	5161733	5163010	1278	0.920690443389928	0.897845682588932	0.835396079342669
BG_LTR_like_05121	Strict non-ONSEN TE background	Chr2	5178327	5178595	269	0.823547582472094	0.805325238251854	0.758256346810914
BG_LTR_like_05122	Strict non-ONSEN TE background	Chr2	5186487	5186969	483	0.924320307710711	0.876208498521593	0.806850837394458
BG_LTR_like_05123	Strict non-ONSEN TE background	Chr2	5187015	5188726	1712	0.920690443389928	0.900741161415558	0.828789931966326
BG_LTR_like_05124	Strict non-ONSEN TE background	Chr2	5247444	5248679	1236	0.997057323853935	0.979829488641814	0.885978301472613
BG_LTR_like_05125	Strict non-ONSEN TE background	Chr2	5249272	5249547	276	0.892242353455546	0.85635693503503	0.794503568776015
BG_LTR_like_05126	Strict non-ONSEN TE background	Chr2	5249724	5250077	354	0.892351665316562	0.864531419119174	0.809947595558499
BG_LTR_like_05127	Strict non-ONSEN TE background	Chr2	5250080	5250332	253	0.850271440151198	0.813741216233358	0.775829998386726
BG_LTR_like_05128	Strict non-ONSEN TE background	Chr2	5258059	5259426	1368	0.911395603731751	0.888571679605333	0.837866583623639
BG_LTR_like_05129	Strict non-ONSEN TE background	Chr2	5264792	5265237	446	0.873149185442374	0.837190611926296	0.77240715677009
BG_LTR_like_05130	Strict non-ONSEN TE background	Chr2	5265238	5266185	948	0.911395603731751	0.887525997887548	0.837866583623639
BG_LTR_like_05131	Strict non-ONSEN TE background	Chr2	5271517	5271962	446	0.873149185442374	0.837190611926296	0.77240715677009
BG_LTR_like_05132	Strict non-ONSEN TE background	Chr2	5278271	5279897	1627	0.937002205678171	0.920500680350812	0.886200462993687
BG_LTR_like_05135	Strict non-ONSEN TE background	Chr2	5282588	5284512	1925	0.934310940015733	0.9188613461619	0.907181248195273
BG_LTR_like_05136	Strict non-ONSEN TE background	Chr2	5284602	5285513	912	0.871917185299783	0.865547327354437	0.826696520709402
BG_LTR_like_05137	Strict non-ONSEN TE background	Chr2	5285586	5286908	1323	0.911395603731751	0.906962958935196	0.873896538088868
BG_LTR_like_05140	Strict non-ONSEN TE background	Chr2	5346375	5347126	752	0.920690443389928	0.904147140451171	0.81824552419811
BG_LTR_like_05141	Strict non-ONSEN TE background	Chr2	5348176	5348586	411	0.838615218074424	0.827613368782664	0.806581493280726
BG_LTR_like_05144	Strict non-ONSEN TE background	Chr2	5362754	5364364	1611	0.957552433785568	0.915313420849695	0.869605020510571
BG_LTR_like_05145	Strict non-ONSEN TE background	Chr2	5431953	5433163	1211	0.87998285625761	0.873811399873124	0.845940523840197
BG_LTR_like_05146	Strict non-ONSEN TE background	Chr2	5458995	5460170	1176	0.920690443389928	0.910386691959685	0.869491573527137
BG_LTR_like_05149	Strict non-ONSEN TE background	Chr2	5468373	5469707	1335	0.952825808887258	0.927294540749241	0.892049517697092
BG_LTR_like_05154	Strict non-ONSEN TE background	Chr2	5481822	5483743	1922	1	0.995345669961	0.937026699452928
BG_LTR_like_05155	Strict non-ONSEN TE background	Chr2	5498816	5500511	1696	0.947729284558774	0.925967158038389	0.839938909859813
BG_LTR_like_05168	Strict non-ONSEN TE background	Chr2	5543181	5543610	430	0.978131699864756	0.92646730900878	0.830594481884672
BG_LTR_like_05169	Strict non-ONSEN TE background	Chr2	5573069	5573686	618	0.925362625658487	0.897750857567637	0.865197604962256
BG_LTR_like_05186	Strict non-ONSEN TE background	Chr2	5713762	5714069	308	0.892242353455546	0.881356313877704	0.812287695229889
BG_LTR_like_05187	Strict non-ONSEN TE background	Chr2	5725593	5727402	1810	0.892351665316562	0.888066640317996	0.853046757325436
BG_LTR_like_05188	Strict non-ONSEN TE background	Chr2	5868711	5868964	254	0.81587547299154	0.794130135052547	0.763248361599333
BG_LTR_like_05189	Strict non-ONSEN TE background	Chr2	5883768	5884068	301	0.911771277108941	0.886665975357725	0.852163971486242
BG_LTR_like_05206	Strict non-ONSEN TE background	Chr2	5918854	5919347	494	0.911395603731751	0.882206537614052	0.836589990004175
BG_LTR_like_05207	Strict non-ONSEN TE background	Chr2	5923852	5924277	426	0.892242353455546	0.860608316483182	0.811127511718509
BG_LTR_like_05208	Strict non-ONSEN TE background	Chr2	5998870	5999322	453	0.875049379325064	0.864787619686084	0.850315923594767
BG_LTR_like_05211	Strict non-ONSEN TE background	Chr2	5999323	6001312	1990	0.913381618531412	0.891264105363458	0.865125618802175
BG_LTR_like_05212	Strict non-ONSEN TE background	Chr2	6006491	6007031	541	1	0.95572465995607	0.92303355743638
BG_LTR_like_05213	Strict non-ONSEN TE background	Chr2	6007257	6008495	1239	0.947729284558774	0.929758420900406	0.908743176222856
BG_LTR_like_05214	Strict non-ONSEN TE background	Chr2	6008496	6009479	984	1	0.993869298702383	0.974265939427897
BG_LTR_like_05217	Strict non-ONSEN TE background	Chr2	6031166	6032907	1742	0.957552433785568	0.914170820823723	0.848469835758081
BG_LTR_like_05220	Strict non-ONSEN TE background	Chr2	6124738	6126659	1922	0.923633119535993	0.915863865406918	0.861455598777518
BG_LTR_like_05223	Strict non-ONSEN TE background	Chr2	6126676	6127148	473	0.867007748022684	0.860273086795849	0.807033497012857
BG_LTR_like_05224	Strict non-ONSEN TE background	Chr2	6127149	6127656	508	0.892242353455546	0.872664132392486	0.852984855653673
BG_LTR_like_05225	Strict non-ONSEN TE background	Chr2	6127657	6128607	951	0.997057323853935	0.994168599502574	0.898408945948533
BG_LTR_like_05226	Strict non-ONSEN TE background	Chr2	6176922	6178229	1308	0.892242353455546	0.886489100547761	0.861941327583259
BG_LTR_like_05227	Strict non-ONSEN TE background	Chr2	6179827	6180959	1133	0.94429483225512	0.914131339869083	0.866214322586479
BG_LTR_like_05228	Strict non-ONSEN TE background	Chr2	6180979	6181397	419	0.906780813378805	0.870172765643166	0.832839760935302
BG_LTR_like_05229	Strict non-ONSEN TE background	Chr2	6192081	6192469	389	0.844869294765274	0.837291543287024	0.797324415693768
BG_LTR_like_05232	Strict non-ONSEN TE background	Chr2	6194229	6194954	726	0.868060168910426	0.857975253084348	0.832877155350647
BG_LTR_like_05233	Strict non-ONSEN TE background	Chr2	6218336	6218658	323	0.844869294765274	0.833104359179242	0.801090772382109
BG_LTR_like_05236	Strict non-ONSEN TE background	Chr2	6237869	6238487	619	0.947729284558774	0.89614614265152	0.832973183476028
BG_LTR_like_05237	Strict non-ONSEN TE background	Chr2	6255657	6256501	845	0.908452927585686	0.905990852089317	0.87088979918044
BG_LTR_like_05238	Strict non-ONSEN TE background	Chr2	6345726	6346011	286	0.892687946311799	0.85339589738186	0.799390893197363
BG_LTR_like_05241	Strict non-ONSEN TE background	Chr2	6441589	6442987	1399	0.916030719040699	0.900471407713535	0.849990733828441
BG_LTR_like_05242	Strict non-ONSEN TE background	Chr2	6444581	6446129	1549	0.999007409629877	0.951552710499215	0.911838702263792
BG_LTR_like_05244	Strict non-ONSEN TE background	Chr2	6514757	6516381	1625	0.930656621399348	0.917175739348956	0.896806998217672
BG_LTR_like_05245	Strict non-ONSEN TE background	Chr2	6518106	6518372	267	0.882549816981468	0.877950597521582	0.833435832605415
BG_LTR_like_05246	Strict non-ONSEN TE background	Chr2	6527043	6528197	1155	0.947729284558774	0.922928292224109	0.888574295483524
BG_LTR_like_05247	Strict non-ONSEN TE background	Chr2	6537482	6537962	481	0.844337608750266	0.830689354618273	0.796439462819626
BG_LTR_like_05248	Strict non-ONSEN TE background	Chr2	6560674	6561012	339	0.997057323853935	0.978315807755993	0.862935091789275
BG_LTR_like_05249	Strict non-ONSEN TE background	Chr2	6563189	6563522	334	0.879892100731311	0.860711252713455	0.796413250127392
BG_LTR_like_05250	Strict non-ONSEN TE background	Chr2	6564669	6564985	317	0.879892100731311	0.856953461091393	0.776567432758692
BG_LTR_like_05251	Strict non-ONSEN TE background	Chr2	6683886	6684215	330	1	0.949572969771762	0.826519748099355
BG_LTR_like_05287	Strict non-ONSEN TE background	Chr2	6800593	6800915	323	0.957552433785568	0.873635698416488	0.795901896234035
BG_LTR_like_05290	Strict non-ONSEN TE background	Chr2	6904074	6904307	234	0.825930858380756	0.812316022660732	0.76173119668135
BG_LTR_like_05295	Strict non-ONSEN TE background	Chr2	7058221	7058441	221	0.889089485063815	0.833287468873629	0.770809290826923
BG_LTR_like_05301	Strict non-ONSEN TE background	Chr2	7095842	7096194	353	0.935303530385856	0.908839863103594	0.866473610032074
BG_LTR_like_05318	Strict non-ONSEN TE background	Chr2	7296608	7297567	960	0.894990544126474	0.880862044186882	0.852740733377509
BG_LTR_like_05347	Strict non-ONSEN TE background	Chr2	7352543	7353315	773	0.925362625658487	0.921404823236773	0.882361676248998
BG_LTR_like_05367	Strict non-ONSEN TE background	Chr2	7695763	7696010	248	0.889299677309481	0.870399447747802	0.796461823538297
BG_LTR_like_05442	Strict non-ONSEN TE background	Chr2	8297861	8298120	260	0.925461997163917	0.912186810653885	0.88326440117096
BG_LTR_like_05473	Strict non-ONSEN TE background	Chr2	8535918	8536197	280	1	0.96262118791913	0.884670523285711
BG_LTR_like_05478	Strict non-ONSEN TE background	Chr2	8877582	8877949	368	0.898646366790269	0.891340154662489	0.805468965092228
BG_LTR_like_05494	Strict non-ONSEN TE background	Chr2	9019575	9020000	426	0.861442988546358	0.846563433680305	0.827876156089629
BG_LTR_like_05495	Strict non-ONSEN TE background	Chr2	9020293	9020570	278	0.892242353455546	0.857105877112191	0.808345194535827
BG_LTR_like_05525	Strict non-ONSEN TE background	Chr2	9132015	9132242	228	0.873720139714461	0.826731323039399	0.769154633227822
BG_LTR_like_05526	Strict non-ONSEN TE background	Chr2	9193726	9195279	1554	0.895604005033354	0.865853189139579	0.84529008988751
BG_LTR_like_05575	Strict non-ONSEN TE background	Chr2	9380197	9380456	260	0.957552433785568	0.905083302472428	0.823022954465854
BG_LTR_like_05592	Strict non-ONSEN TE background	Chr2	9557863	9558213	351	0.833156220230071	0.79712041254449	0.767252234972999
BG_LTR_like_05596	Strict non-ONSEN TE background	Chr2	9713524	9713904	381	0.895604005033354	0.864471421800106	0.825085429740529
BG_LTR_like_05628	Strict non-ONSEN TE background	Chr2	9807801	9808378	578	0.889299677309481	0.881997837867755	0.864979869999693
BG_LTR_like_05644	Strict non-ONSEN TE background	Chr2	9888471	9888819	349	0.892416192388914	0.884230750215316	0.850741913305846
BG_LTR_like_05689	Strict non-ONSEN TE background	Chr2	9993979	9994330	352	0.863342624406677	0.813033807891209	0.775415025380779
BG_LTR_like_05740	Strict non-ONSEN TE background	Chr2	10236747	10237296	550	1	0.909213785121883	0.846009557749736
BG_LTR_like_05741	Strict non-ONSEN TE background	Chr2	10293216	10293622	407	0.824968595469212	0.807053572384911	0.756977714095148
BG_LTR_like_05757	Strict non-ONSEN TE background	Chr2	10623573	10623924	352	0.830279101540242	0.82702336474955	0.772993930477562
BG_LTR_like_05758	Strict non-ONSEN TE background	Chr2	10751135	10751484	350	0.911771277108941	0.90119335110944	0.879238353892846
BG_LTR_like_05771	Strict non-ONSEN TE background	Chr2	11076578	11077468	891	0.90421948095941	0.874973047995823	0.831984292773418
BG_LTR_like_05793	Strict non-ONSEN TE background	Chr2	11230835	11231050	216	0.857964312490596	0.839918695422185	0.768503958125342
BG_LTR_like_05794	Strict non-ONSEN TE background	Chr2	11281551	11281819	269	0.867920776853448	0.847866603596922	0.803855487565841
BG_LTR_like_05802	Strict non-ONSEN TE background	Chr2	11378541	11379063	523	1	0.990989674200992	0.952166442010971
BG_LTR_like_05803	Strict non-ONSEN TE background	Chr2	11386832	11387491	660	0.957552433785568	0.943015464596711	0.906215540693592
BG_LTR_like_05832	Strict non-ONSEN TE background	Chr2	11504378	11504852	475	0.877599931150928	0.850335375443562	0.807046463807093
BG_LTR_like_05833	Strict non-ONSEN TE background	Chr2	11655445	11656674	1230	0.947729284558774	0.930923735511057	0.832189035633212
BG_LTR_like_05844	Strict non-ONSEN TE background	Chr2	11723546	11723878	333	0.889299677309481	0.874751629891736	0.850864602928574
BG_LTR_like_05859	Strict non-ONSEN TE background	Chr2	11895002	11895297	296	0.85669491617223	0.831694329047719	0.795436606728494
BG_LTR_like_05873	Strict non-ONSEN TE background	Chr2	11939860	11940070	211	0.894990544126474	0.871476005964603	0.797298825042035
BG_LTR_like_05874	Strict non-ONSEN TE background	Chr2	11952513	11952791	279	0.957552433785568	0.920956414979485	0.895103553609623
BG_LTR_like_05903	Strict non-ONSEN TE background	Chr2	12297249	12297697	449	0.879892100731311	0.865303023474493	0.806636865209273
BG_LTR_like_06037	Strict non-ONSEN TE background	Chr2	13219028	13219292	265	0.892242353455546	0.865044197690034	0.786208288041491
BG_LTR_like_06081	Strict non-ONSEN TE background	Chr2	13484668	13484948	281	0.938823665407958	0.87508767326597	0.823465372795971
BG_LTR_like_06117	Strict non-ONSEN TE background	Chr2	13540631	13540985	355	0.892242353455546	0.864694388204438	0.791264272769282
BG_LTR_like_06118	Strict non-ONSEN TE background	Chr2	13624077	13624543	467	0.908112750225227	0.895908273510267	0.847436208897552
BG_LTR_like_06150	Strict non-ONSEN TE background	Chr2	13710236	13710745	510	0.892242353455546	0.875645220360009	0.806655994618605
BG_LTR_like_06169	Strict non-ONSEN TE background	Chr2	13863952	13864344	393	0.833749732462452	0.786385689000905	0.758611214212517
BG_LTR_like_06193	Strict non-ONSEN TE background	Chr2	14471754	14471981	228	0.855415942672477	0.833656666142996	0.78839165982115
BG_LTR_like_06241	Strict non-ONSEN TE background	Chr2	14534919	14535142	224	0.879892100731311	0.867885304461204	0.828158840396469
BG_LTR_like_06242	Strict non-ONSEN TE background	Chr2	14587144	14587573	430	0.835152364936496	0.810730298552249	0.775379298122007
BG_LTR_like_06243	Strict non-ONSEN TE background	Chr2	14652820	14653087	268	0.812932796845474	0.797346214678092	0.752257820963169
BG_LTR_like_06244	Strict non-ONSEN TE background	Chr2	14701313	14702080	768	0.920690443389928	0.899660915487105	0.841649031235622
BG_LTR_like_06247	Strict non-ONSEN TE background	Chr2	14713970	14714774	805	0.857964312490596	0.850934872380998	0.832589515549343
BG_LTR_like_06295	Strict non-ONSEN TE background	Chr2	14931771	14932013	243	0.836585332332818	0.829059719097292	0.814855521077771
BG_LTR_like_06337	Strict non-ONSEN TE background	Chr2	15094065	15094330	266	0.848850977547198	0.819608416327317	0.767934688142539
BG_LTR_like_06396	Strict non-ONSEN TE background	Chr2	15568219	15568759	541	0.866552349144862	0.857429347797171	0.842285918218516
BG_LTR_like_06461	Strict non-ONSEN TE background	Chr2	15980364	15980669	306	0.903334554177673	0.884982362127465	0.844525472907086
BG_LTR_like_06470	Strict non-ONSEN TE background	Chr2	16125701	16126499	799	0.950963921108573	0.921440998726001	0.885777640228464
BG_LTR_like_06662	Strict non-ONSEN TE background	Chr2	16814414	16814644	231	0.822183287717075	0.813307892614557	0.796630184669406
BG_LTR_like_06719	Strict non-ONSEN TE background	Chr2	17216814	17217059	246	0.830176971129714	0.802537127578974	0.740987214953749
BG_LTR_like_06875	Strict non-ONSEN TE background	Chr2	18351724	18351925	202	0.978131699864756	0.920095866055855	0.802340350880136
BG_LTR_like_06959	Strict non-ONSEN TE background	Chr2	18709169	18711006	1838	0.957552433785568	0.907290946263398	0.848594836296783
BG_LTR_like_07118	Strict non-ONSEN TE background	Chr3	81641	81852	212	0.744443906362653	0.726070978359516	0.709026363987983
BG_LTR_like_07177	Strict non-ONSEN TE background	Chr3	525370	526255	886	0.873901124043984	0.866859249042823	0.837711863250466
BG_LTR_like_07376	Strict non-ONSEN TE background	Chr3	1886534	1886737	204	0.848047824877444	0.825697542967818	0.803668823445245
BG_LTR_like_07397	Strict non-ONSEN TE background	Chr3	1986253	1986554	302	0.837535290043178	0.814437212170959	0.780413312679719
BG_LTR_like_07602	Strict non-ONSEN TE background	Chr3	3096744	3097057	314	0.833749732462452	0.809599045857448	0.768507976429352
BG_LTR_like_07841	Strict non-ONSEN TE background	Chr3	4295210	4295499	290	0.797531915519898	0.787332660725772	0.767621407317245
BG_LTR_like_07848	Strict non-ONSEN TE background	Chr3	4377061	4378171	1111	0.90668083605892	0.883799144080891	0.867691401478574
BG_LTR_like_08022	Strict non-ONSEN TE background	Chr3	5392741	5393070	330	0.817412467147858	0.807531688027274	0.775720750658123
BG_LTR_like_08064	Strict non-ONSEN TE background	Chr3	5914106	5914381	276	0.872679811912855	0.823506100215173	0.792790885682697
BG_LTR_like_08118	Strict non-ONSEN TE background	Chr3	6478386	6478610	225	0.807605439158403	0.776785882668404	0.746386586770209
BG_LTR_like_08149	Strict non-ONSEN TE background	Chr3	6541001	6541252	252	0.861615784538552	0.85786163176293	0.827988193907642
BG_LTR_like_08150	Strict non-ONSEN TE background	Chr3	6559701	6559994	294	0.801939966132751	0.765009175053644	0.734650114884281
BG_LTR_like_08191	Strict non-ONSEN TE background	Chr3	6610679	6610988	310	0.833749732462452	0.797337976368018	0.777503126935666
BG_LTR_like_08208	Strict non-ONSEN TE background	Chr3	6684072	6684389	318	0.920690443389928	0.898641287556811	0.85375500994734
BG_LTR_like_08244	Strict non-ONSEN TE background	Chr3	7351609	7351842	234	0.844337608750266	0.821005313600372	0.795326159425808
BG_LTR_like_08245	Strict non-ONSEN TE background	Chr3	7353041	7353274	234	0.844337608750266	0.82059085454411	0.79288104664306
BG_LTR_like_08246	Strict non-ONSEN TE background	Chr3	7354400	7354602	203	0.951567413453945	0.903007445387677	0.849153742326303
BG_LTR_like_08256	Strict non-ONSEN TE background	Chr3	7364738	7365130	393	0.801046971305715	0.793869923185572	0.764742867773287
BG_LTR_like_08268	Strict non-ONSEN TE background	Chr3	7387948	7388318	371	0.951567413453945	0.927885774902378	0.915098920219841
BG_LTR_like_08328	Strict non-ONSEN TE background	Chr3	7719534	7719803	270	0.871362404094767	0.829965043053411	0.776205938956194
BG_LTR_like_08329	Strict non-ONSEN TE background	Chr3	7721921	7722442	522	0.871362404094767	0.842806559790419	0.789416859098604
BG_LTR_like_08341	Strict non-ONSEN TE background	Chr3	7798557	7798791	235	0.870898340667466	0.83936038283423	0.783161333384746
BG_LTR_like_08346	Strict non-ONSEN TE background	Chr3	7806866	7807215	350	0.882549816981468	0.835258136507176	0.75852964042222
BG_LTR_like_08355	Strict non-ONSEN TE background	Chr3	7897536	7898460	925	0.863342624406677	0.847200347352092	0.822218044975008
BG_LTR_like_08370	Strict non-ONSEN TE background	Chr3	8173654	8173865	212	0.852125531077957	0.830469195954279	0.807340151643979
BG_LTR_like_08371	Strict non-ONSEN TE background	Chr3	8211962	8212353	392	0.892242353455546	0.874221457716185	0.768858605623623
BG_LTR_like_08396	Strict non-ONSEN TE background	Chr3	8410613	8411270	658	0.790175573728086	0.776308923144316	0.76033315476618
BG_LTR_like_08417	Strict non-ONSEN TE background	Chr3	8786957	8787162	206	0.76614740362749	0.746075821484597	0.713131138323924
BG_LTR_like_08418	Strict non-ONSEN TE background	Chr3	8861317	8861802	486	0.785497047062403	0.763666156533393	0.704704248289345
BG_LTR_like_08419	Strict non-ONSEN TE background	Chr3	8872329	8873544	1216	0.978131699864756	0.951852737148895	0.91578796122006
BG_LTR_like_08460	Strict non-ONSEN TE background	Chr3	9165321	9165572	252	0.845985493617133	0.815161488775631	0.769628701810825
BG_LTR_like_08461	Strict non-ONSEN TE background	Chr3	9322788	9323134	347	0.936888323873096	0.89020756797116	0.8209113209166
BG_LTR_like_08462	Strict non-ONSEN TE background	Chr3	9327694	9328269	576	0.911395603731751	0.891347250049293	0.859893803467109
BG_LTR_like_08465	Strict non-ONSEN TE background	Chr3	9331663	9332047	385	0.878434678598832	0.828838821409147	0.801678398863967
BG_LTR_like_08530	Strict non-ONSEN TE background	Chr3	9698528	9698795	268	0.877148587339202	0.842764121119537	0.757222065703167
BG_LTR_like_08531	Strict non-ONSEN TE background	Chr3	9698972	9699190	219	0.900038812099938	0.856882954256518	0.806654681624164
BG_LTR_like_08548	Strict non-ONSEN TE background	Chr3	9899561	9900766	1206	0.997057323853935	0.994168599502574	0.896890420252859
BG_LTR_like_08558	Strict non-ONSEN TE background	Chr3	10143845	10144217	373	0.86250309316364	0.840082006477031	0.80335973721598
BG_LTR_like_08587	Strict non-ONSEN TE background	Chr3	10385085	10385426	342	0.889299677309481	0.877758732319747	0.777291436063256
BG_LTR_like_08588	Strict non-ONSEN TE background	Chr3	10396327	10397920	1594	0.957552433785568	0.923243281828234	0.89040622931459
BG_LTR_like_08589	Strict non-ONSEN TE background	Chr3	10398064	10398408	345	0.817679708727523	0.791189428396094	0.755914176846404
BG_LTR_like_08590	Strict non-ONSEN TE background	Chr3	10400031	10400622	592	0.927565678020789	0.916876691864799	0.879376124346209
BG_LTR_like_08597	Strict non-ONSEN TE background	Chr3	10494694	10494973	280	0.861857174648111	0.847885865631384	0.829739909821884
BG_LTR_like_08598	Strict non-ONSEN TE background	Chr3	10495019	10495694	676	1	0.95905575176938	0.895680812611776
BG_LTR_like_08599	Strict non-ONSEN TE background	Chr3	10496815	10497195	381	0.837535290043178	0.813190575375329	0.789812892888147
BG_LTR_like_08600	Strict non-ONSEN TE background	Chr3	10500234	10500463	230	0.837636760761928	0.803388199956179	0.779144428062985
BG_LTR_like_08601	Strict non-ONSEN TE background	Chr3	10500634	10500913	280	0.852179084299774	0.824685742426568	0.797877745683601
BG_LTR_like_08602	Strict non-ONSEN TE background	Chr3	10522044	10522502	459	0.925362625658487	0.91059879436556	0.84241418425056
BG_LTR_like_08603	Strict non-ONSEN TE background	Chr3	10535168	10535406	239	0.868521675805656	0.85466266649081	0.809641107225852
BG_LTR_like_08604	Strict non-ONSEN TE background	Chr3	10546151	10547027	877	0.997057323853935	0.970911777897555	0.877696343929258
BG_LTR_like_08607	Strict non-ONSEN TE background	Chr3	10564357	10565242	886	0.997057323853935	0.97086651920572	0.872672100689463
BG_LTR_like_08625	Strict non-ONSEN TE background	Chr3	10982264	10982475	212	0.781996318535353	0.765850689153624	0.73868853406127
BG_LTR_like_08638	Strict non-ONSEN TE background	Chr3	11101256	11102041	786	0.904976059354961	0.859204254351062	0.825108072370159
BG_LTR_like_08639	Strict non-ONSEN TE background	Chr3	11121845	11122091	247	0.923633119535993	0.868040873754358	0.808731335221215
BG_LTR_like_08654	Strict non-ONSEN TE background	Chr3	11185500	11187434	1935	1	0.95952731016157	0.901224144300629
BG_LTR_like_08657	Strict non-ONSEN TE background	Chr3	11187435	11187873	439	0.845275151136929	0.837971785711654	0.808639210823934
BG_LTR_like_08658	Strict non-ONSEN TE background	Chr3	11195563	11195866	304	0.869958237282281	0.849249582304609	0.824208034967383
BG_LTR_like_08659	Strict non-ONSEN TE background	Chr3	11197034	11198152	1119	0.923633119535993	0.918615173499795	0.900152165237237
BG_LTR_like_08660	Strict non-ONSEN TE background	Chr3	11198191	11198725	535	0.997057323853935	0.973558995897563	0.841636217634344
BG_LTR_like_08661	Strict non-ONSEN TE background	Chr3	11218240	11218562	323	0.946953242334133	0.899030817342577	0.855614965979576
BG_LTR_like_08662	Strict non-ONSEN TE background	Chr3	11231601	11232569	969	0.936888323873096	0.921627551188733	0.885463714383815
BG_LTR_like_08663	Strict non-ONSEN TE background	Chr3	11232570	11233669	1100	0.892242353455546	0.885249761112673	0.806276887364905
BG_LTR_like_08692	Strict non-ONSEN TE background	Chr3	11352479	11354141	1663	0.997057323853935	0.984745431367002	0.927761383836253
BG_LTR_like_08699	Strict non-ONSEN TE background	Chr3	11387808	11388453	646	0.927521006042183	0.918585599831914	0.892975537622186
BG_LTR_like_08702	Strict non-ONSEN TE background	Chr3	11392706	11393765	1060	0.925362625658487	0.899127197100519	0.854078879845186
BG_LTR_like_08703	Strict non-ONSEN TE background	Chr3	11393821	11394418	598	0.908452927585686	0.894078806109217	0.85938970416913
BG_LTR_like_08717	Strict non-ONSEN TE background	Chr3	11495663	11496911	1249	0.892351665316562	0.881276235079973	0.835289575196247
BG_LTR_like_08718	Strict non-ONSEN TE background	Chr3	11509112	11509345	234	0.892351665316562	0.864531419119174	0.799136889481102
BG_LTR_like_08719	Strict non-ONSEN TE background	Chr3	11512957	11513763	807	0.87998285625761	0.854820059519158	0.809642045533139
BG_LTR_like_08720	Strict non-ONSEN TE background	Chr3	11521913	11522534	622	0.891630504730719	0.879563252267541	0.811690276259772
BG_LTR_like_08725	Strict non-ONSEN TE background	Chr3	11552015	11553785	1771	0.923633119535993	0.907891487869145	0.843461508545455
BG_LTR_like_08728	Strict non-ONSEN TE background	Chr3	11606974	11608180	1207	0.914982098538431	0.886351089556078	0.816558157636935
BG_LTR_like_08729	Strict non-ONSEN TE background	Chr3	11608271	11609297	1027	0.947729284558774	0.924645582294967	0.853212002353772
BG_LTR_like_08730	Strict non-ONSEN TE background	Chr3	11609457	11609698	242	0.925362625658487	0.898787377645389	0.77819726440236
BG_LTR_like_08736	Strict non-ONSEN TE background	Chr3	11621949	11622911	963	0.92709266628538	0.909942781372616	0.860734425791122
BG_LTR_like_08737	Strict non-ONSEN TE background	Chr3	11622912	11623774	863	0.889299677309481	0.879810923559011	0.842393835903219
BG_LTR_like_08738	Strict non-ONSEN TE background	Chr3	11632228	11632458	231	0.845985493617133	0.805055570994163	0.766804092287074
BG_LTR_like_08739	Strict non-ONSEN TE background	Chr3	11639063	11639517	455	0.911395603731751	0.903151276513246	0.877132647393633
BG_LTR_like_08742	Strict non-ONSEN TE background	Chr3	11642951	11644141	1191	0.879475922478708	0.868262721209619	0.818757265891248
BG_LTR_like_08743	Strict non-ONSEN TE background	Chr3	11678190	11678764	575	0.915952518386825	0.910820778573948	0.863829092117247
BG_LTR_like_08744	Strict non-ONSEN TE background	Chr3	11678765	11679153	389	0.90421948095941	0.888453901173702	0.848637707817698
BG_LTR_like_08745	Strict non-ONSEN TE background	Chr3	11743225	11744059	835	0.911395603731751	0.894472618385015	0.839627885918084
BG_LTR_like_08746	Strict non-ONSEN TE background	Chr3	11840594	11841374	781	0.957552433785568	0.941683764132682	0.909170294971752
BG_LTR_like_08749	Strict non-ONSEN TE background	Chr3	11846093	11846358	266	0.850972604722257	0.84633840956527	0.770636158032756
BG_LTR_like_08750	Strict non-ONSEN TE background	Chr3	11846359	11847378	1020	0.861653341254877	0.847921615508571	0.834237285555956
BG_LTR_like_08751	Strict non-ONSEN TE background	Chr3	11856700	11858051	1352	0.999007409629877	0.960734836971016	0.932204792888556
BG_LTR_like_08752	Strict non-ONSEN TE background	Chr3	11858052	11859203	1152	0.997057323853935	0.98141426729218	0.860538356220241
BG_LTR_like_08753	Strict non-ONSEN TE background	Chr3	11859219	11859835	617	0.911395603731751	0.883023953345045	0.840246847710949
BG_LTR_like_08754	Strict non-ONSEN TE background	Chr3	11868683	11869883	1201	0.882834776877376	0.875231582812545	0.825877678894568
BG_LTR_like_08758	Strict non-ONSEN TE background	Chr3	11893160	11894212	1053	1	0.941913639843866	0.891251694936143
BG_LTR_like_08759	Strict non-ONSEN TE background	Chr3	11900079	11901962	1884	0.892242353455546	0.884171521556105	0.848386816307344
BG_LTR_like_08778	Strict non-ONSEN TE background	Chr3	11926375	11926777	403	0.879892100731311	0.860894039784362	0.786149835828769
BG_LTR_like_08779	Strict non-ONSEN TE background	Chr3	11937546	11939163	1618	0.923633119535993	0.916421370440689	0.896704547774598
BG_LTR_like_08780	Strict non-ONSEN TE background	Chr3	11949431	11949755	325	0.908452927585686	0.890093117794749	0.832858185568349
BG_LTR_like_08781	Strict non-ONSEN TE background	Chr3	11950123	11950397	275	1	0.946729563674607	0.869156355985469
BG_LTR_like_08782	Strict non-ONSEN TE background	Chr3	11981228	11981687	460	0.916030719040699	0.867201985591083	0.808946620717844
BG_LTR_like_08783	Strict non-ONSEN TE background	Chr3	11997398	11997690	293	0.882549816981468	0.844352815408756	0.78516833823892
BG_LTR_like_08784	Strict non-ONSEN TE background	Chr3	11997691	11998176	486	0.947729284558774	0.895434404005525	0.818604305274876
BG_LTR_like_08785	Strict non-ONSEN TE background	Chr3	12008197	12009443	1247	0.911771277108941	0.886981017203954	0.866021000416298
BG_LTR_like_08786	Strict non-ONSEN TE background	Chr3	12009523	12009881	359	0.88912475505551	0.866558754137725	0.848491813725703
BG_LTR_like_08787	Strict non-ONSEN TE background	Chr3	12010015	12010442	428	0.908112750225227	0.899723828757787	0.850240930192058
BG_LTR_like_08788	Strict non-ONSEN TE background	Chr3	12011021	12011417	397	0.819218700658712	0.809225305438346	0.761700144277923
BG_LTR_like_08789	Strict non-ONSEN TE background	Chr3	12011434	12013213	1780	0.947729284558774	0.918761436559755	0.866495138715014
BG_LTR_like_08790	Strict non-ONSEN TE background	Chr3	12012220	12012427	208	0.869319079961817	0.811370423668275	0.755673027855468
BG_LTR_like_08791	Strict non-ONSEN TE background	Chr3	12012428	12012684	257	0.871362404094767	0.83191078742712	0.774064750244873
BG_LTR_like_08792	Strict non-ONSEN TE background	Chr3	12018829	12019174	346	0.830279101540242	0.815632244736771	0.79102353645927
BG_LTR_like_08795	Strict non-ONSEN TE background	Chr3	12051501	12053203	1703	0.901548316704525	0.878884257470186	0.86265935625738
BG_LTR_like_08796	Strict non-ONSEN TE background	Chr3	12053388	12054530	1143	1	0.954303927535212	0.869981130535805
BG_LTR_like_08797	Strict non-ONSEN TE background	Chr3	12056106	12056724	619	0.920690443389928	0.907516796673624	0.852955902460337
BG_LTR_like_08798	Strict non-ONSEN TE background	Chr3	12066377	12067209	833	0.868521675805656	0.855015059728652	0.830030435358391
BG_LTR_like_08801	Strict non-ONSEN TE background	Chr3	12073053	12073600	548	0.848947365947246	0.82264928040787	0.807485480867292
BG_LTR_like_08802	Strict non-ONSEN TE background	Chr3	12097606	12098316	711	0.912817162802645	0.903699591511692	0.865022784004804
BG_LTR_like_08803	Strict non-ONSEN TE background	Chr3	12102208	12102675	468	0.892242353455546	0.86672256925023	0.840263938897914
BG_LTR_like_08804	Strict non-ONSEN TE background	Chr3	12171590	12172283	694	0.882834776877376	0.87485558287455	0.84215742488118
BG_LTR_like_08805	Strict non-ONSEN TE background	Chr3	12172284	12173807	1524	0.906780813378805	0.892250469545696	0.837650497739278
BG_LTR_like_08806	Strict non-ONSEN TE background	Chr3	12174173	12175453	1281	0.892416192388914	0.887277345396286	0.856439780085655
BG_LTR_like_08807	Strict non-ONSEN TE background	Chr3	12177802	12179450	1649	0.923633119535993	0.911464996349984	0.869814998844994
BG_LTR_like_08812	Strict non-ONSEN TE background	Chr3	12191387	12191851	465	0.887059753066785	0.86606047675305	0.810434658584599
BG_LTR_like_08813	Strict non-ONSEN TE background	Chr3	12201754	12202073	320	0.836630620872462	0.811530888014973	0.778175218507751
BG_LTR_like_08814	Strict non-ONSEN TE background	Chr3	12205948	12206230	283	0.823846346326822	0.812110784228404	0.791298152358138
BG_LTR_like_08815	Strict non-ONSEN TE background	Chr3	12232750	12233684	935	0.923633119535993	0.909029661232543	0.841642857719122
BG_LTR_like_08818	Strict non-ONSEN TE background	Chr3	12261099	12262262	1164	0.963392514562758	0.951115070273038	0.906345827003305
BG_LTR_like_08819	Strict non-ONSEN TE background	Chr3	12275147	12275503	357	0.832100092946023	0.818080930903588	0.776949876049163
BG_LTR_like_08820	Strict non-ONSEN TE background	Chr3	12275507	12275925	419	0.879892100731311	0.859961813767859	0.777143150348855
BG_LTR_like_08821	Strict non-ONSEN TE background	Chr3	12285158	12286383	1226	0.91211130671291	0.905105183962455	0.864577822930304
BG_LTR_like_08824	Strict non-ONSEN TE background	Chr3	12294709	12295224	516	1	0.943231062206435	0.865595297537519
BG_LTR_like_08825	Strict non-ONSEN TE background	Chr3	12296104	12297531	1428	1	0.975699476426779	0.939196469873922
BG_LTR_like_08826	Strict non-ONSEN TE background	Chr3	12297532	12298224	693	0.908452927585686	0.896985965569453	0.865660254230532
BG_LTR_like_08827	Strict non-ONSEN TE background	Chr3	12308994	12309884	891	0.910549554500825	0.899504807086486	0.830520748654389
BG_LTR_like_08828	Strict non-ONSEN TE background	Chr3	12312856	12314639	1784	0.978131699864756	0.957334697510919	0.937538010245904
BG_LTR_like_08829	Strict non-ONSEN TE background	Chr3	12319497	12319862	366	0.947729284558774	0.893435940344639	0.810541482860432
BG_LTR_like_08830	Strict non-ONSEN TE background	Chr3	12319863	12320237	375	0.925362625658487	0.899127197100519	0.829612659833886
BG_LTR_like_08831	Strict non-ONSEN TE background	Chr3	12320253	12321302	1050	0.920690443389928	0.905843471355245	0.839150040792563
BG_LTR_like_08832	Strict non-ONSEN TE background	Chr3	12324112	12324876	765	0.920690443389928	0.894301208573124	0.8082145435416
BG_LTR_like_08833	Strict non-ONSEN TE background	Chr3	12324899	12325224	326	0.830279101540242	0.804291522671723	0.762914770098748
BG_LTR_like_08834	Strict non-ONSEN TE background	Chr3	12325737	12327358	1622	0.925362625658487	0.905530906435548	0.874004404556101
BG_LTR_like_08835	Strict non-ONSEN TE background	Chr3	12333153	12334300	1148	0.997057323853935	0.978730598383572	0.901060323075033
BG_LTR_like_08836	Strict non-ONSEN TE background	Chr3	12334365	12334823	459	0.897933220272539	0.858895536628145	0.808987922051378
BG_LTR_like_08837	Strict non-ONSEN TE background	Chr3	12339875	12341545	1671	0.999007409629877	0.993158294695127	0.983007998379523
BG_LTR_like_08838	Strict non-ONSEN TE background	Chr3	12342417	12343916	1500	0.957552433785568	0.936961020395978	0.8987739186989
BG_LTR_like_08845	Strict non-ONSEN TE background	Chr3	12373187	12374063	877	0.923633119535993	0.888388851101986	0.859626116674327
BG_LTR_like_08846	Strict non-ONSEN TE background	Chr3	12381769	12383061	1293	0.908452927585686	0.895865229249634	0.826666366786981
BG_LTR_like_08847	Strict non-ONSEN TE background	Chr3	12394083	12395860	1778	1	0.96849417538642	0.86827501542606
BG_LTR_like_08848	Strict non-ONSEN TE background	Chr3	12395861	12396677	817	0.862893843122801	0.822560786526552	0.797383245030425
BG_LTR_like_08849	Strict non-ONSEN TE background	Chr3	12403743	12404909	1167	0.892351665316562	0.882086049474195	0.827321622148639
BG_LTR_like_08850	Strict non-ONSEN TE background	Chr3	12427712	12428854	1143	0.893568083433106	0.88853988640988	0.856446853250164
BG_LTR_like_08851	Strict non-ONSEN TE background	Chr3	12460395	12461629	1235	0.997057323853935	0.976940935512123	0.859713621722742
BG_LTR_like_08852	Strict non-ONSEN TE background	Chr3	12473541	12474001	461	0.908452927585686	0.893120600028612	0.853737459352216
BG_LTR_like_08857	Strict non-ONSEN TE background	Chr3	12513641	12514125	485	0.908452927585686	0.894078806109217	0.849061787823641
BG_LTR_like_08860	Strict non-ONSEN TE background	Chr3	12514151	12515144	994	1	0.930293394976821	0.876329541485359
BG_LTR_like_08861	Strict non-ONSEN TE background	Chr3	12515145	12516314	1170	0.92333762544263	0.890169085250025	0.846787615315902
BG_LTR_like_08862	Strict non-ONSEN TE background	Chr3	12523604	12524094	491	0.889299677309481	0.867740191857187	0.818604305274876
BG_LTR_like_08863	Strict non-ONSEN TE background	Chr3	12524113	12524333	221	0.872425788611261	0.84553545224726	0.805839585299873
BG_LTR_like_08864	Strict non-ONSEN TE background	Chr3	12524363	12524574	212	0.863116792519472	0.842577662548002	0.820326329903481
BG_LTR_like_08865	Strict non-ONSEN TE background	Chr3	12524883	12526171	1289	0.897933220272539	0.892799942712132	0.878723034550832
BG_LTR_like_08873	Strict non-ONSEN TE background	Chr3	12531539	12531888	350	0.876197298676884	0.825489597122399	0.798292161413543
BG_LTR_like_08876	Strict non-ONSEN TE background	Chr3	12539771	12540250	480	0.819168218324121	0.810300969229508	0.797169000616268
BG_LTR_like_08877	Strict non-ONSEN TE background	Chr3	12546646	12547792	1147	0.963392514562758	0.946466771519071	0.907805600329923
BG_LTR_like_08882	Strict non-ONSEN TE background	Chr3	12572115	12572376	262	0.804777033100588	0.792156385260468	0.737689680284931
BG_LTR_like_08885	Strict non-ONSEN TE background	Chr3	12575634	12576554	921	1	0.976652492753641	0.925708008766284
BG_LTR_like_08886	Strict non-ONSEN TE background	Chr3	12581068	12582803	1736	0.923633119535993	0.906541515803542	0.865290791408251
BG_LTR_like_08887	Strict non-ONSEN TE background	Chr3	12607223	12608295	1073	1	0.95952731016157	0.884357042375791
BG_LTR_like_08890	Strict non-ONSEN TE background	Chr3	12636091	12637255	1165	0.997057323853935	0.978929116457597	0.902030081090261
BG_LTR_like_08891	Strict non-ONSEN TE background	Chr3	12643211	12644346	1136	1	0.947822707130634	0.912453020159011
BG_LTR_like_08893	Strict non-ONSEN TE background	Chr3	12673667	12674386	720	0.892242353455546	0.886340919100325	0.793414707637126
BG_LTR_like_08894	Strict non-ONSEN TE background	Chr3	12674733	12675672	940	0.892242353455546	0.883479637762773	0.845481298627336
BG_LTR_like_08897	Strict non-ONSEN TE background	Chr3	12695929	12696191	263	0.815092165951027	0.782619244115457	0.737106931668209
BG_LTR_like_08898	Strict non-ONSEN TE background	Chr3	12696669	12697027	359	0.894301347793422	0.875007598917753	0.818604305274876
BG_LTR_like_08899	Strict non-ONSEN TE background	Chr3	12697160	12697394	235	0.900777705854913	0.895695214114032	0.868183109128096
BG_LTR_like_08900	Strict non-ONSEN TE background	Chr3	12697395	12697874	480	0.908112750225227	0.880499378989176	0.830947966927472
BG_LTR_like_08901	Strict non-ONSEN TE background	Chr3	12698337	12699440	1104	0.925362625658487	0.899873323984502	0.864401848153462
BG_LTR_like_08902	Strict non-ONSEN TE background	Chr3	12699993	12700484	492	0.892351665316562	0.868281931607555	0.799942183935311
BG_LTR_like_08903	Strict non-ONSEN TE background	Chr3	12701513	12701728	216	0.83056406143615	0.814126884303017	0.726462144185442
BG_LTR_like_08904	Strict non-ONSEN TE background	Chr3	12701729	12702776	1048	0.911771277108941	0.879541654550092	0.834823723011785
BG_LTR_like_08905	Strict non-ONSEN TE background	Chr3	12703375	12703834	460	0.947729284558774	0.909625321816967	0.794517208260109
BG_LTR_like_08906	Strict non-ONSEN TE background	Chr3	12703835	12704086	252	0.889299677309481	0.875129545907	0.838485596292553
BG_LTR_like_08907	Strict non-ONSEN TE background	Chr3	12704087	12705151	1065	0.911395603731751	0.906894923463104	0.874302013514245
BG_LTR_like_08908	Strict non-ONSEN TE background	Chr3	12708554	12709039	486	0.925362625658487	0.908406923402642	0.856580857212136
BG_LTR_like_08909	Strict non-ONSEN TE background	Chr3	12709121	12710179	1059	0.867920776853448	0.850447669321815	0.811238870630675
BG_LTR_like_08910	Strict non-ONSEN TE background	Chr3	12710493	12710796	304	0.83997163801432	0.811596764255587	0.780596034678966
BG_LTR_like_08911	Strict non-ONSEN TE background	Chr3	12710853	12711711	859	1	0.953718201470868	0.877878130788396
BG_LTR_like_08912	Strict non-ONSEN TE background	Chr3	12711712	12713629	1918	0.947729284558774	0.918614453051912	0.877947871128987
BG_LTR_like_08915	Strict non-ONSEN TE background	Chr3	12713632	12714051	420	0.882834776877376	0.866833315591907	0.81508237742241
BG_LTR_like_08916	Strict non-ONSEN TE background	Chr3	12714052	12714882	831	0.896820812983446	0.880071903175238	0.846875795285788
BG_LTR_like_08917	Strict non-ONSEN TE background	Chr3	12721976	12723758	1783	0.923633119535993	0.906454030596704	0.866315058951048
BG_LTR_like_08922	Strict non-ONSEN TE background	Chr3	12747272	12748444	1173	0.925362625658487	0.894850158795363	0.85636345555171
BG_LTR_like_08923	Strict non-ONSEN TE background	Chr3	12757510	12758955	1446	1	0.957575462703108	0.903083288193937
BG_LTR_like_08926	Strict non-ONSEN TE background	Chr3	12758956	12760033	1078	0.882834776877376	0.875139092342823	0.860957504536574
BG_LTR_like_08927	Strict non-ONSEN TE background	Chr3	12760289	12761147	859	0.920690443389928	0.907516796673624	0.853439496924707
BG_LTR_like_08930	Strict non-ONSEN TE background	Chr3	12761242	12762244	1003	0.988279621516139	0.976565296359189	0.940862432442288
BG_LTR_like_08931	Strict non-ONSEN TE background	Chr3	12766384	12766751	368	0.848120693188501	0.836990903746529	0.821716167463126
BG_LTR_like_08932	Strict non-ONSEN TE background	Chr3	12781276	12782461	1186	1	0.929188228300784	0.885280399444297
BG_LTR_like_08939	Strict non-ONSEN TE background	Chr3	12803911	12804796	886	0.90668083605892	0.870297865184559	0.829044171621197
BG_LTR_like_08944	Strict non-ONSEN TE background	Chr3	12827525	12828689	1165	0.947729284558774	0.907139279078611	0.859177931249839
BG_LTR_like_08945	Strict non-ONSEN TE background	Chr3	12828220	12828482	263	0.889607567092204	0.872818709850202	0.826679276041411
BG_LTR_like_08946	Strict non-ONSEN TE background	Chr3	12828694	12829594	901	0.925362625658487	0.915153202231653	0.893086438907201
BG_LTR_like_08947	Strict non-ONSEN TE background	Chr3	12830137	12830579	443	0.908112750225227	0.899723828757787	0.871801331087714
BG_LTR_like_08948	Strict non-ONSEN TE background	Chr3	12918700	12919529	830	0.934310940015733	0.921330163910694	0.910959088285696
BG_LTR_like_08949	Strict non-ONSEN TE background	Chr3	12932972	12933247	276	0.894990544126474	0.873065783493457	0.828590355650758
BG_LTR_like_08950	Strict non-ONSEN TE background	Chr3	12940614	12941691	1078	0.947729284558774	0.920064435937531	0.83949859484143
BG_LTR_like_08956	Strict non-ONSEN TE background	Chr3	13017963	13018691	729	0.878151443592002	0.867507733215302	0.828860201308902
BG_LTR_like_08957	Strict non-ONSEN TE background	Chr3	13018692	13019487	796	0.920690443389928	0.903067042412914	0.857831803833114
BG_LTR_like_08960	Strict non-ONSEN TE background	Chr3	13023458	13024576	1119	0.914982098538431	0.897054811148659	0.84500218225186
BG_LTR_like_08963	Strict non-ONSEN TE background	Chr3	13024579	13026505	1927	0.978131699864756	0.957327788344081	0.907178464423786
BG_LTR_like_08964	Strict non-ONSEN TE background	Chr3	13026616	13027856	1241	0.908452927585686	0.895679021073081	0.822365073668667
BG_LTR_like_08981	Strict non-ONSEN TE background	Chr3	13083778	13083990	213	0.882834776877376	0.845364536498753	0.791957198855374
BG_LTR_like_08982	Strict non-ONSEN TE background	Chr3	13108698	13108916	219	0.911395603731751	0.903151276513246	0.863114318110182
BG_LTR_like_08983	Strict non-ONSEN TE background	Chr3	13111145	13112158	1014	0.925362625658487	0.898791053856471	0.863566792932876
BG_LTR_like_08984	Strict non-ONSEN TE background	Chr3	13114047	13115561	1515	0.957552433785568	0.921542039164362	0.848725571589887
BG_LTR_like_08985	Strict non-ONSEN TE background	Chr3	13115562	13116259	698	0.997057323853935	0.982007842557315	0.861899838945032
BG_LTR_like_08986	Strict non-ONSEN TE background	Chr3	13124323	13124581	259	0.908452927585686	0.896393005011616	0.84308536654655
BG_LTR_like_09001	Strict non-ONSEN TE background	Chr3	13197533	13197758	226	0.860906988636661	0.857199074526397	0.826142577733192
BG_LTR_like_09002	Strict non-ONSEN TE background	Chr3	13213691	13213898	208	0.863116792519472	0.843052168056979	0.820326329903481
BG_LTR_like_09003	Strict non-ONSEN TE background	Chr3	13214201	13215350	1150	0.999007409629877	0.950213644126636	0.877356646257916
BG_LTR_like_09004	Strict non-ONSEN TE background	Chr3	13215875	13216316	442	0.908112750225227	0.899723828757787	0.871801331087714
BG_LTR_like_09005	Strict non-ONSEN TE background	Chr3	13253601	13255143	1543	0.957552433785568	0.935608104081971	0.90503866605558
BG_LTR_like_09006	Strict non-ONSEN TE background	Chr3	13255632	13256072	441	1	0.931865998991853	0.811370611885183
BG_LTR_like_09007	Strict non-ONSEN TE background	Chr3	13278842	13279492	651	0.925362625658487	0.900088235802994	0.853212002353772
BG_LTR_like_09008	Strict non-ONSEN TE background	Chr3	13280052	13280603	552	1	0.931865998991853	0.811370611885183
BG_LTR_like_09009	Strict non-ONSEN TE background	Chr3	13360418	13360773	356	1	0.95202352551639	0.865968700086403
BG_LTR_like_09010	Strict non-ONSEN TE background	Chr3	13364557	13365970	1414	0.892351665316562	0.888600189939912	0.854762051287508
BG_LTR_like_09011	Strict non-ONSEN TE background	Chr3	13378734	13380490	1757	0.923633119535993	0.891743042942162	0.860574246295065
BG_LTR_like_09014	Strict non-ONSEN TE background	Chr3	13397646	13398863	1218	0.907138672685193	0.888615686169869	0.847376576731295
BG_LTR_like_09015	Strict non-ONSEN TE background	Chr3	13403143	13405030	1888	0.923633119535993	0.907050647634513	0.852853646765258
BG_LTR_like_09016	Strict non-ONSEN TE background	Chr3	13403172	13404934	1763	0.923633119535993	0.907050647634513	0.852853646765258
BG_LTR_like_09019	Strict non-ONSEN TE background	Chr3	13421918	13423042	1125	0.999007409629877	0.953323202536531	0.915238236099837
BG_LTR_like_09020	Strict non-ONSEN TE background	Chr3	13426217	13428215	1999	1	0.960308888293734	0.868494567324954
BG_LTR_like_09021	Strict non-ONSEN TE background	Chr3	13426798	13428003	1206	1	0.960308888293734	0.868494567324954
BG_LTR_like_09022	Strict non-ONSEN TE background	Chr3	13428315	13428657	343	0.817935044749617	0.799825850552899	0.772071253858884
BG_LTR_like_09023	Strict non-ONSEN TE background	Chr3	13428658	13429764	1107	0.920815554278179	0.891771037490169	0.839464548144427
BG_LTR_like_09026	Strict non-ONSEN TE background	Chr3	13439670	13440045	376	0.923633119535993	0.893044720168894	0.794062712072664
BG_LTR_like_09029	Strict non-ONSEN TE background	Chr3	13515567	13515866	300	0.866711107894412	0.823158372847667	0.789142583962291
BG_LTR_like_09030	Strict non-ONSEN TE background	Chr3	13520089	13520489	401	0.812946842669819	0.789737244048464	0.751316116158029
BG_LTR_like_09031	Strict non-ONSEN TE background	Chr3	13524137	13524650	514	0.920690443389928	0.905234520570152	0.864439840312265
BG_LTR_like_09032	Strict non-ONSEN TE background	Chr3	13533052	13534165	1114	0.923633119535993	0.918615173499795	0.874252266031633
BG_LTR_like_09033	Strict non-ONSEN TE background	Chr3	13541508	13542313	806	0.925362625658487	0.904230316984258	0.859541389979066
BG_LTR_like_09034	Strict non-ONSEN TE background	Chr3	13549014	13549325	312	0.820750615270938	0.796697757205797	0.768227724277425
BG_LTR_like_09035	Strict non-ONSEN TE background	Chr3	13563319	13564344	1026	0.915576015418653	0.894720249556271	0.868482359109134
BG_LTR_like_09036	Strict non-ONSEN TE background	Chr3	13564345	13565843	1499	1	0.962056213761003	0.876552911229579
BG_LTR_like_09037	Strict non-ONSEN TE background	Chr3	13574211	13575397	1187	0.914915010825448	0.906126508493846	0.855516350876394
BG_LTR_like_09040	Strict non-ONSEN TE background	Chr3	13583554	13584134	581	0.923633119535993	0.903868383251977	0.854489631247314
BG_LTR_like_09041	Strict non-ONSEN TE background	Chr3	13585654	13586905	1252	0.923633119535993	0.895413477536453	0.848491813725703
BG_LTR_like_09042	Strict non-ONSEN TE background	Chr3	13602818	13603228	411	0.906780813378805	0.872806651309971	0.815451622660022
BG_LTR_like_09043	Strict non-ONSEN TE background	Chr3	13633259	13634513	1255	0.947729284558774	0.915401240295028	0.845055719736196
BG_LTR_like_09044	Strict non-ONSEN TE background	Chr3	13639957	13640314	358	0.848947365947246	0.835103688924141	0.82683286547386
BG_LTR_like_09047	Strict non-ONSEN TE background	Chr3	13657386	13657682	297	0.997057323853935	0.978680869833875	0.909249777387654
BG_LTR_like_09048	Strict non-ONSEN TE background	Chr3	13657685	13659434	1750	0.923633119535993	0.9137189503146	0.865290791408251
BG_LTR_like_09049	Strict non-ONSEN TE background	Chr3	13659436	13660050	615	0.911395603731751	0.885902250231956	0.846424933580789
BG_LTR_like_09050	Strict non-ONSEN TE background	Chr3	13674152	13674752	601	0.889299677309481	0.880249099246588	0.859861082275713
BG_LTR_like_09051	Strict non-ONSEN TE background	Chr3	13680458	13681807	1350	0.892242353455546	0.887406755695155	0.83944660580037
BG_LTR_like_09052	Strict non-ONSEN TE background	Chr3	13738094	13739443	1350	0.892242353455546	0.887406755695155	0.83944660580037
BG_LTR_like_09053	Strict non-ONSEN TE background	Chr3	13801246	13801715	470	0.847498591611461	0.816988631563964	0.790780937393859
BG_LTR_like_09054	Strict non-ONSEN TE background	Chr3	13823947	13825759	1813	1	0.952986676949808	0.92303355743638
BG_LTR_like_09055	Strict non-ONSEN TE background	Chr3	13834442	13834892	451	0.862768308928416	0.826269768968777	0.786849647710285
BG_LTR_like_09056	Strict non-ONSEN TE background	Chr3	13877564	13878027	464	0.997057323853935	0.9714141275829	0.840194153607918
BG_LTR_like_09057	Strict non-ONSEN TE background	Chr3	13882807	13883759	953	0.953230354341334	0.910215756308256	0.873794067182104
BG_LTR_like_09060	Strict non-ONSEN TE background	Chr3	13924473	13925095	623	0.905790190621108	0.866066988953548	0.831119914052071
BG_LTR_like_09061	Strict non-ONSEN TE background	Chr3	13929537	13930184	648	0.841891183714479	0.825934766076059	0.811872955433457
BG_LTR_like_09062	Strict non-ONSEN TE background	Chr3	13933809	13934345	537	0.856094249426994	0.837541770616248	0.801179024296876
BG_LTR_like_09063	Strict non-ONSEN TE background	Chr3	13934393	13935886	1494	0.925362625658487	0.900306273930829	0.864516231846917
BG_LTR_like_09064	Strict non-ONSEN TE background	Chr3	13943609	13944323	715	0.957552433785568	0.920409047134518	0.881849925441732
BG_LTR_like_09065	Strict non-ONSEN TE background	Chr3	13944324	13945162	839	0.923633119535993	0.900309874659548	0.86502786674708
BG_LTR_like_09066	Strict non-ONSEN TE background	Chr3	13945303	13946458	1156	0.997057323853935	0.982007842557315	0.90229728358854
BG_LTR_like_09067	Strict non-ONSEN TE background	Chr3	13965706	13966235	530	0.978131699864756	0.948513888189906	0.8905353020244
BG_LTR_like_09068	Strict non-ONSEN TE background	Chr3	13976576	13977521	946	0.92666792901038	0.901385851506589	0.878327804728766
BG_LTR_like_09069	Strict non-ONSEN TE background	Chr3	13978137	13978974	838	0.90490087573537	0.882565989305677	0.843655894998807
BG_LTR_like_09070	Strict non-ONSEN TE background	Chr3	13992692	13993512	821	0.935303530385856	0.919059864235925	0.903327021568654
BG_LTR_like_09071	Strict non-ONSEN TE background	Chr3	14002794	14004575	1782	0.941282604476996	0.915420006319762	0.895405053790227
BG_LTR_like_09072	Strict non-ONSEN TE background	Chr3	14014730	14015925	1196	0.882834776877376	0.875640144299066	0.811056466871784
BG_LTR_like_09073	Strict non-ONSEN TE background	Chr3	14019020	14019867	848	1	0.952232489415629	0.860387299673511
BG_LTR_like_09074	Strict non-ONSEN TE background	Chr3	14022763	14023463	701	0.900315803793535	0.848744934004231	0.806642883977073
BG_LTR_like_09075	Strict non-ONSEN TE background	Chr3	14023620	14025243	1624	0.947729284558774	0.931269636735555	0.86345068751463
BG_LTR_like_09076	Strict non-ONSEN TE background	Chr3	14025884	14026088	205	0.911395603731751	0.870895295952848	0.804422705792674
BG_LTR_like_09077	Strict non-ONSEN TE background	Chr3	14039625	14040006	382	0.861735438624472	0.843004118581841	0.827626951649691
BG_LTR_like_09080	Strict non-ONSEN TE background	Chr3	14076847	14077500	654	0.841711196022961	0.835355752971087	0.823553205205868
BG_LTR_like_09081	Strict non-ONSEN TE background	Chr3	14081520	14081963	444	0.862768308928416	0.822759132697428	0.792781613516051
BG_LTR_like_09082	Strict non-ONSEN TE background	Chr3	14098527	14100404	1878	0.892242353455546	0.887406755695155	0.828915209099076
BG_LTR_like_09083	Strict non-ONSEN TE background	Chr3	14114216	14115699	1484	0.957552433785568	0.920460705587499	0.850516670373942
BG_LTR_like_09084	Strict non-ONSEN TE background	Chr3	14117422	14117624	203	0.877148587339202	0.851591800281257	0.791950229866729
BG_LTR_like_09085	Strict non-ONSEN TE background	Chr3	14118216	14119439	1224	0.925362625658487	0.910805996169833	0.826688836725871
BG_LTR_like_09086	Strict non-ONSEN TE background	Chr3	14131690	14132041	352	0.925362625658487	0.906560011489542	0.87326132825551
BG_LTR_like_09087	Strict non-ONSEN TE background	Chr3	14138245	14139567	1323	0.957552433785568	0.920460705587499	0.850516670373942
BG_LTR_like_09088	Strict non-ONSEN TE background	Chr3	14140317	14141529	1213	0.925362625658487	0.910805996169833	0.826688836725871
BG_LTR_like_09091	Strict non-ONSEN TE background	Chr3	14159221	14159681	461	0.803074683157641	0.778857169468075	0.729065486815291
BG_LTR_like_09092	Strict non-ONSEN TE background	Chr3	14165713	14167036	1324	0.906780813378805	0.882722669027393	0.840470023301458
BG_LTR_like_09093	Strict non-ONSEN TE background	Chr3	14167162	14168770	1609	0.957552433785568	0.921621020919632	0.891242253233718
BG_LTR_like_09096	Strict non-ONSEN TE background	Chr3	14168912	14169865	954	0.957552433785568	0.927960927990158	0.907020134267458
BG_LTR_like_09097	Strict non-ONSEN TE background	Chr3	14169886	14170229	344	0.997057323853935	0.970316881071535	0.858788684755948
BG_LTR_like_09098	Strict non-ONSEN TE background	Chr3	14225156	14226651	1496	0.906780813378805	0.89781659321239	0.850045570839641
BG_LTR_like_09105	Strict non-ONSEN TE background	Chr3	14260361	14261508	1148	1	0.953718201470868	0.885420897923408
BG_LTR_like_09106	Strict non-ONSEN TE background	Chr3	14261689	14263320	1632	0.925362625658487	0.89392306232497	0.836399582736531
BG_LTR_like_09111	Strict non-ONSEN TE background	Chr3	14294414	14295696	1283	0.939524459644417	0.924067981188694	0.907805600329923
BG_LTR_like_09112	Strict non-ONSEN TE background	Chr3	14295720	14297040	1321	0.898646366790269	0.889878986234972	0.84605648146618
BG_LTR_like_09113	Strict non-ONSEN TE background	Chr3	14334966	14335303	338	0.855397577148345	0.836395868182335	0.816155703111696
BG_LTR_like_09114	Strict non-ONSEN TE background	Chr3	14336547	14336987	441	0.882834776877376	0.868415502479911	0.796142537787549
BG_LTR_like_09117	Strict non-ONSEN TE background	Chr3	14352843	14353591	749	0.862893843122801	0.829827093624892	0.802605305248789
BG_LTR_like_09118	Strict non-ONSEN TE background	Chr3	14353592	14355335	1744	0.957552433785568	0.936542540535683	0.90503866605558
BG_LTR_like_09119	Strict non-ONSEN TE background	Chr3	14362155	14362618	464	0.915952518386825	0.895507999152679	0.854224967967393
BG_LTR_like_09120	Strict non-ONSEN TE background	Chr3	14379638	14380048	411	0.892242353455546	0.866636708559385	0.82929122889023
BG_LTR_like_09121	Strict non-ONSEN TE background	Chr3	14388173	14389883	1711	0.941350690695093	0.895843009775594	0.874105850553591
BG_LTR_like_09124	Strict non-ONSEN TE background	Chr3	14395168	14395471	304	0.83997163801432	0.817073399142551	0.780596034678966
BG_LTR_like_09128	Strict non-ONSEN TE background	Chr3	14403947	14404848	902	0.903208981207187	0.897981900395277	0.8838203727788
BG_LTR_like_09129	Strict non-ONSEN TE background	Chr3	14406014	14406701	688	0.978131699864756	0.955366212979975	0.908835566356671
BG_LTR_like_09132	Strict non-ONSEN TE background	Chr3	14409644	14411463	1820	0.895061251649291	0.888559070563117	0.836254700860308
BG_LTR_like_09135	Strict non-ONSEN TE background	Chr3	14419638	14420107	470	0.859124888290525	0.838040423158586	0.796067554922277
BG_LTR_like_09136	Strict non-ONSEN TE background	Chr3	14425185	14425408	224	0.846915407889951	0.809447537959703	0.74124293587117
BG_LTR_like_09137	Strict non-ONSEN TE background	Chr3	14431523	14432354	832	0.905790190621108	0.892970226369469	0.842101824269685
BG_LTR_like_09140	Strict non-ONSEN TE background	Chr3	14436931	14437139	209	0.925362625658487	0.894403563032422	0.826124987619012
BG_LTR_like_09143	Strict non-ONSEN TE background	Chr3	14440168	14441460	1293	1	0.919320548443533	0.863971209353859
BG_LTR_like_09145	Strict non-ONSEN TE background	Chr3	14451361	14453088	1728	0.999007409629877	0.965203488254288	0.944500982906432
BG_LTR_like_09146	Strict non-ONSEN TE background	Chr3	14453089	14454316	1228	0.997057323853935	0.984546913292977	0.916553290621668
BG_LTR_like_09147	Strict non-ONSEN TE background	Chr3	14454597	14455808	1212	0.914982098538431	0.902393683420057	0.852471718683237
BG_LTR_like_09148	Strict non-ONSEN TE background	Chr3	14460547	14460935	389	0.8907174518802	0.880132173609605	0.854771235419196
BG_LTR_like_09149	Strict non-ONSEN TE background	Chr3	14461059	14461661	603	0.8907174518802	0.88182717515574	0.864186730160058
BG_LTR_like_09150	Strict non-ONSEN TE background	Chr3	14474027	14474686	660	0.999007409629877	0.960734836971016	0.932204792888556
BG_LTR_like_09151	Strict non-ONSEN TE background	Chr3	14476938	14478349	1412	0.963392514562758	0.944002099630432	0.921251985371349
BG_LTR_like_09152	Strict non-ONSEN TE background	Chr3	14483417	14483815	399	0.925362625658487	0.917449981648148	0.818418161429601
BG_LTR_like_09153	Strict non-ONSEN TE background	Chr3	14483820	14485375	1556	0.923633119535993	0.899381768477151	0.823124292224949
BG_LTR_like_09154	Strict non-ONSEN TE background	Chr3	14485379	14485988	610	0.840612347260976	0.837437727384125	0.820728168069092
BG_LTR_like_09155	Strict non-ONSEN TE background	Chr3	14488958	14490185	1228	0.892351665316562	0.882986398036401	0.838539056661115
BG_LTR_like_09156	Strict non-ONSEN TE background	Chr3	14495505	14497162	1658	0.997057323853935	0.976463264075344	0.877595042786372
BG_LTR_like_09159	Strict non-ONSEN TE background	Chr3	14514027	14514596	570	0.906780813378805	0.883769170570958	0.85790421321058
BG_LTR_like_09160	Strict non-ONSEN TE background	Chr3	14541775	14542039	265	0.908452927585686	0.886894614508613	0.788002606833656
BG_LTR_like_09161	Strict non-ONSEN TE background	Chr3	14542046	14543957	1912	1	0.956199836644404	0.917554451275785
BG_LTR_like_09162	Strict non-ONSEN TE background	Chr3	14544970	14545414	445	0.889299677309481	0.871154700639902	0.790653402414232
BG_LTR_like_09163	Strict non-ONSEN TE background	Chr3	14549334	14551093	1760	1	0.95014479361784	0.872305988604149
BG_LTR_like_09164	Strict non-ONSEN TE background	Chr3	14551094	14551780	687	0.925362625658487	0.903088727979888	0.825341215801696
BG_LTR_like_09165	Strict non-ONSEN TE background	Chr3	14556858	14558690	1833	0.997057323853935	0.972284671222985	0.884983294814776
BG_LTR_like_09168	Strict non-ONSEN TE background	Chr3	14583064	14583637	574	0.882549816981468	0.852472562969099	0.823824120137438
BG_LTR_like_09169	Strict non-ONSEN TE background	Chr3	14583638	14584085	448	0.863342624406677	0.855452873868865	0.817496139482429
BG_LTR_like_09170	Strict non-ONSEN TE background	Chr3	14610529	14611248	720	0.892783069051394	0.876553362681189	0.86033129874268
BG_LTR_like_09171	Strict non-ONSEN TE background	Chr3	14611249	14613046	1798	0.947729284558774	0.916961535854125	0.877050969015695
BG_LTR_like_09178	Strict non-ONSEN TE background	Chr3	14663067	14663359	293	0.867920776853448	0.846186283867291	0.801080341363113
BG_LTR_like_09179	Strict non-ONSEN TE background	Chr3	14678421	14679610	1190	0.997057323853935	0.982514481248692	0.90109616215384
BG_LTR_like_09180	Strict non-ONSEN TE background	Chr3	14685003	14685320	318	0.925362625658487	0.91518281937656	0.831509542981462
BG_LTR_like_09183	Strict non-ONSEN TE background	Chr3	14701787	14702333	547	0.925362625658487	0.916875316640213	0.844771698641023
BG_LTR_like_09184	Strict non-ONSEN TE background	Chr3	14702340	14703403	1064	0.925362625658487	0.9026770528952	0.860428010189752
BG_LTR_like_09185	Strict non-ONSEN TE background	Chr3	14711557	14712270	714	1	0.953718201470868	0.853389406108589
BG_LTR_like_09186	Strict non-ONSEN TE background	Chr3	14712271	14712480	210	0.892242353455546	0.848126377279976	0.739577420880411
BG_LTR_like_09187	Strict non-ONSEN TE background	Chr3	14713076	14714535	1460	0.950697160884448	0.927694647988616	0.880350191730559
BG_LTR_like_09188	Strict non-ONSEN TE background	Chr3	14749400	14750294	895	0.851610772039198	0.845383106212045	0.821721976144008
BG_LTR_like_09193	Strict non-ONSEN TE background	Chr3	14788099	14789519	1421	0.94429483225512	0.908709791641355	0.842655990012024
BG_LTR_like_09194	Strict non-ONSEN TE background	Chr3	14792381	14792699	319	0.911771277108941	0.886096697971008	0.844943910986217
BG_LTR_like_09195	Strict non-ONSEN TE background	Chr3	14793856	14795319	1464	0.920690443389928	0.908373642075934	0.829617142861656
BG_LTR_like_09200	Strict non-ONSEN TE background	Chr3	14808516	14808744	229	0.872556259205417	0.812517826307493	0.784423792463654
BG_LTR_like_09201	Strict non-ONSEN TE background	Chr3	14810296	14810501	206	0.804901883163667	0.795125104626724	0.766765702514798
BG_LTR_like_09202	Strict non-ONSEN TE background	Chr3	14812925	14813275	351	0.897933220272539	0.879561320197991	0.817910113545162
BG_LTR_like_09203	Strict non-ONSEN TE background	Chr3	14865365	14866189	825	0.905790190621108	0.891589438459656	0.844720393064058
BG_LTR_like_09204	Strict non-ONSEN TE background	Chr3	14888720	14889900	1181	0.893998317851311	0.879660163572598	0.848370610058882
BG_LTR_like_09207	Strict non-ONSEN TE background	Chr3	14899867	14900746	880	0.997057323853935	0.976940935512123	0.877756640343389
BG_LTR_like_09212	Strict non-ONSEN TE background	Chr3	14935437	14936238	802	0.882834776877376	0.855992106299738	0.821936706692489
BG_LTR_like_09213	Strict non-ONSEN TE background	Chr3	14965791	14967005	1215	0.947729284558774	0.930335200281844	0.864345895481134
BG_LTR_like_09214	Strict non-ONSEN TE background	Chr3	14983091	14983293	203	0.854876855721713	0.799504291496732	0.753274717190607
BG_LTR_like_09215	Strict non-ONSEN TE background	Chr3	14983697	14984905	1209	0.882549816981468	0.862700903556801	0.805868257886808
BG_LTR_like_09216	Strict non-ONSEN TE background	Chr3	14984906	14985205	300	0.950697160884448	0.927694647988616	0.880350191730559
BG_LTR_like_09217	Strict non-ONSEN TE background	Chr3	14985206	14986928	1723	0.925362625658487	0.910361665085936	0.843707976721948
BG_LTR_like_09220	Strict non-ONSEN TE background	Chr3	15002511	15003066	556	0.868072422848342	0.832649631150138	0.775504586618739
BG_LTR_like_09221	Strict non-ONSEN TE background	Chr3	15003067	15004901	1835	0.892634135740878	0.888308053699735	0.875863708254228
BG_LTR_like_09222	Strict non-ONSEN TE background	Chr3	15005151	15005459	309	0.889299677309481	0.873416384742954	0.786035720204327
BG_LTR_like_09229	Strict non-ONSEN TE background	Chr3	15098793	15099111	319	0.876965271943466	0.842484460254681	0.811987502167667
BG_LTR_like_09230	Strict non-ONSEN TE background	Chr3	15099112	15099957	846	0.923633119535993	0.872763870750895	0.830014982299535
BG_LTR_like_09231	Strict non-ONSEN TE background	Chr3	15117515	15117896	382	0.862711383097204	0.848560337566318	0.813827834694746
BG_LTR_like_09232	Strict non-ONSEN TE background	Chr3	15118031	15118449	419	0.773808057654485	0.765401768742778	0.744578905071098
BG_LTR_like_09233	Strict non-ONSEN TE background	Chr3	15129713	15130875	1163	0.997057323853935	0.984546913292977	0.925058064874931
BG_LTR_like_09234	Strict non-ONSEN TE background	Chr3	15136332	15137461	1130	0.894990544126474	0.874526392362408	0.821761178975033
BG_LTR_like_09241	Strict non-ONSEN TE background	Chr3	15186814	15187042	229	0.817679708727523	0.810600726030311	0.766184970588842
BG_LTR_like_09244	Strict non-ONSEN TE background	Chr3	15205490	15205824	335	0.889299677309481	0.870748029989783	0.84211629486793
BG_LTR_like_09245	Strict non-ONSEN TE background	Chr3	15206649	15207059	411	0.889299677309481	0.878569204354606	0.857583603570664
BG_LTR_like_09246	Strict non-ONSEN TE background	Chr3	15217646	15217855	210	0.903208981207187	0.899435168536068	0.854463378122144
BG_LTR_like_09249	Strict non-ONSEN TE background	Chr3	15250439	15250952	514	0.920690443389928	0.897743097713978	0.859680473224607
BG_LTR_like_09250	Strict non-ONSEN TE background	Chr3	15298688	15298922	235	0.84382879837721	0.824202742547326	0.802432588179919
BG_LTR_like_09251	Strict non-ONSEN TE background	Chr3	15298931	15299628	698	0.88656325891854	0.857647191252343	0.832121765991658
BG_LTR_like_09256	Strict non-ONSEN TE background	Chr3	15312683	15313410	728	0.892542292485335	0.877908210054807	0.858394294494586
BG_LTR_like_09257	Strict non-ONSEN TE background	Chr3	15314815	15315966	1152	0.892351665316562	0.881276235079973	0.816558157636935
BG_LTR_like_09258	Strict non-ONSEN TE background	Chr3	15333930	15334569	640	0.967816266301297	0.945287365374174	0.921178197030394
BG_LTR_like_09259	Strict non-ONSEN TE background	Chr3	15352845	15353060	216	0.908452927585686	0.893230994174021	0.869272260263831
BG_LTR_like_09262	Strict non-ONSEN TE background	Chr3	15390502	15391219	718	0.880573354816919	0.874410070535706	0.830292667414379
BG_LTR_like_09263	Strict non-ONSEN TE background	Chr3	15394489	15394907	419	0.830232245698424	0.814194098237033	0.793852002540797
BG_LTR_like_09270	Strict non-ONSEN TE background	Chr3	15410361	15410693	333	0.894301347793422	0.875007598917753	0.815985987998851
BG_LTR_like_09271	Strict non-ONSEN TE background	Chr3	15411834	15412163	330	0.869666124662704	0.851785196724432	0.800965837584931
BG_LTR_like_09272	Strict non-ONSEN TE background	Chr3	15416733	15417059	327	0.882597353525617	0.843724324695974	0.806291723171084
BG_LTR_like_09273	Strict non-ONSEN TE background	Chr3	15418212	15418446	235	0.835935206264934	0.806695012495219	0.79334401634283
BG_LTR_like_09274	Strict non-ONSEN TE background	Chr3	15419533	15419855	323	0.869666124662704	0.852424885079741	0.800965837584931
BG_LTR_like_09284	Strict non-ONSEN TE background	Chr3	15470922	15472582	1661	0.923633119535993	0.909029661232543	0.859188810368293
BG_LTR_like_09298	Strict non-ONSEN TE background	Chr3	15593733	15593941	209	0.877148587339202	0.832392843090049	0.787854591263257
BG_LTR_like_09301	Strict non-ONSEN TE background	Chr3	15627976	15629280	1305	0.961845487057053	0.921599942284512	0.875820608328679
BG_LTR_like_09302	Strict non-ONSEN TE background	Chr3	15650342	15650778	437	0.90673664433885	0.869656956504679	0.836614090894615
BG_LTR_like_09303	Strict non-ONSEN TE background	Chr3	15672948	15674862	1915	0.868783708025195	0.856518295372521	0.842101824269685
BG_LTR_like_09306	Strict non-ONSEN TE background	Chr3	15710590	15711475	886	0.930146493599341	0.921711217476379	0.905028274483987
BG_LTR_like_09310	Strict non-ONSEN TE background	Chr3	15788941	15789187	247	0.914982098538431	0.874072812070306	0.816558157636935
BG_LTR_like_09311	Strict non-ONSEN TE background	Chr3	15813075	15814056	982	0.859124888290525	0.85549079102717	0.830881035520211
BG_LTR_like_09316	Strict non-ONSEN TE background	Chr3	15830091	15831297	1207	0.908452927585686	0.906244964477153	0.877132647393633
BG_LTR_like_09317	Strict non-ONSEN TE background	Chr3	15834278	15834506	229	0.864037173044637	0.809368275758651	0.743932060653486
BG_LTR_like_09318	Strict non-ONSEN TE background	Chr3	15857079	15858622	1544	0.889457481291927	0.879937568090107	0.863691885983401
BG_LTR_like_09321	Strict non-ONSEN TE background	Chr3	15958444	15959799	1356	1	0.950453731316857	0.926076476758372
BG_LTR_like_09326	Strict non-ONSEN TE background	Chr3	15996352	15996947	596	0.819364624482873	0.812164556953994	0.797079036467785
BG_LTR_like_09327	Strict non-ONSEN TE background	Chr3	15998598	16000147	1550	0.894357236270867	0.885128145631111	0.841054759554201
BG_LTR_like_09330	Strict non-ONSEN TE background	Chr3	16078964	16079586	623	0.915952518386825	0.894921414902397	0.852015400016843
BG_LTR_like_09337	Strict non-ONSEN TE background	Chr3	16161771	16162031	261	0.81587547299154	0.806431009925312	0.756218718809175
BG_LTR_like_09338	Strict non-ONSEN TE background	Chr3	16162032	16162502	471	0.894301347793422	0.883584291690828	0.818604305274876
BG_LTR_like_09369	Strict non-ONSEN TE background	Chr3	16396171	16396651	481	1	0.917982216444129	0.879094777802408
BG_LTR_like_09370	Strict non-ONSEN TE background	Chr3	16437073	16437305	233	0.854482090418923	0.801060945047247	0.755663711969215
BG_LTR_like_09371	Strict non-ONSEN TE background	Chr3	16437456	16438632	1177	0.908452927585686	0.905826982383305	0.85937309308986
BG_LTR_like_09394	Strict non-ONSEN TE background	Chr3	16501854	16502250	397	0.83997163801432	0.799881904803997	0.732829058511673
BG_LTR_like_09395	Strict non-ONSEN TE background	Chr3	16502393	16502941	549	0.925362625658487	0.887071902322815	0.816215250139982
BG_LTR_like_09442	Strict non-ONSEN TE background	Chr3	16975975	16976198	224	0.906614214321015	0.850410583651431	0.800012047021128
BG_LTR_like_09443	Strict non-ONSEN TE background	Chr3	17000345	17000635	291	0.935303530385856	0.909656723118002	0.838282525432145
BG_LTR_like_09450	Strict non-ONSEN TE background	Chr3	17067427	17067664	238	0.790167413525118	0.768592219918571	0.740986975063924
BG_LTR_like_09453	Strict non-ONSEN TE background	Chr3	17067682	17068707	1026	0.892242353455546	0.875043485078388	0.81566875513012
BG_LTR_like_09454	Strict non-ONSEN TE background	Chr3	17081172	17081475	304	0.911395603731751	0.866993442827142	0.813620757606104
BG_LTR_like_09479	Strict non-ONSEN TE background	Chr3	17205704	17205980	277	0.846621481003856	0.813307345068989	0.798836764042413
BG_LTR_like_09486	Strict non-ONSEN TE background	Chr3	17226020	17227205	1186	0.997057323853935	0.984546913292977	0.916553290621668
BG_LTR_like_09489	Strict non-ONSEN TE background	Chr3	17421065	17421397	333	0.871362404094767	0.850696026960569	0.807376534320626
BG_LTR_like_09490	Strict non-ONSEN TE background	Chr3	17640547	17641085	539	0.900294865106157	0.876206302380299	0.802276191148862
BG_LTR_like_09520	Strict non-ONSEN TE background	Chr3	17914131	17914576	446	0.856487351505556	0.840364609961848	0.800356672907929
BG_LTR_like_09530	Strict non-ONSEN TE background	Chr3	17984181	17985366	1186	0.912336657185325	0.903684443920429	0.875681729083487
BG_LTR_like_09531	Strict non-ONSEN TE background	Chr3	17984422	17984975	554	0.912336657185325	0.902501036024568	0.86453478496957
BG_LTR_like_09566	Strict non-ONSEN TE background	Chr3	18195992	18196394	403	0.850972604722257	0.84633840956527	0.830718682294261
BG_LTR_like_09599	Strict non-ONSEN TE background	Chr3	18266402	18266966	565	0.892351665316562	0.886362928704224	0.868398555044811
BG_LTR_like_09600	Strict non-ONSEN TE background	Chr3	18459993	18460664	672	0.889299677309481	0.877765078840836	0.844678244715198
BG_LTR_like_09603	Strict non-ONSEN TE background	Chr3	18508418	18508861	444	0.818637709486812	0.806101369296378	0.747981083133632
BG_LTR_like_09616	Strict non-ONSEN TE background	Chr3	18830891	18831092	202	0.862161290850588	0.809948206384422	0.762906245514078
BG_LTR_like_09623	Strict non-ONSEN TE background	Chr3	18864262	18864638	377	0.883650061500741	0.8731002835932	0.80939767953813
BG_LTR_like_09624	Strict non-ONSEN TE background	Chr3	18864639	18865407	769	0.904136570872775	0.864859212851937	0.834872259700172
BG_LTR_like_09716	Strict non-ONSEN TE background	Chr3	19478204	19478683	480	0.864941385721441	0.827066624366759	0.792994478792129
BG_LTR_like_09717	Strict non-ONSEN TE background	Chr3	19482031	19482267	237	0.854336756786045	0.836418012959786	0.778062179159036
BG_LTR_like_09720	Strict non-ONSEN TE background	Chr3	19533925	19534234	310	0.892351665316562	0.870109790278378	0.848415608643647
BG_LTR_like_09721	Strict non-ONSEN TE background	Chr3	19544458	19544960	503	0.947729284558774	0.894276425233123	0.785554391822765
BG_LTR_like_09722	Strict non-ONSEN TE background	Chr3	19544961	19545246	286	0.841645555801249	0.827405310690423	0.781756148741341
BG_LTR_like_09789	Strict non-ONSEN TE background	Chr3	20422382	20422738	357	0.925362625658487	0.90947394501003	0.871533142864545
BG_LTR_like_09790	Strict non-ONSEN TE background	Chr3	20504024	20505461	1438	0.925362625658487	0.919859211590939	0.892535784425783
BG_LTR_like_09814	Strict non-ONSEN TE background	Chr3	20752094	20752316	223	0.776365259444486	0.76792449852334	0.737539162158416
BG_LTR_like_09834	Strict non-ONSEN TE background	Chr3	20849023	20849225	203	0.978131699864756	0.946735142536655	0.840966475972826
BG_LTR_like_09835	Strict non-ONSEN TE background	Chr3	20874243	20874649	407	0.918839519473981	0.905079612927896	0.871303541332383
BG_LTR_like_09876	Strict non-ONSEN TE background	Chr3	21391655	21391934	280	0.889457481291927	0.859412344867663	0.824527273406466
BG_LTR_like_09925	Strict non-ONSEN TE background	Chr3	21765879	21766823	945	0.923633119535993	0.917159503175531	0.870386614146973
BG_LTR_like_09936	Strict non-ONSEN TE background	Chr3	22076420	22076835	416	0.908452927585686	0.894540787465643	0.876199112438679
BG_LTR_like_09942	Strict non-ONSEN TE background	Chr3	22384112	22385643	1532	0.914982098538431	0.898327162177623	0.854994110314789
BG_LTR_like_09959	Strict non-ONSEN TE background	Chr3	22541539	22542618	1080	0.923633119535993	0.896858762778444	0.857263865394963
BG_LTR_like_09960	Strict non-ONSEN TE background	Chr3	22547842	22548415	574	0.872679811912855	0.85834759647813	0.827969943528075
BG_LTR_like_09961	Strict non-ONSEN TE background	Chr3	22564327	22564591	265	0.920740856610377	0.846749884243774	0.797386301360801
BG_LTR_like_10193	Strict non-ONSEN TE background	Chr4	274130	274347	218	0.811427194456705	0.777463536465796	0.755166620862826
BG_LTR_like_10300	Strict non-ONSEN TE background	Chr4	660810	661698	889	0.894357236270867	0.888837330939147	0.873024931145684
BG_LTR_like_10377	Strict non-ONSEN TE background	Chr4	1094792	1095217	426	0.897719034961282	0.859816123756605	0.830437418547053
BG_LTR_like_10401	Strict non-ONSEN TE background	Chr4	1341309	1341764	456	0.872556259205417	0.862446004912358	0.843750052881012
BG_LTR_like_10402	Strict non-ONSEN TE background	Chr4	1399602	1400315	714	0.978131699864756	0.950477690222722	0.902468876916698
BG_LTR_like_10413	Strict non-ONSEN TE background	Chr4	1565686	1567408	1723	0.957552433785568	0.919368207794599	0.867575904256453
BG_LTR_like_10416	Strict non-ONSEN TE background	Chr4	1610436	1611121	686	0.892575493062983	0.885819123556658	0.855859063295981
BG_LTR_like_10419	Strict non-ONSEN TE background	Chr4	1742385	1743785	1401	0.934310940015733	0.913395956603515	0.880212044082452
BG_LTR_like_10420	Strict non-ONSEN TE background	Chr4	1754083	1754357	275	0.814247349957798	0.800199040397831	0.772914738582947
BG_LTR_like_10423	Strict non-ONSEN TE background	Chr4	1763889	1765667	1779	0.906780813378805	0.889671850433544	0.828360423565034
BG_LTR_like_10424	Strict non-ONSEN TE background	Chr4	1767611	1768501	891	0.892242353455546	0.876091892191815	0.81552281512593
BG_LTR_like_10425	Strict non-ONSEN TE background	Chr4	1768502	1770033	1532	1	0.949898455572461	0.884436453973673
BG_LTR_like_10432	Strict non-ONSEN TE background	Chr4	1795814	1796057	244	0.803637957187297	0.776648373935776	0.758380314873867
BG_LTR_like_10435	Strict non-ONSEN TE background	Chr4	1814107	1814779	673	0.947729284558774	0.908849090577525	0.834031261860309
BG_LTR_like_10436	Strict non-ONSEN TE background	Chr4	1815742	1816882	1141	0.925362625658487	0.92097881838586	0.826959355574248
BG_LTR_like_10437	Strict non-ONSEN TE background	Chr4	1824893	1825343	451	0.824877871897976	0.817485434872718	0.772103106864893
BG_LTR_like_10438	Strict non-ONSEN TE background	Chr4	1828621	1829890	1270	0.873798991334351	0.864770048909424	0.817514374170446
BG_LTR_like_10439	Strict non-ONSEN TE background	Chr4	1874028	1875724	1697	0.927601450944941	0.921937434284835	0.87807221735965
BG_LTR_like_10440	Strict non-ONSEN TE background	Chr4	1972560	1972795	236	0.806182936517461	0.792304456369167	0.741089728044648
BG_LTR_like_10445	Strict non-ONSEN TE background	Chr4	1998070	1999041	972	0.856487351505556	0.85047506790723	0.819494598218912
BG_LTR_like_10446	Strict non-ONSEN TE background	Chr4	1999042	2000222	1181	0.912817162802645	0.901870385589517	0.892376315710988
BG_LTR_like_10447	Strict non-ONSEN TE background	Chr4	2000223	2000985	763	0.881197659310315	0.869053910745349	0.836338998319299
BG_LTR_like_10450	Strict non-ONSEN TE background	Chr4	2044347	2045063	717	0.897933220272539	0.887153971166359	0.792143979114331
BG_LTR_like_10451	Strict non-ONSEN TE background	Chr4	2049621	2050077	457	0.890693973721666	0.862481327302067	0.826823694328206
BG_LTR_like_10452	Strict non-ONSEN TE background	Chr4	2052863	2054092	1230	0.947729284558774	0.932122053988424	0.910568771174217
BG_LTR_like_10457	Strict non-ONSEN TE background	Chr4	2101338	2102494	1157	0.951567413453945	0.923765235802865	0.892525604996266
BG_LTR_like_10458	Strict non-ONSEN TE background	Chr4	2165974	2166321	348	0.854835176594929	0.843167523544571	0.816096553139505
BG_LTR_like_10463	Strict non-ONSEN TE background	Chr4	2295513	2295763	251	0.923633119535993	0.866149200200755	0.787324107395834
BG_LTR_like_10464	Strict non-ONSEN TE background	Chr4	2296030	2296296	267	0.908452927585686	0.883814914775526	0.792127251290642
BG_LTR_like_10470	Strict non-ONSEN TE background	Chr4	2533951	2534177	227	0.765570678491275	0.745560877449583	0.708524740419644
BG_LTR_like_10471	Strict non-ONSEN TE background	Chr4	2594651	2594898	248	0.862711383097204	0.851879379560614	0.793399470397537
BG_LTR_like_10475	Strict non-ONSEN TE background	Chr4	2688199	2688623	425	0.978131699864756	0.973827996517044	0.921791751095289
BG_LTR_like_10476	Strict non-ONSEN TE background	Chr4	2696708	2696910	203	0.76450983205536	0.737398179667653	0.707440102804157
BG_LTR_like_10477	Strict non-ONSEN TE background	Chr4	2829846	2830652	807	0.906780813378805	0.889301890561014	0.849879438862429
BG_LTR_like_10478	Strict non-ONSEN TE background	Chr4	2833359	2834341	983	0.925362625658487	0.909636692147756	0.87326132825551
BG_LTR_like_10479	Strict non-ONSEN TE background	Chr4	2858412	2858719	308	0.957552433785568	0.935245802507266	0.92303355743638
BG_LTR_like_10480	Strict non-ONSEN TE background	Chr4	2858765	2859261	497	0.997057323853935	0.981777110187762	0.891582772730482
BG_LTR_like_10481	Strict non-ONSEN TE background	Chr4	2884529	2885412	884	0.866711107894412	0.853105622602194	0.829185447577814
BG_LTR_like_10482	Strict non-ONSEN TE background	Chr4	2888606	2890101	1496	1	0.953718201470868	0.856959602456123
BG_LTR_like_10485	Strict non-ONSEN TE background	Chr4	2899568	2900982	1415	0.925362625658487	0.915448876249151	0.884870646069108
BG_LTR_like_10488	Strict non-ONSEN TE background	Chr4	2903675	2904502	828	0.920690443389928	0.911916205690823	0.86659353101994
BG_LTR_like_10495	Strict non-ONSEN TE background	Chr4	2968558	2969103	546	0.906780813378805	0.86746412777154	0.820199339502173
BG_LTR_like_10496	Strict non-ONSEN TE background	Chr4	2972005	2972654	650	0.912262135174299	0.889563535514432	0.868984474925827
BG_LTR_like_10497	Strict non-ONSEN TE background	Chr4	2990201	2990484	284	0.860478495224856	0.847526865752232	0.80602322911569
BG_LTR_like_10498	Strict non-ONSEN TE background	Chr4	2994203	2994475	273	0.8415696391384	0.832457531737593	0.786273243748264
BG_LTR_like_10500	Strict non-ONSEN TE background	Chr4	3003291	3004460	1170	0.88336656433171	0.869791582629112	0.8264201611987
BG_LTR_like_10503	Strict non-ONSEN TE background	Chr4	3009311	3009523	213	0.828507235122246	0.807964984399409	0.770735575992564
BG_LTR_like_10504	Strict non-ONSEN TE background	Chr4	3010870	3011169	300	0.925362625658487	0.898121688400175	0.845234089755111
BG_LTR_like_10505	Strict non-ONSEN TE background	Chr4	3011339	3012221	883	0.920690443389928	0.90347596372437	0.837837815433998
BG_LTR_like_10506	Strict non-ONSEN TE background	Chr4	3030224	3030444	221	0.923633119535993	0.87150306368099	0.773578142550634
BG_LTR_like_10509	Strict non-ONSEN TE background	Chr4	3033316	3033907	592	0.860590109505246	0.846112033013185	0.815663323204491
BG_LTR_like_10510	Strict non-ONSEN TE background	Chr4	3051356	3053047	1692	0.925362625658487	0.914559256446094	0.841420620144437
BG_LTR_like_10511	Strict non-ONSEN TE background	Chr4	3072811	3074368	1558	0.901096784318784	0.884398279963426	0.836510219565749
BG_LTR_like_10514	Strict non-ONSEN TE background	Chr4	3076420	3076907	488	0.950697160884448	0.927694647988616	0.880350191730559
BG_LTR_like_10515	Strict non-ONSEN TE background	Chr4	3076991	3078446	1456	0.925362625658487	0.895858893184466	0.834838374688106
BG_LTR_like_10516	Strict non-ONSEN TE background	Chr4	3078733	3080453	1721	1	0.987810508137959	0.877810085116042
BG_LTR_like_10517	Strict non-ONSEN TE background	Chr4	3083898	3084292	395	0.848120693188501	0.822214010324212	0.779926098722616
BG_LTR_like_10520	Strict non-ONSEN TE background	Chr4	3086717	3087018	302	0.978131699864756	0.955366212979975	0.891360253295814
BG_LTR_like_10521	Strict non-ONSEN TE background	Chr4	3097973	3099355	1383	0.947729284558774	0.925967158038389	0.833522810752816
BG_LTR_like_10522	Strict non-ONSEN TE background	Chr4	3099357	3099945	589	1	0.945413403819058	0.871303167479916
BG_LTR_like_10523	Strict non-ONSEN TE background	Chr4	3099972	3100251	280	0.879414407442101	0.85792087898824	0.837144190205055
BG_LTR_like_10524	Strict non-ONSEN TE background	Chr4	3102059	3103313	1255	0.988279621516139	0.976565296359189	0.940862432442288
BG_LTR_like_10525	Strict non-ONSEN TE background	Chr4	3111558	3111874	317	0.804856889780826	0.785773752919807	0.746741155147277
BG_LTR_like_10526	Strict non-ONSEN TE background	Chr4	3112299	3113570	1272	0.916030719040699	0.904784844742289	0.878655803574702
BG_LTR_like_10527	Strict non-ONSEN TE background	Chr4	3156471	3157716	1246	0.920690443389928	0.906872408363065	0.858845890833837
BG_LTR_like_10528	Strict non-ONSEN TE background	Chr4	3157717	3158612	896	0.978131699864756	0.955859631762159	0.920464184354918
BG_LTR_like_10529	Strict non-ONSEN TE background	Chr4	3158613	3159536	924	0.866711107894412	0.839347791466373	0.817872023740085
BG_LTR_like_10530	Strict non-ONSEN TE background	Chr4	3171000	3172254	1255	0.953230354341334	0.934824546223146	0.879009595235056
BG_LTR_like_10531	Strict non-ONSEN TE background	Chr4	3173302	3173942	641	0.889299677309481	0.876048691090097	0.8221240173898
BG_LTR_like_10532	Strict non-ONSEN TE background	Chr4	3188855	3190047	1193	0.911395603731751	0.896173454383381	0.872145919533347
BG_LTR_like_10533	Strict non-ONSEN TE background	Chr4	3190072	3191621	1550	0.920690443389928	0.913500767678181	0.895344417912624
BG_LTR_like_10534	Strict non-ONSEN TE background	Chr4	3263585	3264171	587	0.978131699864756	0.955366212979975	0.922355392916376
BG_LTR_like_10537	Strict non-ONSEN TE background	Chr4	3265515	3266367	853	0.953230354341334	0.920812215479268	0.8662767525221
BG_LTR_like_10538	Strict non-ONSEN TE background	Chr4	3268608	3270089	1482	0.906780813378805	0.886622784370113	0.857775055814424
BG_LTR_like_10539	Strict non-ONSEN TE background	Chr4	3273531	3273948	418	0.885887166961097	0.856985051498169	0.802982727742025
BG_LTR_like_10542	Strict non-ONSEN TE background	Chr4	3288505	3288766	262	0.858114556122365	0.84160512130201	0.772349146815169
BG_LTR_like_10543	Strict non-ONSEN TE background	Chr4	3288876	3289805	930	1	0.952466083972189	0.908692256692427
BG_LTR_like_10544	Strict non-ONSEN TE background	Chr4	3290073	3291110	1038	0.925362625658487	0.918531315225011	0.844792276364782
BG_LTR_like_10545	Strict non-ONSEN TE background	Chr4	3291342	3292566	1225	0.934310940015733	0.918041537327744	0.894426954964357
BG_LTR_like_10548	Strict non-ONSEN TE background	Chr4	3314831	3315408	578	0.872679811912855	0.843014650264703	0.796992836213843
BG_LTR_like_10549	Strict non-ONSEN TE background	Chr4	3316148	3316539	392	0.83426937827544	0.823678161423298	0.786502741139829
BG_LTR_like_10550	Strict non-ONSEN TE background	Chr4	3326929	3328131	1203	0.934310940015733	0.914368063449394	0.887086917105188
BG_LTR_like_10551	Strict non-ONSEN TE background	Chr4	3333168	3334351	1184	0.892634135740878	0.884304863620468	0.838539056661115
BG_LTR_like_10552	Strict non-ONSEN TE background	Chr4	3344844	3346143	1300	0.923633119535993	0.906541515803542	0.841622668768317
BG_LTR_like_10553	Strict non-ONSEN TE background	Chr4	3348269	3348768	500	0.833749732462452	0.822447148049931	0.810957240039575
BG_LTR_like_10554	Strict non-ONSEN TE background	Chr4	3348882	3349187	306	0.840446272625282	0.798570904226164	0.762984129110451
BG_LTR_like_10555	Strict non-ONSEN TE background	Chr4	3352991	3354561	1571	0.923633119535993	0.906541515803542	0.822768728609931
BG_LTR_like_10558	Strict non-ONSEN TE background	Chr4	3369466	3369675	210	0.810520169497467	0.804121083578074	0.781666499799295
BG_LTR_like_10559	Strict non-ONSEN TE background	Chr4	3370697	3371243	547	0.915456795435762	0.894308058788414	0.868723305889644
BG_LTR_like_10560	Strict non-ONSEN TE background	Chr4	3374813	3376091	1279	0.925362625658487	0.902203877758733	0.81958863339852
BG_LTR_like_10563	Strict non-ONSEN TE background	Chr4	3383820	3384343	524	0.877475314630334	0.865935527313877	0.838627427825644
BG_LTR_like_10566	Strict non-ONSEN TE background	Chr4	3392104	3392811	708	1	0.951196213614772	0.844555015233475
BG_LTR_like_10567	Strict non-ONSEN TE background	Chr4	3392838	3393418	581	0.837713300922577	0.826275389067592	0.809789783948248
BG_LTR_like_10568	Strict non-ONSEN TE background	Chr4	3403374	3404010	637	0.999007409629877	0.95017533225983	0.864358672863009
BG_LTR_like_10569	Strict non-ONSEN TE background	Chr4	3404011	3405142	1132	0.913799692218629	0.88908667759444	0.830576608234476
BG_LTR_like_10570	Strict non-ONSEN TE background	Chr4	3405167	3406623	1457	0.88634219427329	0.866567413643274	0.819908851396563
BG_LTR_like_10571	Strict non-ONSEN TE background	Chr4	3406624	3407298	675	0.906780813378805	0.897281801885781	0.86474632682714
BG_LTR_like_10572	Strict non-ONSEN TE background	Chr4	3406636	3407271	636	0.906780813378805	0.897281801885781	0.86474632682714
BG_LTR_like_10573	Strict non-ONSEN TE background	Chr4	3408893	3409918	1026	0.920690443389928	0.908373642075934	0.841642857719122
BG_LTR_like_10574	Strict non-ONSEN TE background	Chr4	3443049	3443380	332	0.830279101540242	0.809253691516351	0.764706979502715
BG_LTR_like_10575	Strict non-ONSEN TE background	Chr4	3469495	3470295	801	0.957552433785568	0.934915914821618	0.842101824269685
BG_LTR_like_10576	Strict non-ONSEN TE background	Chr4	3481524	3483155	1632	0.923633119535993	0.909029661232543	0.850756070311015
BG_LTR_like_10577	Strict non-ONSEN TE background	Chr4	3484555	3484834	280	0.882549816981468	0.854276903090004	0.778382211020249
BG_LTR_like_10578	Strict non-ONSEN TE background	Chr4	3490412	3491401	990	0.903208981207187	0.897664819548804	0.883825388708512
BG_LTR_like_10579	Strict non-ONSEN TE background	Chr4	3491402	3491713	312	0.860906988636661	0.828239583412064	0.768929165217321
BG_LTR_like_10580	Strict non-ONSEN TE background	Chr4	3491714	3491951	238	0.807237848167008	0.798858232586157	0.761810455625175
BG_LTR_like_10587	Strict non-ONSEN TE background	Chr4	3498043	3499665	1623	0.929928486048225	0.922093450355814	0.872356122096699
BG_LTR_like_10588	Strict non-ONSEN TE background	Chr4	3507989	3509559	1571	0.957552433785568	0.928351216464988	0.897781140044906
BG_LTR_like_10589	Strict non-ONSEN TE background	Chr4	3516780	3517984	1205	0.892351665316562	0.883553251820082	0.86644001305939
BG_LTR_like_10596	Strict non-ONSEN TE background	Chr4	3560085	3560872	788	0.997057323853935	0.973558995897563	0.86275841231134
BG_LTR_like_10597	Strict non-ONSEN TE background	Chr4	3560873	3562389	1517	0.999007409629877	0.954165312234008	0.896279078624541
BG_LTR_like_10598	Strict non-ONSEN TE background	Chr4	3565814	3566321	508	0.985320910419151	0.941115397593005	0.901388630723188
BG_LTR_like_10599	Strict non-ONSEN TE background	Chr4	3566416	3567222	807	0.869323710894509	0.860436699047678	0.846069449516174
BG_LTR_like_10600	Strict non-ONSEN TE background	Chr4	3571076	3572116	1041	0.892634135740878	0.885387355267594	0.848992623035379
BG_LTR_like_10601	Strict non-ONSEN TE background	Chr4	3583811	3584157	347	0.882834776877376	0.854506006457666	0.773363500000879
BG_LTR_like_10602	Strict non-ONSEN TE background	Chr4	3584158	3584407	250	0.867920776853448	0.823712155616068	0.796219888201254
BG_LTR_like_10603	Strict non-ONSEN TE background	Chr4	3590345	3590830	486	0.842017485115994	0.82801647508969	0.801878483307245
BG_LTR_like_10606	Strict non-ONSEN TE background	Chr4	3604576	3604890	315	0.925362625658487	0.896282771456471	0.815464338898538
BG_LTR_like_10607	Strict non-ONSEN TE background	Chr4	3611659	3612079	421	0.953230354341334	0.909790462715914	0.877210902589722
BG_LTR_like_10608	Strict non-ONSEN TE background	Chr4	3612080	3613845	1766	0.920690443389928	0.91520475500518	0.900016940750467
BG_LTR_like_10609	Strict non-ONSEN TE background	Chr4	3629713	3630127	415	0.827538621595669	0.814072568377701	0.798973461600244
BG_LTR_like_10610	Strict non-ONSEN TE background	Chr4	3636109	3637892	1784	0.906780813378805	0.897614671186492	0.874196157306717
BG_LTR_like_10611	Strict non-ONSEN TE background	Chr4	3643723	3644649	927	0.957552433785568	0.90984030267401	0.889611080631611
BG_LTR_like_10612	Strict non-ONSEN TE background	Chr4	3644656	3646363	1708	0.920690443389928	0.905029319154779	0.870165814904045
BG_LTR_like_10615	Strict non-ONSEN TE background	Chr4	3646881	3647686	806	0.957552433785568	0.923243281828234	0.884988435963252
BG_LTR_like_10616	Strict non-ONSEN TE background	Chr4	3660585	3662283	1699	0.923633119535993	0.9091980175564	0.823165654133661
BG_LTR_like_10617	Strict non-ONSEN TE background	Chr4	3669455	3670598	1144	0.997057323853935	0.973701696159601	0.865660757802743
BG_LTR_like_10618	Strict non-ONSEN TE background	Chr4	3670668	3670935	268	0.835686587752703	0.827857226786204	0.792637585832587
BG_LTR_like_10619	Strict non-ONSEN TE background	Chr4	3671190	3671429	240	0.857964312490596	0.847267959829624	0.82582479813002
BG_LTR_like_10620	Strict non-ONSEN TE background	Chr4	3672532	3672848	317	0.876197298676884	0.812475921468021	0.784988799763902
BG_LTR_like_10621	Strict non-ONSEN TE background	Chr4	3673439	3674567	1129	0.912817162802645	0.906863699132708	0.887016414238276
BG_LTR_like_10622	Strict non-ONSEN TE background	Chr4	3706041	3706597	557	0.852816630545259	0.836701236372032	0.814848079412088
BG_LTR_like_10625	Strict non-ONSEN TE background	Chr4	3717084	3717541	458	0.872679811912855	0.843290020959012	0.810350154881996
BG_LTR_like_10626	Strict non-ONSEN TE background	Chr4	3718218	3720029	1812	1	0.951639286881987	0.857915169738934
BG_LTR_like_10627	Strict non-ONSEN TE background	Chr4	3718592	3719181	590	0.892242353455546	0.884517072386047	0.800061324245197
BG_LTR_like_10628	Strict non-ONSEN TE background	Chr4	3719266	3719535	270	0.807224451993977	0.796374045285671	0.765719944335898
BG_LTR_like_10629	Strict non-ONSEN TE background	Chr4	3720535	3720757	223	0.850811511777611	0.834771620489085	0.800458455013917
BG_LTR_like_10630	Strict non-ONSEN TE background	Chr4	3720764	3721215	452	0.908452927585686	0.899502385882908	0.873767436330613
BG_LTR_like_10631	Strict non-ONSEN TE background	Chr4	3733374	3733622	249	0.845275151136929	0.813631109983697	0.788953646535411
BG_LTR_like_10636	Strict non-ONSEN TE background	Chr4	3799559	3800044	486	0.882549816981468	0.865584549647013	0.828875752518964
BG_LTR_like_10637	Strict non-ONSEN TE background	Chr4	3811871	3813399	1529	0.923633119535993	0.912080748631442	0.896278779134208
BG_LTR_like_10638	Strict non-ONSEN TE background	Chr4	3843996	3844627	632	0.86489984343154	0.85436455401357	0.833244824144485
BG_LTR_like_10641	Strict non-ONSEN TE background	Chr4	3880967	3881647	681	0.888052557636504	0.870450039590491	0.830494522602942
BG_LTR_like_10644	Strict non-ONSEN TE background	Chr4	3907466	3908742	1277	1	0.947673294348482	0.907805600329923
BG_LTR_like_10645	Strict non-ONSEN TE background	Chr4	3908743	3909251	509	0.892351665316562	0.855268939759386	0.778801620227346
BG_LTR_like_10646	Strict non-ONSEN TE background	Chr4	3909252	3910993	1742	1	0.961488467125622	0.859592989610446
BG_LTR_like_10649	Strict non-ONSEN TE background	Chr4	3913862	3914190	329	0.854876855721713	0.809880435644827	0.765450397968112
BG_LTR_like_10650	Strict non-ONSEN TE background	Chr4	3914191	3915199	1009	0.947729284558774	0.92264398040993	0.86453478496957
BG_LTR_like_10651	Strict non-ONSEN TE background	Chr4	3915210	3916822	1613	0.914982098538431	0.893510915065722	0.818068544397755
BG_LTR_like_10656	Strict non-ONSEN TE background	Chr4	4024290	4025213	924	0.889838468428207	0.884428455615115	0.871050934318355
BG_LTR_like_10657	Strict non-ONSEN TE background	Chr4	4028875	4029503	629	0.879475922478708	0.868935015929113	0.841080515092872
BG_LTR_like_10658	Strict non-ONSEN TE background	Chr4	4029504	4029780	277	0.823846346326822	0.809542728347165	0.771710241845288
BG_LTR_like_10659	Strict non-ONSEN TE background	Chr4	4033922	4035339	1418	0.892242353455546	0.887406755695155	0.824908374583395
BG_LTR_like_10660	Strict non-ONSEN TE background	Chr4	4045619	4046750	1132	0.879803534510791	0.870484360617166	0.823640752759413
BG_LTR_like_10661	Strict non-ONSEN TE background	Chr4	4049312	4051037	1726	0.988279621516139	0.972798571666012	0.886611752533731
BG_LTR_like_10666	Strict non-ONSEN TE background	Chr4	4129514	4130008	495	0.836026433535657	0.825690452295422	0.812495590364005
BG_LTR_like_10673	Strict non-ONSEN TE background	Chr4	4176045	4176305	261	0.879803534510791	0.870471934983719	0.815719779355218
BG_LTR_like_10676	Strict non-ONSEN TE background	Chr4	4186073	4187540	1468	0.901548316704525	0.872458075964263	0.843241235940557
BG_LTR_like_10677	Strict non-ONSEN TE background	Chr4	4216256	4217459	1204	1	0.92379595634095	0.883230712577082
BG_LTR_like_10678	Strict non-ONSEN TE background	Chr4	4234438	4235386	949	0.864712659248717	0.856809845431012	0.831049150698071
BG_LTR_like_10681	Strict non-ONSEN TE background	Chr4	4251661	4252255	595	0.957552433785568	0.925794800373566	0.910285839798879
BG_LTR_like_10682	Strict non-ONSEN TE background	Chr4	4255638	4256825	1188	0.947729284558774	0.921796514278412	0.877132647393633
BG_LTR_like_10683	Strict non-ONSEN TE background	Chr4	4279997	4281711	1715	0.925362625658487	0.924085097145146	0.863809098307962
BG_LTR_like_10688	Strict non-ONSEN TE background	Chr4	4306265	4307428	1164	0.988279621516139	0.976565296359189	0.940862432442288
BG_LTR_like_10689	Strict non-ONSEN TE background	Chr4	4307429	4307636	208	0.835686587752703	0.822745587254057	0.768951162213572
BG_LTR_like_10690	Strict non-ONSEN TE background	Chr4	4307637	4309187	1551	0.920690443389928	0.913500767678181	0.895344417912624
BG_LTR_like_10691	Strict non-ONSEN TE background	Chr4	4328378	4328695	318	0.862768308928416	0.835277473640881	0.79857669164225
BG_LTR_like_10692	Strict non-ONSEN TE background	Chr4	4352259	4352605	347	0.950697160884448	0.929334905020541	0.880350191730559
BG_LTR_like_10697	Strict non-ONSEN TE background	Chr4	4380440	4381896	1457	0.925362625658487	0.895858893184466	0.830733430139039
BG_LTR_like_10698	Strict non-ONSEN TE background	Chr4	4381897	4382145	249	0.905790190621108	0.846694348610616	0.80902297063937
BG_LTR_like_10699	Strict non-ONSEN TE background	Chr4	4389283	4390340	1058	0.908452927585686	0.891696528290575	0.861342352024552
BG_LTR_like_10700	Strict non-ONSEN TE background	Chr4	4390435	4390976	542	0.925362625658487	0.909242459355828	0.856580857212136
BG_LTR_like_10701	Strict non-ONSEN TE background	Chr4	4393233	4394249	1017	0.957552433785568	0.920846066532069	0.884218134960052
BG_LTR_like_10702	Strict non-ONSEN TE background	Chr4	4399486	4401020	1535	0.925362625658487	0.918038516877361	0.862117745336563
BG_LTR_like_10703	Strict non-ONSEN TE background	Chr4	4401024	4402351	1328	0.892351665316562	0.884264768812806	0.826885598767223
BG_LTR_like_10704	Strict non-ONSEN TE background	Chr4	4402352	4402745	394	0.835672541928359	0.830490834538272	0.811925632489235
BG_LTR_like_10705	Strict non-ONSEN TE background	Chr4	4402811	4403537	727	0.857964312490596	0.83914335275646	0.787896430352045
BG_LTR_like_10706	Strict non-ONSEN TE background	Chr4	4406107	4406532	426	0.832100092946023	0.814998933323553	0.789124678442225
BG_LTR_like_10707	Strict non-ONSEN TE background	Chr4	4406533	4407054	522	0.957552433785568	0.945874758949434	0.898770235737348
BG_LTR_like_10708	Strict non-ONSEN TE background	Chr4	4407055	4407850	796	1	0.947343000843033	0.872305988604149
BG_LTR_like_10711	Strict non-ONSEN TE background	Chr4	4414370	4416095	1726	0.911395603731751	0.893048274275963	0.842030427798879
BG_LTR_like_10712	Strict non-ONSEN TE background	Chr4	4416096	4416803	708	0.882549816981468	0.855052831135822	0.802273224358515
BG_LTR_like_10713	Strict non-ONSEN TE background	Chr4	4424308	4425021	714	0.882549816981468	0.869246805243694	0.807869107558576
BG_LTR_like_10714	Strict non-ONSEN TE background	Chr4	4428522	4429909	1388	0.925362625658487	0.906560011489542	0.876912850427888
BG_LTR_like_10715	Strict non-ONSEN TE background	Chr4	4431120	4431458	339	0.857964312490596	0.833303223065974	0.747655506319082
BG_LTR_like_10716	Strict non-ONSEN TE background	Chr4	4487760	4489421	1662	0.957552433785568	0.915567533237532	0.875456154931996
BG_LTR_like_10717	Strict non-ONSEN TE background	Chr4	4489453	4489996	544	0.957552433785568	0.901366061602798	0.847619785585547
BG_LTR_like_10718	Strict non-ONSEN TE background	Chr4	4492754	4494613	1860	1	0.991868410380425	0.950560158121516
BG_LTR_like_10719	Strict non-ONSEN TE background	Chr4	4494614	4495464	851	0.882549816981468	0.849690280818597	0.821452239295219
BG_LTR_like_10720	Strict non-ONSEN TE background	Chr4	4496754	4496963	210	0.906780813378805	0.882502368569015	0.822512876536208
BG_LTR_like_10723	Strict non-ONSEN TE background	Chr4	4525269	4526432	1164	0.997057323853935	0.984546913292977	0.916553290621668
BG_LTR_like_10726	Strict non-ONSEN TE background	Chr4	4532035	4532242	208	0.876197298676884	0.838333853894396	0.789655776421263
BG_LTR_like_10727	Strict non-ONSEN TE background	Chr4	4532243	4534148	1906	0.947729284558774	0.930590367862936	0.904169339512804
BG_LTR_like_10730	Strict non-ONSEN TE background	Chr4	4542939	4543912	974	0.911395603731751	0.89647742992878	0.868428065436769
BG_LTR_like_10731	Strict non-ONSEN TE background	Chr4	4544590	4545793	1204	0.947729284558774	0.930590367862936	0.89729986133733
BG_LTR_like_10734	Strict non-ONSEN TE background	Chr4	4554235	4555010	776	0.925362625658487	0.906794899956433	0.874708598844366
BG_LTR_like_10735	Strict non-ONSEN TE background	Chr4	4587669	4588455	787	0.904730726396379	0.884086684538452	0.860169711367438
BG_LTR_like_10738	Strict non-ONSEN TE background	Chr4	4596727	4597926	1200	0.997057323853935	0.974147531126776	0.869991013458545
BG_LTR_like_10739	Strict non-ONSEN TE background	Chr4	4609217	4610745	1529	0.957552433785568	0.928351216464988	0.884988435963252
BG_LTR_like_10740	Strict non-ONSEN TE background	Chr4	4652565	4654061	1497	0.910547635100642	0.893655706076356	0.86915870671227
BG_LTR_like_10741	Strict non-ONSEN TE background	Chr4	4654062	4655128	1067	0.892242353455546	0.88407249333333	0.852467401456043
BG_LTR_like_10742	Strict non-ONSEN TE background	Chr4	4668644	4670288	1645	0.908452927585686	0.895878134664104	0.866486708450371
BG_LTR_like_10745	Strict non-ONSEN TE background	Chr4	4676312	4677031	720	0.877599931150928	0.844851748028589	0.795697528371751
BG_LTR_like_10746	Strict non-ONSEN TE background	Chr4	4684605	4685215	611	0.951567413453945	0.936788578974812	0.919831919288346
BG_LTR_like_10749	Strict non-ONSEN TE background	Chr4	4701735	4701947	213	0.76281623716816	0.746383641219208	0.709312151276516
BG_LTR_like_10756	Strict non-ONSEN TE background	Chr4	4750432	4750999	568	1	0.913335126551333	0.808374795840469
BG_LTR_like_10757	Strict non-ONSEN TE background	Chr4	4776685	4777190	506	1	0.941149392577946	0.856439780085655
BG_LTR_like_10758	Strict non-ONSEN TE background	Chr4	4777191	4778739	1549	1	0.960308888293734	0.891058796378297
BG_LTR_like_10759	Strict non-ONSEN TE background	Chr4	4822547	4824153	1607	0.947729284558774	0.919977718107278	0.868428187322162
BG_LTR_like_10760	Strict non-ONSEN TE background	Chr4	4852103	4852566	464	0.83997163801432	0.816495055414799	0.800610686614457
BG_LTR_like_10761	Strict non-ONSEN TE background	Chr4	4859694	4859936	243	0.848774141302356	0.843862510328988	0.829860322721484
BG_LTR_like_10762	Strict non-ONSEN TE background	Chr4	4860087	4860627	541	0.915213002639138	0.899119435678522	0.881793792444312
BG_LTR_like_10763	Strict non-ONSEN TE background	Chr4	4861595	4862451	857	1	0.956597502920406	0.892764223100725
BG_LTR_like_10764	Strict non-ONSEN TE background	Chr4	4862788	4863084	297	0.947729284558774	0.895470759648118	0.784305663730872
BG_LTR_like_10765	Strict non-ONSEN TE background	Chr4	4864082	4865631	1550	0.925362625658487	0.903519736728584	0.862222069099825
BG_LTR_like_10766	Strict non-ONSEN TE background	Chr4	4868965	4870037	1073	0.908452927585686	0.897441824005831	0.861941327583259
BG_LTR_like_10767	Strict non-ONSEN TE background	Chr4	4872785	4873358	574	0.925362625658487	0.910485885406738	0.88451088893419
BG_LTR_like_10772	Strict non-ONSEN TE background	Chr4	4934039	4934268	230	0.923633119535993	0.897532750611251	0.791927478252688
BG_LTR_like_10773	Strict non-ONSEN TE background	Chr4	4940158	4940632	475	0.925362625658487	0.912973140204864	0.819320510553118
BG_LTR_like_10774	Strict non-ONSEN TE background	Chr4	4940634	4942176	1543	0.997057323853935	0.98185995538857	0.939286420888869
BG_LTR_like_10775	Strict non-ONSEN TE background	Chr4	4942306	4942544	239	0.85669491617223	0.828649622376299	0.800957135229996
BG_LTR_like_10776	Strict non-ONSEN TE background	Chr4	4942545	4943618	1074	0.957656596317608	0.926395644255336	0.900016940750467
BG_LTR_like_10777	Strict non-ONSEN TE background	Chr4	4943619	4944682	1064	0.923734917602132	0.901219500700806	0.873125167233477
BG_LTR_like_10778	Strict non-ONSEN TE background	Chr4	4949240	4949556	317	0.914982098538431	0.889558263599412	0.801797821661272
BG_LTR_like_10779	Strict non-ONSEN TE background	Chr4	4949891	4950489	599	0.925362625658487	0.897338975974586	0.819312759374741
BG_LTR_like_10782	Strict non-ONSEN TE background	Chr4	4950490	4952156	1667	0.94429483225512	0.922807870331093	0.885822282751132
BG_LTR_like_10783	Strict non-ONSEN TE background	Chr4	4951151	4951391	241	0.86351046499539	0.810561021198197	0.74466106070833
BG_LTR_like_10784	Strict non-ONSEN TE background	Chr4	4952157	4952428	272	0.892242353455546	0.878075676258578	0.842593264795142
BG_LTR_like_10788	Strict non-ONSEN TE background	Chr4	4977421	4978431	1011	0.889299677309481	0.870260895621717	0.844401811680079
BG_LTR_like_10789	Strict non-ONSEN TE background	Chr4	4978432	4978832	401	0.882678869353657	0.873482890042941	0.824962278696482
BG_LTR_like_10792	Strict non-ONSEN TE background	Chr4	4993202	4994551	1350	0.897933220272539	0.886730572781597	0.868482359109134
BG_LTR_like_10795	Strict non-ONSEN TE background	Chr4	5003244	5004820	1577	1	0.972020380971826	0.932856736688063
BG_LTR_like_10796	Strict non-ONSEN TE background	Chr4	5008399	5010148	1750	0.923633119535993	0.906851918353561	0.850642693999566
BG_LTR_like_10797	Strict non-ONSEN TE background	Chr4	5010735	5012472	1738	0.999007409629877	0.963424742601037	0.944500982906432
BG_LTR_like_10800	Strict non-ONSEN TE background	Chr4	5012473	5013612	1140	0.999007409629877	0.945937998499031	0.884301308001475
BG_LTR_like_10803	Strict non-ONSEN TE background	Chr4	5016268	5017502	1235	0.892242353455546	0.872572243913403	0.84910620939149
BG_LTR_like_10804	Strict non-ONSEN TE background	Chr4	5017508	5019418	1911	1	0.98890860424913	0.956663981670094
BG_LTR_like_10805	Strict non-ONSEN TE background	Chr4	5019419	5019701	283	0.850972604722257	0.843548750681493	0.818390397826477
BG_LTR_like_10806	Strict non-ONSEN TE background	Chr4	5019702	5021348	1647	0.947729284558774	0.928854311098916	0.900016940750467
BG_LTR_like_10809	Strict non-ONSEN TE background	Chr4	5021349	5023155	1807	0.911395603731751	0.901220554050905	0.876824552677832
BG_LTR_like_10812	Strict non-ONSEN TE background	Chr4	5028524	5030098	1575	0.908452927585686	0.900914592742456	0.87119995871981
BG_LTR_like_10815	Strict non-ONSEN TE background	Chr4	5032194	5033203	1010	0.925362625658487	0.915271746744272	0.870376117380599
BG_LTR_like_10816	Strict non-ONSEN TE background	Chr4	5033404	5034044	641	0.897559316129541	0.885160615986487	0.828736991478642
BG_LTR_like_10817	Strict non-ONSEN TE background	Chr4	5037691	5038245	555	0.999007409629877	0.960734836971016	0.932204792888556
BG_LTR_like_10818	Strict non-ONSEN TE background	Chr4	5038246	5039017	772	0.911395603731751	0.903720844109168	0.877132647393633
BG_LTR_like_10819	Strict non-ONSEN TE background	Chr4	5060008	5060654	647	0.90876665523053	0.888493470376561	0.867372758538848
BG_LTR_like_10820	Strict non-ONSEN TE background	Chr4	5074230	5075819	1590	0.957552433785568	0.921542039164362	0.858357775168133
BG_LTR_like_10821	Strict non-ONSEN TE background	Chr4	5075821	5076471	651	0.906780813378805	0.889555416488173	0.801045564439848
BG_LTR_like_10822	Strict non-ONSEN TE background	Chr4	5088686	5089818	1133	0.920690443389928	0.911283306866494	0.854465111649231
BG_LTR_like_10823	Strict non-ONSEN TE background	Chr4	5098795	5099260	466	0.92220946805007	0.908673091629278	0.866184949483682
BG_LTR_like_10824	Strict non-ONSEN TE background	Chr4	5102687	5103112	426	0.950697160884448	0.927694647988616	0.892247616170566
BG_LTR_like_10825	Strict non-ONSEN TE background	Chr4	5103209	5104725	1517	0.925362625658487	0.914559256446094	0.8387709268358
BG_LTR_like_10826	Strict non-ONSEN TE background	Chr4	5104726	5104929	204	0.854876855721713	0.820501124725436	0.756292915340515
BG_LTR_like_10827	Strict non-ONSEN TE background	Chr4	5109993	5110278	286	0.892242353455546	0.861341403809964	0.770690792211638
BG_LTR_like_10830	Strict non-ONSEN TE background	Chr4	5119755	5120828	1074	0.908452927585686	0.895843366877431	0.83443077265177
BG_LTR_like_10833	Strict non-ONSEN TE background	Chr4	5121087	5121718	632	0.908452927585686	0.902433282055203	0.83297969778707
BG_LTR_like_10834	Strict non-ONSEN TE background	Chr4	5178929	5180759	1831	0.923633119535993	0.910336190919799	0.854120574078111
BG_LTR_like_10845	Strict non-ONSEN TE background	Chr4	5224952	5226125	1174	0.997057323853935	0.983378897137539	0.93927223524399
BG_LTR_like_10848	Strict non-ONSEN TE background	Chr4	5303457	5303685	229	0.812946842669819	0.804811265488019	0.752224560074732
BG_LTR_like_10849	Strict non-ONSEN TE background	Chr4	5318716	5319045	330	0.882834776877376	0.857844595429314	0.794245510307699
BG_LTR_like_10850	Strict non-ONSEN TE background	Chr4	5323990	5324201	212	0.857337057467535	0.834387750180793	0.752023743565841
BG_LTR_like_10851	Strict non-ONSEN TE background	Chr4	5334201	5334749	549	1	0.947627018628285	0.85471860963538
BG_LTR_like_10852	Strict non-ONSEN TE background	Chr4	5334750	5335083	334	0.920690443389928	0.900227769270786	0.845120352136269
BG_LTR_like_10853	Strict non-ONSEN TE background	Chr4	5345698	5347026	1329	0.934310940015733	0.915583931820994	0.907181248195273
BG_LTR_like_10854	Strict non-ONSEN TE background	Chr4	5351915	5352509	595	0.841887975583679	0.837403206525115	0.814625293684586
BG_LTR_like_10855	Strict non-ONSEN TE background	Chr4	5356292	5357537	1246	0.92963603597011	0.91217946140082	0.851758622301836
BG_LTR_like_10856	Strict non-ONSEN TE background	Chr4	5361033	5362413	1381	0.906918450090897	0.898577652532364	0.870575028408123
BG_LTR_like_10857	Strict non-ONSEN TE background	Chr4	5396708	5397674	967	1	0.951494089105849	0.865558277307006
BG_LTR_like_10858	Strict non-ONSEN TE background	Chr4	5397675	5398317	643	0.912817162802645	0.88066181175733	0.858516303034642
BG_LTR_like_10859	Strict non-ONSEN TE background	Chr4	5398354	5398801	448	0.828873534526822	0.80959848908704	0.766520194364373
BG_LTR_like_10860	Strict non-ONSEN TE background	Chr4	5439885	5440334	450	0.927565678020789	0.916876691864799	0.87807221735965
BG_LTR_like_10865	Strict non-ONSEN TE background	Chr4	5591777	5592872	1096	1	0.94511104179508	0.86387773755029
BG_LTR_like_10869	Strict non-ONSEN TE background	Chr4	5652024	5653024	1001	0.925362625658487	0.909447594579884	0.834269681663563
BG_LTR_like_10872	Strict non-ONSEN TE background	Chr4	5662152	5664053	1902	0.947729284558774	0.925220247302902	0.852132948537172
BG_LTR_like_10875	Strict non-ONSEN TE background	Chr4	5664464	5664682	219	0.882549816981468	0.836615860424693	0.782400375074412
BG_LTR_like_10876	Strict non-ONSEN TE background	Chr4	5732659	5732979	321	0.876197298676884	0.85887498507229	0.843722365114666
BG_LTR_like_10879	Strict non-ONSEN TE background	Chr4	5735506	5735797	292	0.861615784538552	0.840700616325393	0.820474208864582
BG_LTR_like_10880	Strict non-ONSEN TE background	Chr4	5742602	5743316	715	0.892351665316562	0.864926135706357	0.803970831119761
BG_LTR_like_10891	Strict non-ONSEN TE background	Chr4	5919331	5919537	207	0.889299677309481	0.857917912490829	0.778945394946046
BG_LTR_like_10892	Strict non-ONSEN TE background	Chr4	5938885	5939226	342	0.920690443389928	0.903868825168002	0.851851349086678
BG_LTR_like_10893	Strict non-ONSEN TE background	Chr4	5980215	5980666	452	0.892242353455546	0.876906478676214	0.821862854020596
BG_LTR_like_10894	Strict non-ONSEN TE background	Chr4	5998173	5998422	250	0.821237591230142	0.811325553169639	0.788226620080351
BG_LTR_like_10895	Strict non-ONSEN TE background	Chr4	6000454	6000703	250	0.821237591230142	0.811325553169639	0.788226620080351
BG_LTR_like_10896	Strict non-ONSEN TE background	Chr4	6002736	6002985	250	0.821237591230142	0.806683650786454	0.745037046661857
BG_LTR_like_10897	Strict non-ONSEN TE background	Chr4	6012871	6013354	484	0.923633119535993	0.90001929370589	0.867937327103346
BG_LTR_like_10900	Strict non-ONSEN TE background	Chr4	6013355	6014162	808	0.850687959070173	0.840447644629319	0.821998704833225
BG_LTR_like_10913	Strict non-ONSEN TE background	Chr4	6034731	6036483	1753	0.997057323853935	0.988932592464256	0.939353543769407
BG_LTR_like_10916	Strict non-ONSEN TE background	Chr4	6098510	6099120	611	0.997057323853935	0.976940935512123	0.871445983409637
BG_LTR_like_10922	Strict non-ONSEN TE background	Chr4	6209999	6211623	1625	0.894990544126474	0.87763096374566	0.863565671999916
BG_LTR_like_10923	Strict non-ONSEN TE background	Chr4	6214120	6214614	495	0.87998285625761	0.859304177160983	0.834060389639474
BG_LTR_like_10938	Strict non-ONSEN TE background	Chr4	6410467	6410769	303	0.872374653766911	0.845624075791541	0.793940612292932
BG_LTR_like_10939	Strict non-ONSEN TE background	Chr4	6411366	6412015	650	0.997057323853935	0.975600647428775	0.840357059909088
BG_LTR_like_10950	Strict non-ONSEN TE background	Chr4	6503146	6503735	590	0.831862505176467	0.825625801139793	0.815190167789101
BG_LTR_like_10964	Strict non-ONSEN TE background	Chr4	6811671	6811903	233	0.866419913345284	0.835981663531494	0.777141142596493
BG_LTR_like_10965	Strict non-ONSEN TE background	Chr4	6885796	6886461	666	1	0.995345669961	0.875376997872064
BG_LTR_like_10966	Strict non-ONSEN TE background	Chr4	6992629	6994363	1735	0.957552433785568	0.907290946263398	0.860498321464885
BG_LTR_like_11001	Strict non-ONSEN TE background	Chr4	7089369	7089906	538	0.915456795435762	0.898399639916855	0.875315379512886
BG_LTR_like_11002	Strict non-ONSEN TE background	Chr4	7100266	7100538	273	0.78723289758202	0.763895412192664	0.712470270853285
BG_LTR_like_11003	Strict non-ONSEN TE background	Chr4	7178778	7179106	329	0.847498591611461	0.835999148961218	0.829239115320924
BG_LTR_like_11006	Strict non-ONSEN TE background	Chr4	7265942	7266266	325	0.815637881570816	0.805785997104818	0.785925182661726
BG_LTR_like_11007	Strict non-ONSEN TE background	Chr4	7279793	7280003	211	0.889299677309481	0.864603111640821	0.775501918501651
BG_LTR_like_11008	Strict non-ONSEN TE background	Chr4	7280004	7280500	497	0.920690443389928	0.900470729881327	0.840596488890216
BG_LTR_like_11009	Strict non-ONSEN TE background	Chr4	7303687	7304064	378	0.85669491617223	0.847463897893301	0.82443453405202
BG_LTR_like_11012	Strict non-ONSEN TE background	Chr4	7358395	7358606	212	0.892242353455546	0.882326411891271	0.814403445475016
BG_LTR_like_11013	Strict non-ONSEN TE background	Chr4	7556732	7557358	627	0.997057323853935	0.973558995897563	0.882487875768278
BG_LTR_like_11016	Strict non-ONSEN TE background	Chr4	7687714	7688589	876	0.874714283560792	0.866772752288039	0.83247783500195
BG_LTR_like_11062	Strict non-ONSEN TE background	Chr4	7759918	7760578	661	0.841273187159568	0.824713938916097	0.8086923269556
BG_LTR_like_11141	Strict non-ONSEN TE background	Chr4	8195395	8195616	222	0.892242353455546	0.861987012265189	0.813093496544248
BG_LTR_like_11211	Strict non-ONSEN TE background	Chr4	8395131	8395521	391	1	0.952276710067361	0.854831888439552
BG_LTR_like_11212	Strict non-ONSEN TE background	Chr4	8417120	8417325	206	0.876197298676884	0.836320137530645	0.805521035922182
BG_LTR_like_11213	Strict non-ONSEN TE background	Chr4	8447555	8447766	212	0.892242353455546	0.863332337053134	0.813540415894254
BG_LTR_like_11236	Strict non-ONSEN TE background	Chr4	8591243	8591624	382	0.947729284558774	0.928166308804983	0.83354675094171
BG_LTR_like_11237	Strict non-ONSEN TE background	Chr4	8607200	8607750	551	0.925362625658487	0.905156941644428	0.881919020868457
BG_LTR_like_11271	Strict non-ONSEN TE background	Chr4	8758669	8759402	734	0.851703611532647	0.834404555084217	0.800069420186661
BG_LTR_like_11272	Strict non-ONSEN TE background	Chr4	8786101	8786406	306	0.894357236270867	0.883661384471308	0.846236189481235
BG_LTR_like_11302	Strict non-ONSEN TE background	Chr4	9006666	9008164	1499	0.904728059674923	0.874682123386019	0.857920201086101
BG_LTR_like_11303	Strict non-ONSEN TE background	Chr4	9062901	9063215	315	0.907161828209175	0.877349655647688	0.822528199347657
BG_LTR_like_11304	Strict non-ONSEN TE background	Chr4	9079693	9079953	261	0.841202495286309	0.804978839875004	0.785335935488963
BG_LTR_like_11305	Strict non-ONSEN TE background	Chr4	9079968	9080333	366	0.869007315266229	0.832012723857307	0.792282444692863
BG_LTR_like_11347	Strict non-ONSEN TE background	Chr4	9330769	9331402	634	0.833379323276709	0.823678675550314	0.780695651711787
BG_LTR_like_11400	Strict non-ONSEN TE background	Chr4	9496123	9496399	277	0.840889728089625	0.783091078495873	0.74616145882638
BG_LTR_like_11401	Strict non-ONSEN TE background	Chr4	9498802	9499350	549	0.988279621516139	0.976565296359189	0.896136546918489
BG_LTR_like_11411	Strict non-ONSEN TE background	Chr4	9686958	9687356	399	0.911395603731751	0.871185324839346	0.820861020776446
BG_LTR_like_11483	Strict non-ONSEN TE background	Chr4	10102365	10102691	327	1	0.965717044042521	0.87432840331477
BG_LTR_like_11484	Strict non-ONSEN TE background	Chr4	10308926	10309531	606	0.876197298676884	0.855873540654174	0.82644074947357
BG_LTR_like_11560	Strict non-ONSEN TE background	Chr4	10530897	10531186	290	0.844337608750266	0.835524975725251	0.806927154675138
BG_LTR_like_11564	Strict non-ONSEN TE background	Chr4	10747964	10749188	1225	0.957552433785568	0.909777085320514	0.864841544085586
BG_LTR_like_11565	Strict non-ONSEN TE background	Chr4	10754828	10755989	1162	0.911395603731751	0.896086656960325	0.859459137036077
BG_LTR_like_11570	Strict non-ONSEN TE background	Chr4	10755990	10756775	786	0.952560003824068	0.929111495607345	0.867582772984509
BG_LTR_like_11653	Strict non-ONSEN TE background	Chr4	10920962	10921345	384	0.881125175404366	0.855027202786801	0.830636321684344
BG_LTR_like_11693	Strict non-ONSEN TE background	Chr4	11378694	11379651	958	0.997057323853935	0.976961724105954	0.899654111182828
BG_LTR_like_11700	Strict non-ONSEN TE background	Chr4	11689201	11689867	667	0.883921890485864	0.862311668670736	0.840096942870022
BG_LTR_like_11723	Strict non-ONSEN TE background	Chr4	11901479	11901833	355	0.87998285625761	0.85232846136219	0.814161569280609
BG_LTR_like_11791	Strict non-ONSEN TE background	Chr4	12751593	12752065	473	0.923633119535993	0.897540422704228	0.84411876190818
BG_LTR_like_12027	Strict non-ONSEN TE background	Chr4	13624507	13624767	261	0.978131699864756	0.953091305139997	0.914281524173713
BG_LTR_like_12142	Strict non-ONSEN TE background	Chr4	14305236	14305545	310	0.748766564282805	0.730646604233471	0.701527049459818
BG_LTR_like_12180	Strict non-ONSEN TE background	Chr4	14582016	14582605	590	0.951567413453945	0.908821625385539	0.871560614574281
BG_LTR_like_12195	Strict non-ONSEN TE background	Chr4	14919473	14919775	303	0.835686587752703	0.82672823136337	0.7641886523581
BG_LTR_like_12256	Strict non-ONSEN TE background	Chr4	15459070	15459665	596	0.988279621516139	0.976565296359189	0.868819724955652
BG_LTR_like_12369	Strict non-ONSEN TE background	Chr4	16279978	16280331	354	0.777699779987428	0.752999688132081	0.715632176967446
BG_LTR_like_12578	Strict non-ONSEN TE background	Chr5	21120	21431	312	0.834220140823964	0.817418737063193	0.761399386748648
BG_LTR_like_12926	Strict non-ONSEN TE background	Chr5	2510626	2511099	474	0.853339856262937	0.829906270854779	0.791544710773329
BG_LTR_like_12984	Strict non-ONSEN TE background	Chr5	3250318	3250709	392	0.939862901282221	0.918521072627984	0.890625370263792
BG_LTR_like_13108	Strict non-ONSEN TE background	Chr5	4386923	4387148	226	0.872010921028257	0.837296624861523	0.797863405038961
BG_LTR_like_13614	Strict non-ONSEN TE background	Chr5	6762055	6762327	273	0.889299677309481	0.881362069290776	0.860293603933194
BG_LTR_like_13644	Strict non-ONSEN TE background	Chr5	7018393	7018731	339	0.861615784538552	0.831999123426682	0.794730748603663
BG_LTR_like_13735	Strict non-ONSEN TE background	Chr5	7866169	7866576	408	0.882549816981468	0.842528163323955	0.760901335459951
BG_LTR_like_13758	Strict non-ONSEN TE background	Chr5	8081562	8081823	262	0.877148587339202	0.843692968770171	0.74923966503548
BG_LTR_like_13759	Strict non-ONSEN TE background	Chr5	8155764	8156685	922	0.874932740033522	0.861848381201417	0.828389807482492
BG_LTR_like_13767	Strict non-ONSEN TE background	Chr5	8365238	8365472	235	0.892242353455546	0.858916180671428	0.81441476883304
BG_LTR_like_13768	Strict non-ONSEN TE background	Chr5	8400296	8400681	386	0.877148587339202	0.851016627716314	0.785297276775559
BG_LTR_like_13782	Strict non-ONSEN TE background	Chr5	8549545	8551167	1623	0.957552433785568	0.908909412507857	0.858357775168133
BG_LTR_like_13783	Strict non-ONSEN TE background	Chr5	8690714	8691021	308	0.925362625658487	0.91518281937656	0.855565625424391
BG_LTR_like_13798	Strict non-ONSEN TE background	Chr5	8833576	8834068	493	0.908452927585686	0.888788094220353	0.794950305823774
BG_LTR_like_13799	Strict non-ONSEN TE background	Chr5	8834099	8834441	343	0.83997163801432	0.830269701002148	0.780767311988212
BG_LTR_like_13800	Strict non-ONSEN TE background	Chr5	8861770	8862113	344	0.876470759800685	0.868050132574284	0.84448388084812
BG_LTR_like_13805	Strict non-ONSEN TE background	Chr5	8956320	8956987	668	0.923633119535993	0.898240724699191	0.87116728105698
BG_LTR_like_13827	Strict non-ONSEN TE background	Chr5	9084954	9085193	240	0.812946842669819	0.803947774175599	0.747874893580135
BG_LTR_like_13828	Strict non-ONSEN TE background	Chr5	9089986	9090215	230	0.865549061520462	0.822480292007157	0.771973366390121
BG_LTR_like_13856	Strict non-ONSEN TE background	Chr5	9219046	9219318	273	0.844249292271501	0.811575637339514	0.781665488690559
BG_LTR_like_13857	Strict non-ONSEN TE background	Chr5	9220188	9220796	609	0.908452927585686	0.901372242246394	0.875094514177361
BG_LTR_like_13858	Strict non-ONSEN TE background	Chr5	9232850	9234036	1187	1	0.940886479298756	0.874498818345977
BG_LTR_like_13866	Strict non-ONSEN TE background	Chr5	9348229	9348429	201	0.834029856388228	0.815790316975708	0.742457514374965
BG_LTR_like_13867	Strict non-ONSEN TE background	Chr5	9368533	9368813	281	0.938823665407958	0.874625885471131	0.81739102202427
BG_LTR_like_13870	Strict non-ONSEN TE background	Chr5	9386075	9386446	372	0.838615218074424	0.822010246310649	0.777450033041584
BG_LTR_like_13922	Strict non-ONSEN TE background	Chr5	9889607	9890097	491	0.856487351505556	0.841020707463052	0.806215331844316
BG_LTR_like_13923	Strict non-ONSEN TE background	Chr5	9956859	9957640	782	0.894357236270867	0.888085286217683	0.860538389390468
BG_LTR_like_13926	Strict non-ONSEN TE background	Chr5	9981877	9983228	1352	0.885104824637416	0.866323814639556	0.843050758422385
BG_LTR_like_13927	Strict non-ONSEN TE background	Chr5	10018689	10019252	564	0.918839519473981	0.913792618762111	0.861980342808791
BG_LTR_like_13928	Strict non-ONSEN TE background	Chr5	10019253	10020233	981	0.915952518386825	0.898380896489759	0.857634138604462
BG_LTR_like_13929	Strict non-ONSEN TE background	Chr5	10073522	10073766	245	0.858114556122365	0.853024177072442	0.81731928757937
BG_LTR_like_13930	Strict non-ONSEN TE background	Chr5	10081896	10083076	1181	0.929928486048225	0.922678397100332	0.89866776121945
BG_LTR_like_13933	Strict non-ONSEN TE background	Chr5	10087599	10088749	1151	0.892242353455546	0.884010428619428	0.849922242645545
BG_LTR_like_13938	Strict non-ONSEN TE background	Chr5	10243091	10244901	1811	0.923633119535993	0.911253593562194	0.8868553921288
BG_LTR_like_13939	Strict non-ONSEN TE background	Chr5	10249177	10249402	226	0.835686587752703	0.826934788354134	0.776624387550014
BG_LTR_like_13940	Strict non-ONSEN TE background	Chr5	10253658	10255324	1667	0.923633119535993	0.909029661232543	0.85768137811001
BG_LTR_like_13941	Strict non-ONSEN TE background	Chr5	10286541	10286846	306	1	0.953213376124307	0.891463652219699
BG_LTR_like_13942	Strict non-ONSEN TE background	Chr5	10315640	10315905	266	0.916030719040699	0.866660696150063	0.808125860338293
BG_LTR_like_13943	Strict non-ONSEN TE background	Chr5	10339978	10340243	266	0.916030719040699	0.866660696150063	0.808125860338293
BG_LTR_like_13944	Strict non-ONSEN TE background	Chr5	10385823	10386708	886	0.908452927585686	0.893904859582615	0.856030895453896
BG_LTR_like_13947	Strict non-ONSEN TE background	Chr5	10487931	10488192	262	0.844797336385744	0.811658033049327	0.796011881806372
BG_LTR_like_13948	Strict non-ONSEN TE background	Chr5	10489851	10490380	530	0.83997163801432	0.806941890835744	0.766218396073773
BG_LTR_like_13949	Strict non-ONSEN TE background	Chr5	10494982	10495297	316	0.811198319174869	0.795939081491041	0.767465921949917
BG_LTR_like_13950	Strict non-ONSEN TE background	Chr5	10564020	10564413	394	0.840052186587512	0.82595524114638	0.803385721845955
BG_LTR_like_13951	Strict non-ONSEN TE background	Chr5	10581547	10582595	1049	0.892242353455546	0.886056783629552	0.833546908121759
BG_LTR_like_13952	Strict non-ONSEN TE background	Chr5	10586819	10587541	723	0.889299677309481	0.873804276822646	0.836290963153548
BG_LTR_like_13953	Strict non-ONSEN TE background	Chr5	10587542	10588998	1457	0.892351665316562	0.885539597793967	0.841240711879039
BG_LTR_like_13954	Strict non-ONSEN TE background	Chr5	10592124	10592471	348	0.923633119535993	0.903868383251977	0.855581878280781
BG_LTR_like_13957	Strict non-ONSEN TE background	Chr5	10630921	10631176	256	0.835152364936496	0.820716598151486	0.803821548805523
BG_LTR_like_13958	Strict non-ONSEN TE background	Chr5	10632241	10633944	1704	0.957552433785568	0.931419765627496	0.880569383884998
BG_LTR_like_13961	Strict non-ONSEN TE background	Chr5	10643460	10643877	418	0.863342624406677	0.847801714549417	0.833683922975101
BG_LTR_like_13962	Strict non-ONSEN TE background	Chr5	10673354	10673606	253	0.903990605677575	0.86167201204307	0.816737581171882
BG_LTR_like_13963	Strict non-ONSEN TE background	Chr5	10676976	10677430	455	1	0.965717044042521	0.87432840331477
BG_LTR_like_13964	Strict non-ONSEN TE background	Chr5	10724493	10725611	1119	1	0.995345669961	0.911800793817553
BG_LTR_like_13965	Strict non-ONSEN TE background	Chr5	10728092	10730056	1965	0.988279621516139	0.976565296359189	0.940862432442288
BG_LTR_like_13966	Strict non-ONSEN TE background	Chr5	10730418	10731974	1557	0.920690443389928	0.909091636533977	0.84910620939149
BG_LTR_like_13967	Strict non-ONSEN TE background	Chr5	10732806	10733362	557	0.925362625658487	0.902546472411274	0.85156080055688
BG_LTR_like_13968	Strict non-ONSEN TE background	Chr5	10737021	10738756	1736	0.882549816981468	0.863638082234537	0.840581297588554
BG_LTR_like_13969	Strict non-ONSEN TE background	Chr5	10740792	10741015	224	0.84910161767358	0.809870280040236	0.742434217112071
BG_LTR_like_13970	Strict non-ONSEN TE background	Chr5	10741016	10742725	1710	0.925362625658487	0.902916604826146	0.861017539568895
BG_LTR_like_13971	Strict non-ONSEN TE background	Chr5	10763180	10764242	1063	0.889299677309481	0.872541704924042	0.814562866606232
BG_LTR_like_13972	Strict non-ONSEN TE background	Chr5	10776813	10778565	1753	0.94429483225512	0.908121256412142	0.854105496622754
BG_LTR_like_13973	Strict non-ONSEN TE background	Chr5	10812729	10812999	271	0.890271456576561	0.855756958923398	0.833056631604741
BG_LTR_like_13974	Strict non-ONSEN TE background	Chr5	10888927	10889285	359	0.877148587339202	0.854715824912031	0.816719230993032
BG_LTR_like_13977	Strict non-ONSEN TE background	Chr5	10908581	10909787	1207	1	0.917195778572862	0.867700658785683
BG_LTR_like_13980	Strict non-ONSEN TE background	Chr5	10914461	10915057	597	1	0.937425650859856	0.843894412972972
BG_LTR_like_13999	Strict non-ONSEN TE background	Chr5	10933823	10934730	908	1	0.958378017703753	0.872105557234297
BG_LTR_like_14004	Strict non-ONSEN TE background	Chr5	10935728	10936195	468	0.889299677309481	0.880947827974933	0.865057468329731
BG_LTR_like_14005	Strict non-ONSEN TE background	Chr5	10938377	10939556	1180	1	0.928950218830385	0.863647242982241
BG_LTR_like_14006	Strict non-ONSEN TE background	Chr5	10968106	10968816	711	0.947729284558774	0.922953085031314	0.824796465295541
BG_LTR_like_14015	Strict non-ONSEN TE background	Chr5	11026531	11026973	443	0.832100092946023	0.807652493495161	0.779603580211078
BG_LTR_like_14018	Strict non-ONSEN TE background	Chr5	11062527	11064256	1730	0.920133049071526	0.898143357452017	0.874107473274848
BG_LTR_like_14019	Strict non-ONSEN TE background	Chr5	11065344	11066529	1186	0.920690443389928	0.908119529688097	0.836801432059655
BG_LTR_like_14020	Strict non-ONSEN TE background	Chr5	11071977	11073970	1994	0.957552433785568	0.895437124535975	0.848725571589887
BG_LTR_like_14025	Strict non-ONSEN TE background	Chr5	11076521	11078225	1705	1	0.953718201470868	0.869585726027484
BG_LTR_like_14026	Strict non-ONSEN TE background	Chr5	11081827	11083547	1721	0.901548316704525	0.872458075964263	0.839502831160357
BG_LTR_like_14027	Strict non-ONSEN TE background	Chr5	11099206	11100322	1117	0.947729284558774	0.925967158038389	0.826410466554069
BG_LTR_like_14030	Strict non-ONSEN TE background	Chr5	11102708	11104361	1654	0.978131699864756	0.966861384570967	0.914641201414746
BG_LTR_like_14031	Strict non-ONSEN TE background	Chr5	11136817	11138261	1445	0.978131699864756	0.963251957371718	0.928191901699496
BG_LTR_like_14032	Strict non-ONSEN TE background	Chr5	11158266	11159457	1192	0.920690443389928	0.904696745701792	0.862400071598256
BG_LTR_like_14035	Strict non-ONSEN TE background	Chr5	11175205	11175913	709	0.953230354341334	0.911788957816687	0.88334065118869
BG_LTR_like_14038	Strict non-ONSEN TE background	Chr5	11175919	11177253	1335	0.906780813378805	0.896171839989134	0.859918262349608
BG_LTR_like_14039	Strict non-ONSEN TE background	Chr5	11177255	11178305	1051	0.957552433785568	0.921542039164362	0.849900141989603
BG_LTR_like_14040	Strict non-ONSEN TE background	Chr5	11178306	11178731	426	0.882418598624774	0.851680607201383	0.814005353044047
BG_LTR_like_14041	Strict non-ONSEN TE background	Chr5	11182635	11183046	412	0.882418598624774	0.851680607201383	0.814005353044047
BG_LTR_like_14044	Strict non-ONSEN TE background	Chr5	11183047	11184521	1475	0.934310940015733	0.925874760016595	0.899627914084423
BG_LTR_like_14045	Strict non-ONSEN TE background	Chr5	11192674	11193130	457	0.903208981207187	0.897664819548804	0.880390699935889
BG_LTR_like_14046	Strict non-ONSEN TE background	Chr5	11194850	11195536	687	1	0.945669093224479	0.887680995838576
BG_LTR_like_14047	Strict non-ONSEN TE background	Chr5	11197050	11198434	1385	1	0.911342729893381	0.870002810202232
BG_LTR_like_14048	Strict non-ONSEN TE background	Chr5	11203512	11205075	1564	0.920690443389928	0.908119529688097	0.878301539086506
BG_LTR_like_14049	Strict non-ONSEN TE background	Chr5	11205076	11205399	324	0.835686587752703	0.824681115185232	0.779942794871273
BG_LTR_like_14050	Strict non-ONSEN TE background	Chr5	11205402	11206723	1322	0.997057323853935	0.978730598383572	0.901060323075033
BG_LTR_like_14051	Strict non-ONSEN TE background	Chr5	11223323	11223641	319	0.877148587339202	0.861756442643513	0.79152534292354
BG_LTR_like_14054	Strict non-ONSEN TE background	Chr5	11228553	11228758	206	0.820490724440214	0.811179093401038	0.787181006146829
BG_LTR_like_14055	Strict non-ONSEN TE background	Chr5	11286590	11286895	306	0.894990544126474	0.866619080452707	0.797041873533848
BG_LTR_like_14056	Strict non-ONSEN TE background	Chr5	11286896	11287403	508	0.957552433785568	0.932122385478068	0.907798535848017
BG_LTR_like_14059	Strict non-ONSEN TE background	Chr5	11288814	11290081	1268	0.935303530385856	0.912710218855097	0.893649745227422
BG_LTR_like_14060	Strict non-ONSEN TE background	Chr5	11293246	11294541	1296	0.997057323853935	0.984546913292977	0.916553290621668
BG_LTR_like_14063	Strict non-ONSEN TE background	Chr5	11305996	11306556	561	0.877599931150928	0.86791265046758	0.839635511063699
BG_LTR_like_14064	Strict non-ONSEN TE background	Chr5	11307798	11308811	1014	0.900777705854913	0.89405773273012	0.876469713605331
BG_LTR_like_14065	Strict non-ONSEN TE background	Chr5	11317410	11318632	1223	0.914982098538431	0.890820437195974	0.856053337910628
BG_LTR_like_14066	Strict non-ONSEN TE background	Chr5	11318990	11319685	696	0.894990544126474	0.862380158737163	0.785800541291051
BG_LTR_like_14067	Strict non-ONSEN TE background	Chr5	11319793	11320500	708	0.914982098538431	0.907305689766232	0.893040998781966
BG_LTR_like_14068	Strict non-ONSEN TE background	Chr5	11331867	11332427	561	0.881197659310315	0.875477128859081	0.823478085405891
BG_LTR_like_14071	Strict non-ONSEN TE background	Chr5	11352732	11353959	1228	0.988279621516139	0.976565296359189	0.940862432442288
BG_LTR_like_14074	Strict non-ONSEN TE background	Chr5	11356453	11356896	444	0.925362625658487	0.89584387884838	0.861242207474981
BG_LTR_like_14075	Strict non-ONSEN TE background	Chr5	11356897	11358042	1146	0.916449385805885	0.907175955758555	0.881270226714268
BG_LTR_like_14076	Strict non-ONSEN TE background	Chr5	11366627	11368037	1411	1	0.952986676949808	0.92303355743638
BG_LTR_like_14077	Strict non-ONSEN TE background	Chr5	11372113	11374027	1915	0.953230354341334	0.92204712077389	0.892825568107291
BG_LTR_like_14080	Strict non-ONSEN TE background	Chr5	11374456	11374925	470	0.892242353455546	0.868926954770079	0.842638400846802
BG_LTR_like_14081	Strict non-ONSEN TE background	Chr5	11375647	11376870	1224	0.914982098538431	0.891387290979655	0.844013753226694
BG_LTR_like_14082	Strict non-ONSEN TE background	Chr5	11387664	11388075	412	0.887672248178983	0.832195963477241	0.798580706824137
BG_LTR_like_14083	Strict non-ONSEN TE background	Chr5	11404158	11406110	1953	0.892351665316562	0.883618203737271	0.859491509751872
BG_LTR_like_14084	Strict non-ONSEN TE background	Chr5	11406111	11407330	1220	0.947729284558774	0.926038103298821	0.863232761516288
BG_LTR_like_14085	Strict non-ONSEN TE background	Chr5	11415811	11416056	246	0.843073085586197	0.833523991794588	0.762955689559821
BG_LTR_like_14086	Strict non-ONSEN TE background	Chr5	11417297	11418505	1209	1	1	0.937026699452928
BG_LTR_like_14089	Strict non-ONSEN TE background	Chr5	11422844	11423160	317	0.789696382099223	0.784397043816622	0.749864389175495
BG_LTR_like_14092	Strict non-ONSEN TE background	Chr5	11437945	11439269	1325	0.947729284558774	0.917247869765129	0.841761029354883
BG_LTR_like_14095	Strict non-ONSEN TE background	Chr5	11439476	11440674	1199	0.997057323853935	0.984546913292977	0.917068195963153
BG_LTR_like_14098	Strict non-ONSEN TE background	Chr5	11460347	11462097	1751	1	0.95264077572531	0.919068266833305
BG_LTR_like_14103	Strict non-ONSEN TE background	Chr5	11471596	11472024	429	0.892351665316562	0.88315352802908	0.825877678894568
BG_LTR_like_14104	Strict non-ONSEN TE background	Chr5	11472025	11472803	779	0.911395603731751	0.906962958935196	0.854737719888677
BG_LTR_like_14107	Strict non-ONSEN TE background	Chr5	11472804	11473371	568	0.875340792264493	0.856959084717821	0.812704632360776
BG_LTR_like_14108	Strict non-ONSEN TE background	Chr5	11477631	11479189	1559	1	0.954665668799222	0.903051537069631
BG_LTR_like_14109	Strict non-ONSEN TE background	Chr5	11479190	11479683	494	0.882834776877376	0.873874207760041	0.802496025506795
BG_LTR_like_14110	Strict non-ONSEN TE background	Chr5	11479684	11480162	479	0.894357236270867	0.891604300252205	0.874697561759321
BG_LTR_like_14111	Strict non-ONSEN TE background	Chr5	11482596	11482997	402	0.878867312703298	0.853051500056661	0.824925017467215
BG_LTR_like_14114	Strict non-ONSEN TE background	Chr5	11488424	11489630	1207	0.921946319348893	0.902967510000071	0.868920239906964
BG_LTR_like_14115	Strict non-ONSEN TE background	Chr5	11489633	11490402	770	0.876197298676884	0.840779998872068	0.8058489349407
BG_LTR_like_14128	Strict non-ONSEN TE background	Chr5	11521305	11521851	547	0.901770296225036	0.891581698534946	0.877241798823042
BG_LTR_like_14129	Strict non-ONSEN TE background	Chr5	11524318	11525034	717	0.876197298676884	0.857801314949691	0.812806389229904
BG_LTR_like_14130	Strict non-ONSEN TE background	Chr5	11562828	11563119	292	0.892351665316562	0.866847998330237	0.819931178180831
BG_LTR_like_14135	Strict non-ONSEN TE background	Chr5	11566348	11566661	314	0.84593904997758	0.828165803942442	0.797384676585867
BG_LTR_like_14136	Strict non-ONSEN TE background	Chr5	11566662	11567713	1052	0.997057323853935	0.985647468465601	0.925873662919845
BG_LTR_like_14137	Strict non-ONSEN TE background	Chr5	11572368	11573345	978	0.920690443389928	0.908799964478883	0.891346632412432
BG_LTR_like_14140	Strict non-ONSEN TE background	Chr5	11596628	11597809	1182	0.953230354341334	0.934824546223146	0.892975537622186
BG_LTR_like_14141	Strict non-ONSEN TE background	Chr5	11608734	11608961	228	0.926863519412771	0.891331117736513	0.797530473909811
BG_LTR_like_14142	Strict non-ONSEN TE background	Chr5	11608962	11610148	1187	0.961845487057053	0.94550305811742	0.892975537622186
BG_LTR_like_14143	Strict non-ONSEN TE background	Chr5	11610165	11610703	539	0.874306228705745	0.861806078550563	0.842101824269685
BG_LTR_like_14148	Strict non-ONSEN TE background	Chr5	11665794	11666073	280	0.914235463239975	0.878413011997026	0.791499796670949
BG_LTR_like_14149	Strict non-ONSEN TE background	Chr5	11666123	11667241	1119	0.920690443389928	0.902701531082576	0.829985111779266
BG_LTR_like_14150	Strict non-ONSEN TE background	Chr5	11684430	11684655	226	0.853842586224807	0.840055313852419	0.801167541975822
BG_LTR_like_14151	Strict non-ONSEN TE background	Chr5	11684825	11685146	322	0.925362625658487	0.898991460524554	0.838485596292553
BG_LTR_like_14152	Strict non-ONSEN TE background	Chr5	11685147	11685621	475	0.908452927585686	0.893961851561796	0.83297982374309
BG_LTR_like_14153	Strict non-ONSEN TE background	Chr5	11701014	11701538	525	0.872679811912855	0.830809370184152	0.803438519448513
BG_LTR_like_14156	Strict non-ONSEN TE background	Chr5	11741589	11742798	1210	0.957552433785568	0.908909412507857	0.849900141989603
BG_LTR_like_14157	Strict non-ONSEN TE background	Chr5	11753142	11753593	452	0.862768308928416	0.824941321641439	0.782382083998244
BG_LTR_like_14158	Strict non-ONSEN TE background	Chr5	11763872	11765766	1895	0.957552433785568	0.909987993829499	0.873653661162215
BG_LTR_like_14159	Strict non-ONSEN TE background	Chr5	11776774	11777536	763	0.925362625658487	0.906794899956433	0.874708598844366
BG_LTR_like_14160	Strict non-ONSEN TE background	Chr5	11776895	11777204	310	0.882549816981468	0.851141759294559	0.79714106176719
BG_LTR_like_14163	Strict non-ONSEN TE background	Chr5	11782971	11784600	1630	0.997057323853935	0.983378897137539	0.858357775168133
BG_LTR_like_14164	Strict non-ONSEN TE background	Chr5	11785117	11786670	1554	0.957552433785568	0.89110332094354	0.858535847587331
BG_LTR_like_14165	Strict non-ONSEN TE background	Chr5	11808470	11810264	1795	0.894422298553032	0.887626263798871	0.817175901816927
BG_LTR_like_14170	Strict non-ONSEN TE background	Chr5	11945567	11945906	340	0.873149185442374	0.85866462675671	0.830276691599782
BG_LTR_like_14171	Strict non-ONSEN TE background	Chr5	11972761	11974096	1336	0.892351665316562	0.886348181927035	0.844047613014821
BG_LTR_like_14172	Strict non-ONSEN TE background	Chr5	11975954	11976204	251	0.821432119018489	0.807950713298322	0.763696975880469
BG_LTR_like_14173	Strict non-ONSEN TE background	Chr5	11978374	11978634	261	0.957552433785568	0.909856989430269	0.821611011938314
BG_LTR_like_14174	Strict non-ONSEN TE background	Chr5	11978635	11980559	1925	0.938823665407958	0.907383308256289	0.874779828398939
BG_LTR_like_14179	Strict non-ONSEN TE background	Chr5	12020978	12021340	363	0.876197298676884	0.846896108458727	0.819668417606367
BG_LTR_like_14180	Strict non-ONSEN TE background	Chr5	12021341	12022590	1250	0.920690443389928	0.90557502049443	0.835733872827808
BG_LTR_like_14183	Strict non-ONSEN TE background	Chr5	12048552	12050505	1954	0.895061251649291	0.888559070563117	0.836857595847736
BG_LTR_like_14184	Strict non-ONSEN TE background	Chr5	12063979	12064409	431	0.860906988636661	0.820077350007601	0.772862645017666
BG_LTR_like_14185	Strict non-ONSEN TE background	Chr5	12069092	12069607	516	0.923633119535993	0.890407316833309	0.840542901944975
BG_LTR_like_14186	Strict non-ONSEN TE background	Chr5	12069608	12069819	212	0.829494157549635	0.80203593800581	0.752883364017618
BG_LTR_like_14187	Strict non-ONSEN TE background	Chr5	12069820	12071485	1666	0.923633119535993	0.894645093222221	0.86331112929843
BG_LTR_like_14190	Strict non-ONSEN TE background	Chr5	12072630	12073934	1305	0.947729284558774	0.908684930815115	0.846556438655423
BG_LTR_like_14191	Strict non-ONSEN TE background	Chr5	12073935	12074638	704	0.883921890485864	0.861781769814905	0.842055884020496
BG_LTR_like_14192	Strict non-ONSEN TE background	Chr5	12092733	12093874	1142	0.997057323853935	0.974147531126776	0.869039658872427
BG_LTR_like_14193	Strict non-ONSEN TE background	Chr5	12095515	12096709	1195	0.916030719040699	0.901705513252729	0.864280419276668
BG_LTR_like_14198	Strict non-ONSEN TE background	Chr5	12150834	12151115	282	0.914982098538431	0.876861864581735	0.832510819298672
BG_LTR_like_14201	Strict non-ONSEN TE background	Chr5	12151116	12151733	618	0.906780813378805	0.894255604761999	0.840852282570428
BG_LTR_like_14202	Strict non-ONSEN TE background	Chr5	12151978	12152256	279	0.889299677309481	0.873067032874154	0.846424933580789
BG_LTR_like_14203	Strict non-ONSEN TE background	Chr5	12156438	12156891	454	0.90421948095941	0.856685644476441	0.815190167789101
BG_LTR_like_14204	Strict non-ONSEN TE background	Chr5	12164845	12165094	250	0.904728059674923	0.876689191470923	0.798444099716585
BG_LTR_like_14207	Strict non-ONSEN TE background	Chr5	12194391	12194712	322	0.908452927585686	0.902033798472563	0.869062549839316
BG_LTR_like_14212	Strict non-ONSEN TE background	Chr5	12229754	12230633	880	0.963392514562758	0.949006819056503	0.909838392658783
BG_LTR_like_14215	Strict non-ONSEN TE background	Chr5	12238101	12239751	1651	1	0.996478853844802	0.971903609424942
BG_LTR_like_14218	Strict non-ONSEN TE background	Chr5	12259895	12260476	582	0.925362625658487	0.902033798895736	0.837844113426634
BG_LTR_like_14219	Strict non-ONSEN TE background	Chr5	12282237	12283801	1565	0.957552433785568	0.923128155405592	0.883823448635356
BG_LTR_like_14220	Strict non-ONSEN TE background	Chr5	12284201	12284432	232	0.889457481291927	0.843726119160658	0.808564224506488
BG_LTR_like_14221	Strict non-ONSEN TE background	Chr5	12284433	12285827	1395	0.925362625658487	0.901816652377424	0.85895579633022
BG_LTR_like_14224	Strict non-ONSEN TE background	Chr5	12286641	12287065	425	0.902088337308231	0.891837754434713	0.871531585704813
BG_LTR_like_14227	Strict non-ONSEN TE background	Chr5	12287066	12287787	722	0.846657861616355	0.83446763722918	0.822268823799643
BG_LTR_like_14228	Strict non-ONSEN TE background	Chr5	12287788	12289068	1281	0.988279621516139	0.976565296359189	0.940862432442288
BG_LTR_like_14235	Strict non-ONSEN TE background	Chr5	12316097	12317523	1427	0.920690443389928	0.907538659045827	0.86028274653007
BG_LTR_like_14236	Strict non-ONSEN TE background	Chr5	12317524	12318289	766	0.846657861616355	0.839339921742378	0.824925017467215
BG_LTR_like_14237	Strict non-ONSEN TE background	Chr5	12321865	12323074	1210	0.892351665316562	0.883427483494894	0.850558141598829
BG_LTR_like_14238	Strict non-ONSEN TE background	Chr5	12332946	12334530	1585	0.92963603597011	0.887835846093441	0.833400593059763
BG_LTR_like_14239	Strict non-ONSEN TE background	Chr5	12334798	12335494	697	0.889299677309481	0.877429844613226	0.846648234278783
BG_LTR_like_14242	Strict non-ONSEN TE background	Chr5	12350575	12350857	283	0.819168218324121	0.799557833701293	0.76461629403033
BG_LTR_like_14245	Strict non-ONSEN TE background	Chr5	12363542	12363962	421	0.912262135174299	0.89358703798879	0.877919132739854
BG_LTR_like_14248	Strict non-ONSEN TE background	Chr5	12393838	12394406	569	0.925362625658487	0.921931493940537	0.858455688775337
BG_LTR_like_14249	Strict non-ONSEN TE background	Chr5	12411817	12412796	980	0.882549816981468	0.860003516155969	0.82552551416615
BG_LTR_like_14250	Strict non-ONSEN TE background	Chr5	12417564	12417833	270	0.860906988636661	0.820727495911691	0.74519123153869
BG_LTR_like_14251	Strict non-ONSEN TE background	Chr5	12423501	12424190	690	0.867007748022684	0.860777278314702	0.829683651486849
BG_LTR_like_14252	Strict non-ONSEN TE background	Chr5	12424464	12425020	557	0.89531155495524	0.887770796275571	0.862625230349723
BG_LTR_like_14253	Strict non-ONSEN TE background	Chr5	12432154	12432723	570	0.879292093731603	0.853352307704732	0.830839157766303
BG_LTR_like_14254	Strict non-ONSEN TE background	Chr5	12436781	12437154	374	0.920690443389928	0.905261763284999	0.845062938109951
BG_LTR_like_14255	Strict non-ONSEN TE background	Chr5	12442692	12443642	951	0.908452927585686	0.893961851561796	0.831536099213268
BG_LTR_like_14256	Strict non-ONSEN TE background	Chr5	12443911	12445299	1389	0.908452927585686	0.900914592742456	0.858915359935475
BG_LTR_like_14257	Strict non-ONSEN TE background	Chr5	12472687	12473153	467	0.879292093731603	0.857296444419806	0.842048585764282
BG_LTR_like_14258	Strict non-ONSEN TE background	Chr5	12476442	12476721	280	0.846915407889951	0.835026681376095	0.811133099634976
BG_LTR_like_14261	Strict non-ONSEN TE background	Chr5	12523027	12523239	213	0.832994470502553	0.814554251326803	0.797715973241805
BG_LTR_like_14269	Strict non-ONSEN TE background	Chr5	12569605	12570941	1337	0.925362625658487	0.898847365451347	0.854325192089999
BG_LTR_like_14270	Strict non-ONSEN TE background	Chr5	12582824	12583708	885	0.925362625658487	0.918254766260656	0.900677934182669
BG_LTR_like_14273	Strict non-ONSEN TE background	Chr5	12600349	12600674	326	0.790535654967732	0.780647699802998	0.758645177035279
BG_LTR_like_14291	Strict non-ONSEN TE background	Chr5	12608878	12610155	1278	0.957552433785568	0.940412031207428	0.918367604127486
BG_LTR_like_14292	Strict non-ONSEN TE background	Chr5	12610312	12610630	319	0.894990544126474	0.876326213897046	0.819957965783163
BG_LTR_like_14293	Strict non-ONSEN TE background	Chr5	12610791	12612002	1212	0.889299677309481	0.881953244787946	0.833717906549553
BG_LTR_like_14294	Strict non-ONSEN TE background	Chr5	12623080	12623691	612	0.978131699864756	0.946735142536655	0.874011210919391
BG_LTR_like_14295	Strict non-ONSEN TE background	Chr5	12625497	12626910	1414	0.925362625658487	0.919119850454224	0.857437525735445
BG_LTR_like_14296	Strict non-ONSEN TE background	Chr5	12628823	12630499	1677	0.950697160884448	0.927694647988616	0.883009523001462
BG_LTR_like_14301	Strict non-ONSEN TE background	Chr5	12667756	12668248	493	0.862670286015852	0.845725026311406	0.828557889731188
BG_LTR_like_14302	Strict non-ONSEN TE background	Chr5	12668249	12669621	1373	0.997057323853935	0.976361562596055	0.898881968654362
BG_LTR_like_14303	Strict non-ONSEN TE background	Chr5	12739304	12739557	254	0.838908671015157	0.819321607638308	0.748441802342241
BG_LTR_like_14306	Strict non-ONSEN TE background	Chr5	12746198	12747967	1770	0.923633119535993	0.900447682654506	0.824264293838884
BG_LTR_like_14307	Strict non-ONSEN TE background	Chr5	12752508	12754476	1969	0.957552433785568	0.929937332706218	0.866191755877475
BG_LTR_like_14308	Strict non-ONSEN TE background	Chr5	12765778	12766030	253	0.838908671015157	0.810279694709005	0.75930538301538
BG_LTR_like_14309	Strict non-ONSEN TE background	Chr5	12766031	12766842	812	0.923633119535993	0.897532750611251	0.801794399266332
BG_LTR_like_14310	Strict non-ONSEN TE background	Chr5	12778234	12779558	1325	0.914982098538431	0.904764517286793	0.843811082726551
BG_LTR_like_14311	Strict non-ONSEN TE background	Chr5	12779758	12780043	286	0.920690443389928	0.916190875893424	0.853598537229183
BG_LTR_like_14312	Strict non-ONSEN TE background	Chr5	12781435	12781677	243	0.882834776877376	0.877964409030399	0.846797944675105
BG_LTR_like_14313	Strict non-ONSEN TE background	Chr5	12781681	12781915	235	0.835686587752703	0.811193517259852	0.754986462000716
BG_LTR_like_14314	Strict non-ONSEN TE background	Chr5	12781917	12783620	1704	0.947729284558774	0.917377215991076	0.861689720604156
BG_LTR_like_14317	Strict non-ONSEN TE background	Chr5	12800250	12801601	1352	0.957552433785568	0.919053050001423	0.876790177135292
BG_LTR_like_14318	Strict non-ONSEN TE background	Chr5	12801715	12802376	662	0.911395603731751	0.903151276513246	0.838487695650905
BG_LTR_like_14319	Strict non-ONSEN TE background	Chr5	12802377	12802623	247	0.906780813378805	0.869294073677868	0.779959685688615
BG_LTR_like_14320	Strict non-ONSEN TE background	Chr5	12802624	12803146	523	0.882549816981468	0.85654079514733	0.787095017572908
BG_LTR_like_14325	Strict non-ONSEN TE background	Chr5	12842219	12843570	1352	0.957552433785568	0.919053050001423	0.876790177135292
BG_LTR_like_14326	Strict non-ONSEN TE background	Chr5	12843684	12844345	662	0.911395603731751	0.903151276513246	0.838487695650905
BG_LTR_like_14327	Strict non-ONSEN TE background	Chr5	12844346	12844590	245	0.906780813378805	0.869294073677868	0.779959685688615
BG_LTR_like_14328	Strict non-ONSEN TE background	Chr5	12844591	12845117	527	0.882549816981468	0.85654079514733	0.787095017572908
BG_LTR_like_14329	Strict non-ONSEN TE background	Chr5	12889537	12890713	1177	0.947729284558774	0.92819718687429	0.869721012023888
BG_LTR_like_14330	Strict non-ONSEN TE background	Chr5	12919928	12920503	576	0.816003029651139	0.810366007115212	0.792361018565818
BG_LTR_like_14331	Strict non-ONSEN TE background	Chr5	12923769	12925166	1398	0.925362625658487	0.914559256446094	0.816755795206492
BG_LTR_like_14332	Strict non-ONSEN TE background	Chr5	12928896	12929183	288	0.867920776853448	0.82752653147542	0.806087550020559
BG_LTR_like_14333	Strict non-ONSEN TE background	Chr5	12929184	12929558	375	0.889299677309481	0.881773541076143	0.85093117399305
BG_LTR_like_14334	Strict non-ONSEN TE background	Chr5	12929559	12929944	386	0.925362625658487	0.886767594761739	0.798871090077974
BG_LTR_like_14335	Strict non-ONSEN TE background	Chr5	12929945	12930250	306	0.882549816981468	0.844398469143688	0.774132558944496
BG_LTR_like_14336	Strict non-ONSEN TE background	Chr5	12930816	12932432	1617	0.911395603731751	0.89559067362862	0.858502356451844
BG_LTR_like_14337	Strict non-ONSEN TE background	Chr5	12933883	12935398	1516	1	0.978830052326713	0.899399258971519
BG_LTR_like_14340	Strict non-ONSEN TE background	Chr5	12938097	12938563	467	0.889838468428207	0.881960269222459	0.860641509589283
BG_LTR_like_14341	Strict non-ONSEN TE background	Chr5	12938109	12938537	429	0.889838468428207	0.881960269222459	0.860641509589283
BG_LTR_like_14342	Strict non-ONSEN TE background	Chr5	12939147	12939579	433	0.880378198049944	0.872448833865016	0.858839783655833
BG_LTR_like_14343	Strict non-ONSEN TE background	Chr5	12939735	12940566	832	1	0.94750700241786	0.871282128108565
BG_LTR_like_14346	Strict non-ONSEN TE background	Chr5	12944580	12946019	1440	0.947729284558774	0.928854311098916	0.900016940750467
BG_LTR_like_14351	Strict non-ONSEN TE background	Chr5	12954201	12955996	1796	0.923633119535993	0.903902822012502	0.86759974685221
BG_LTR_like_14352	Strict non-ONSEN TE background	Chr5	13017755	13018510	756	0.923633119535993	0.899811623256698	0.832386655922518
BG_LTR_like_14357	Strict non-ONSEN TE background	Chr5	13027506	13028564	1059	0.867920776853448	0.849513428549104	0.801306332693871
BG_LTR_like_14358	Strict non-ONSEN TE background	Chr5	13028616	13029135	520	0.925362625658487	0.908406923402642	0.856580857212136
BG_LTR_like_14359	Strict non-ONSEN TE background	Chr5	13032575	13034075	1501	1	0.960796376990816	0.92303355743638
BG_LTR_like_14360	Strict non-ONSEN TE background	Chr5	13034076	13035624	1549	0.925362625658487	0.903893127677381	0.864122551033134
BG_LTR_like_14361	Strict non-ONSEN TE background	Chr5	13035696	13035983	288	0.83997163801432	0.816425491584668	0.764024296824869
BG_LTR_like_14362	Strict non-ONSEN TE background	Chr5	13036297	13037354	1058	0.894990544126474	0.881158833699153	0.805883674432026
BG_LTR_like_14363	Strict non-ONSEN TE background	Chr5	13037449	13037946	498	0.925362625658487	0.907750079145468	0.829311042148116
BG_LTR_like_14364	Strict non-ONSEN TE background	Chr5	13037947	13039645	1699	0.866711107894412	0.849931182313562	0.813446565595082
BG_LTR_like_14365	Strict non-ONSEN TE background	Chr5	13042257	13042542	286	0.869898943887396	0.842154813497517	0.825113260283217
BG_LTR_like_14366	Strict non-ONSEN TE background	Chr5	13042543	13043098	556	0.957552433785568	0.907268986692841	0.874905817112609
BG_LTR_like_14367	Strict non-ONSEN TE background	Chr5	13045246	13046896	1651	0.923633119535993	0.911210883962147	0.869814998844994
BG_LTR_like_14370	Strict non-ONSEN TE background	Chr5	13046905	13047545	641	0.864951361474826	0.859855404443637	0.844753206842231
BG_LTR_like_14371	Strict non-ONSEN TE background	Chr5	13057488	13058483	996	0.997057323853935	0.976940935512123	0.881820935333717
BG_LTR_like_14372	Strict non-ONSEN TE background	Chr5	13066370	13067019	650	0.834220140823964	0.815539038777504	0.786335618737222
BG_LTR_like_14373	Strict non-ONSEN TE background	Chr5	13094683	13094994	312	0.889299677309481	0.870031847539173	0.831466941809508
BG_LTR_like_14374	Strict non-ONSEN TE background	Chr5	13117645	13117867	223	0.862523178154676	0.851444047042556	0.82711472946516
BG_LTR_like_14377	Strict non-ONSEN TE background	Chr5	13129776	13130953	1178	0.934310940015733	0.905764840897793	0.869256920042025
BG_LTR_like_14378	Strict non-ONSEN TE background	Chr5	13131967	13133093	1127	0.920690443389928	0.910704877307524	0.844013753226694
BG_LTR_like_14379	Strict non-ONSEN TE background	Chr5	13133945	13135657	1713	0.923633119535993	0.911558858148665	0.867792725664081
BG_LTR_like_14380	Strict non-ONSEN TE background	Chr5	13135658	13137346	1689	1	0.953616795659061	0.916102101029878
BG_LTR_like_14383	Strict non-ONSEN TE background	Chr5	13141113	13142242	1130	0.947124002990668	0.917848738270089	0.89006614289645
BG_LTR_like_14386	Strict non-ONSEN TE background	Chr5	13155144	13155542	399	0.908452927585686	0.90289408891533	0.857388335320968
BG_LTR_like_14387	Strict non-ONSEN TE background	Chr5	13155554	13156016	463	0.905790190621108	0.848882168739622	0.808987698576953
BG_LTR_like_14388	Strict non-ONSEN TE background	Chr5	13156017	13156293	277	0.907161828209175	0.884900188021996	0.830745305547482
BG_LTR_like_14393	Strict non-ONSEN TE background	Chr5	13180953	13181396	444	0.81587547299154	0.804232391077584	0.788170819677053
BG_LTR_like_14396	Strict non-ONSEN TE background	Chr5	13225245	13226055	811	0.889299677309481	0.883686202247401	0.830913057056221
BG_LTR_like_14397	Strict non-ONSEN TE background	Chr5	13233574	13233802	229	0.908126646286511	0.833355715266034	0.770531623077662
BG_LTR_like_14398	Strict non-ONSEN TE background	Chr5	13304980	13305214	235	0.925362625658487	0.902622334124949	0.824127648085517
BG_LTR_like_14399	Strict non-ONSEN TE background	Chr5	13305655	13306278	624	0.867920776853448	0.848703045292071	0.796219888201254
BG_LTR_like_14400	Strict non-ONSEN TE background	Chr5	13310446	13310772	327	0.894990544126474	0.861431654858703	0.773188662315157
BG_LTR_like_14403	Strict non-ONSEN TE background	Chr5	13345796	13347620	1825	0.911395603731751	0.891078030847424	0.856821874884232
BG_LTR_like_14406	Strict non-ONSEN TE background	Chr5	13398039	13399431	1393	0.923633119535993	0.914991800235251	0.89991497216258
BG_LTR_like_14407	Strict non-ONSEN TE background	Chr5	13399522	13399828	307	0.880084599279898	0.869263237495843	0.836257066274697
BG_LTR_like_14410	Strict non-ONSEN TE background	Chr5	13405627	13407187	1561	0.925362625658487	0.902406418536093	0.881606992108734
BG_LTR_like_14411	Strict non-ONSEN TE background	Chr5	13434694	13435022	329	0.911395603731751	0.860786742242547	0.77641076588518
BG_LTR_like_14414	Strict non-ONSEN TE background	Chr5	13520969	13521213	245	0.856487351505556	0.837005996390052	0.814198378383311
BG_LTR_like_14415	Strict non-ONSEN TE background	Chr5	13536039	13537860	1822	0.957552433785568	0.931436230848509	0.906298430241422
BG_LTR_like_14418	Strict non-ONSEN TE background	Chr5	13537917	13538987	1071	0.957552433785568	0.933027248213885	0.910759434349112
BG_LTR_like_14419	Strict non-ONSEN TE background	Chr5	13539081	13539522	442	0.858114556122365	0.835810219117302	0.785420485956759
BG_LTR_like_14420	Strict non-ONSEN TE background	Chr5	13539523	13539779	257	0.832143439037293	0.806884465802434	0.781800497661596
BG_LTR_like_14423	Strict non-ONSEN TE background	Chr5	13555382	13556340	959	0.997057323853935	0.97631030399044	0.888052459833257
BG_LTR_like_14424	Strict non-ONSEN TE background	Chr5	13560867	13561403	537	0.868916368715881	0.845468147543608	0.800079418645809
BG_LTR_like_14425	Strict non-ONSEN TE background	Chr5	13562840	13563820	981	0.943377415923864	0.919956937246748	0.87779084081961
BG_LTR_like_14426	Strict non-ONSEN TE background	Chr5	13578345	13579267	923	0.892242353455546	0.874411840503503	0.851600507214546
BG_LTR_like_14429	Strict non-ONSEN TE background	Chr5	13626400	13627932	1533	0.925362625658487	0.91518281937656	0.855116812761195
BG_LTR_like_14439	Strict non-ONSEN TE background	Chr5	13851983	13852222	240	0.833820153068871	0.813653242700767	0.775696825863184
BG_LTR_like_14440	Strict non-ONSEN TE background	Chr5	13863805	13864173	369	0.892242353455546	0.838249754947443	0.76718830806223
BG_LTR_like_14443	Strict non-ONSEN TE background	Chr5	13877682	13878504	823	0.908452927585686	0.893373316332583	0.852924228069663
BG_LTR_like_14449	Strict non-ONSEN TE background	Chr5	13930464	13931886	1423	0.961845487057053	0.934088266946233	0.867293287417943
BG_LTR_like_14450	Strict non-ONSEN TE background	Chr5	13943013	13944139	1127	0.908452927585686	0.898064151126894	0.831814833501181
BG_LTR_like_14451	Strict non-ONSEN TE background	Chr5	13951743	13952034	292	0.892242353455546	0.871063655826402	0.798623094905212
BG_LTR_like_14454	Strict non-ONSEN TE background	Chr5	14051727	14052615	889	0.920690443389928	0.903868825168002	0.851851349086678
BG_LTR_like_14457	Strict non-ONSEN TE background	Chr5	14051977	14052294	318	0.920690443389928	0.903868825168002	0.851851349086678
BG_LTR_like_14460	Strict non-ONSEN TE background	Chr5	14059159	14059806	648	0.961845487057053	0.87672490947981	0.816867949695275
BG_LTR_like_14461	Strict non-ONSEN TE background	Chr5	14103078	14103487	410	0.925362625658487	0.900542189472704	0.864168263524731
BG_LTR_like_14462	Strict non-ONSEN TE background	Chr5	14123870	14124139	270	0.871917185299783	0.840905783907793	0.805882253027401
BG_LTR_like_14463	Strict non-ONSEN TE background	Chr5	14124837	14125455	619	0.908452927585686	0.890805908817542	0.823491499634441
BG_LTR_like_14464	Strict non-ONSEN TE background	Chr5	14228514	14229093	580	0.938823665407958	0.905388330694984	0.878172406185904
BG_LTR_like_14465	Strict non-ONSEN TE background	Chr5	14235444	14235759	316	0.902965219850032	0.867939330363341	0.819815867831181
BG_LTR_like_14466	Strict non-ONSEN TE background	Chr5	14257368	14258980	1613	0.997057323853935	0.973544648474845	0.865307616930354
BG_LTR_like_14469	Strict non-ONSEN TE background	Chr5	14295362	14295646	285	0.875627631545279	0.852942413458737	0.829843033292746
BG_LTR_like_14470	Strict non-ONSEN TE background	Chr5	14295647	14296757	1111	0.957552433785568	0.90210942381765	0.863800953567994
BG_LTR_like_14471	Strict non-ONSEN TE background	Chr5	14296911	14297141	231	0.897933220272539	0.880247640234827	0.802192867055012
BG_LTR_like_14472	Strict non-ONSEN TE background	Chr5	14297162	14298093	932	0.997057323853935	0.994168599502574	0.856148791911867
BG_LTR_like_14473	Strict non-ONSEN TE background	Chr5	14298830	14299159	330	0.911395603731751	0.882518224053403	0.840744531370427
BG_LTR_like_14476	Strict non-ONSEN TE background	Chr5	14319331	14319727	397	0.908452927585686	0.895865229249634	0.821341606703897
BG_LTR_like_14545	Strict non-ONSEN TE background	Chr5	14694162	14695647	1486	0.925466568627644	0.923733240559782	0.871829178554475
BG_LTR_like_14548	Strict non-ONSEN TE background	Chr5	14695676	14696083	408	0.889299677309481	0.869558082499202	0.831915450782858
BG_LTR_like_14600	Strict non-ONSEN TE background	Chr5	14780745	14781128	384	0.792130685877633	0.784407886948663	0.753580227278015
BG_LTR_like_14601	Strict non-ONSEN TE background	Chr5	14822766	14823731	966	0.923633119535993	0.900321220914667	0.872672100689463
BG_LTR_like_14602	Strict non-ONSEN TE background	Chr5	14823889	14825792	1904	0.879414407442101	0.863502582464856	0.835789744729458
BG_LTR_like_14605	Strict non-ONSEN TE background	Chr5	14876174	14876629	456	0.867007748022684	0.862500744014171	0.840629903668136
BG_LTR_like_14606	Strict non-ONSEN TE background	Chr5	14973183	14973403	221	0.918157144199166	0.888349730453739	0.845544694571144
BG_LTR_like_14607	Strict non-ONSEN TE background	Chr5	15079732	15081252	1521	0.897933220272539	0.881267483693858	0.845703840812171
BG_LTR_like_14676	Strict non-ONSEN TE background	Chr5	15291228	15291824	597	0.997057323853935	0.975648771573261	0.854983077102497
BG_LTR_like_14677	Strict non-ONSEN TE background	Chr5	15372820	15373029	210	0.823784877344961	0.800879386513035	0.775103147879668
BG_LTR_like_14678	Strict non-ONSEN TE background	Chr5	15388780	15389722	943	0.844337608750266	0.836642197226427	0.774852490274943
BG_LTR_like_14679	Strict non-ONSEN TE background	Chr5	15391383	15391742	360	0.911395603731751	0.868047899325614	0.800292416799152
BG_LTR_like_14707	Strict non-ONSEN TE background	Chr5	15587155	15587500	346	0.83997163801432	0.826962280963111	0.781355987931024
BG_LTR_like_14708	Strict non-ONSEN TE background	Chr5	15587501	15587839	339	0.892351665316562	0.86558447999406	0.807753878151939
BG_LTR_like_14709	Strict non-ONSEN TE background	Chr5	15599609	15600049	441	1	0.907870394764506	0.834381557542826
BG_LTR_like_14712	Strict non-ONSEN TE background	Chr5	15601039	15601491	453	0.950697160884448	0.902566258001387	0.87455148193157
BG_LTR_like_14715	Strict non-ONSEN TE background	Chr5	15700779	15701201	423	0.881197659310315	0.853063301769518	0.830839157766303
BG_LTR_like_14716	Strict non-ONSEN TE background	Chr5	15809080	15809837	758	0.997057323853935	0.970316881071535	0.854334890008499
BG_LTR_like_14719	Strict non-ONSEN TE background	Chr5	15832033	15833656	1624	0.957552433785568	0.921291130877877	0.875016782220451
BG_LTR_like_14720	Strict non-ONSEN TE background	Chr5	15881032	15881443	412	0.859062994968905	0.835576251874242	0.805828309690501
BG_LTR_like_14721	Strict non-ONSEN TE background	Chr5	15910005	15910686	682	0.877718718087299	0.856701400838127	0.832615114292645
BG_LTR_like_14727	Strict non-ONSEN TE background	Chr5	15959722	15959962	241	0.857831046427816	0.807286269331491	0.775839471689995
BG_LTR_like_14734	Strict non-ONSEN TE background	Chr5	16092298	16092860	563	0.905790190621108	0.884003129840684	0.825313667046094
BG_LTR_like_14773	Strict non-ONSEN TE background	Chr5	16322760	16322970	211	0.848381232298967	0.815591378561267	0.757440431141584
BG_LTR_like_14795	Strict non-ONSEN TE background	Chr5	16652448	16652794	347	0.81587547299154	0.806741002090105	0.782463229641742
BG_LTR_like_14813	Strict non-ONSEN TE background	Chr5	16879842	16880356	515	0.85669491617223	0.836717022198607	0.81646283179469
BG_LTR_like_14814	Strict non-ONSEN TE background	Chr5	16934292	16935286	995	1	0.910525258796629	0.863971209353859
BG_LTR_like_14815	Strict non-ONSEN TE background	Chr5	16966192	16966563	372	0.825324961464231	0.806764213556072	0.798091746723701
BG_LTR_like_14816	Strict non-ONSEN TE background	Chr5	16995915	16996260	346	0.835686587752703	0.815498898530561	0.780697704892884
BG_LTR_like_14819	Strict non-ONSEN TE background	Chr5	17030675	17031091	417	1	0.923053290042457	0.88334065118869
BG_LTR_like_14820	Strict non-ONSEN TE background	Chr5	17095160	17095666	507	1	0.955028471538829	0.901234993248047
BG_LTR_like_14821	Strict non-ONSEN TE background	Chr5	17134850	17135339	490	0.911395603731751	0.893128761158779	0.831168968469825
BG_LTR_like_14822	Strict non-ONSEN TE background	Chr5	17145770	17146071	302	0.866439826545741	0.825620935165041	0.793879180096974
BG_LTR_like_14835	Strict non-ONSEN TE background	Chr5	17261413	17261670	258	0.840012736478159	0.833640989460552	0.826617688295432
BG_LTR_like_14836	Strict non-ONSEN TE background	Chr5	17411392	17412065	674	0.889299677309481	0.880366873996453	0.807357350295023
BG_LTR_like_15025	Strict non-ONSEN TE background	Chr5	17770403	17770705	303	0.96438510493288	0.939104632187937	0.889045821298053
BG_LTR_like_15030	Strict non-ONSEN TE background	Chr5	17781777	17781992	216	0.925362625658487	0.890446896253356	0.817619542726144
BG_LTR_like_15033	Strict non-ONSEN TE background	Chr5	17871299	17871670	372	0.832143439037293	0.822665430999089	0.801197010086136
BG_LTR_like_15034	Strict non-ONSEN TE background	Chr5	17890064	17890586	523	0.865870482949204	0.851702348543971	0.820022215832202
BG_LTR_like_15041	Strict non-ONSEN TE background	Chr5	17948523	17948749	227	0.85669491617223	0.841126253731316	0.818190904200882
BG_LTR_like_15054	Strict non-ONSEN TE background	Chr5	17996704	17996911	208	0.911771277108941	0.857876923316719	0.793036367638612
BG_LTR_like_15094	Strict non-ONSEN TE background	Chr5	18160353	18160556	204	1	0.952432264124485	0.828997727475983
BG_LTR_like_15095	Strict non-ONSEN TE background	Chr5	18204841	18205317	477	0.861615784538552	0.84375443815954	0.822720052817165
BG_LTR_like_15096	Strict non-ONSEN TE background	Chr5	18301833	18302276	444	0.882549816981468	0.876392097976531	0.828254237739988
BG_LTR_like_15097	Strict non-ONSEN TE background	Chr5	18309329	18310072	744	0.997057323853935	0.994168599502574	0.868800884630109
BG_LTR_like_15155	Strict non-ONSEN TE background	Chr5	18858764	18859248	485	0.889299677309481	0.873163347507618	0.794107357311878
BG_LTR_like_15156	Strict non-ONSEN TE background	Chr5	19246340	19246542	203	0.934310940015733	0.906132617268959	0.81904942676991
BG_LTR_like_15159	Strict non-ONSEN TE background	Chr5	19246559	19248022	1464	1	0.957783974303933	0.919068266833305
BG_LTR_like_15212	Strict non-ONSEN TE background	Chr5	19493778	19494625	848	0.997057323853935	0.981664403893006	0.902865896980714
BG_LTR_like_15230	Strict non-ONSEN TE background	Chr5	19545883	19546188	306	0.844337608750266	0.838691777110486	0.800519498829501
BG_LTR_like_15231	Strict non-ONSEN TE background	Chr5	19556152	19556460	309	0.856487351505556	0.825673239179564	0.788968758338621
BG_LTR_like_15232	Strict non-ONSEN TE background	Chr5	19557040	19557327	288	0.879892100731311	0.87006816383366	0.832136711265458
BG_LTR_like_15246	Strict non-ONSEN TE background	Chr5	19891196	19891846	651	0.830279101540242	0.829193855943345	0.751776669571644
BG_LTR_like_15247	Strict non-ONSEN TE background	Chr5	19891863	19892519	657	0.830279101540242	0.830279101540242	0.746857104075208
BG_LTR_like_15268	Strict non-ONSEN TE background	Chr5	19971190	19971459	270	0.874714283560792	0.847943650457771	0.802759736177963
BG_LTR_like_15280	Strict non-ONSEN TE background	Chr5	20209388	20209853	466	0.914982098538431	0.871774993666661	0.789331083069523
BG_LTR_like_15281	Strict non-ONSEN TE background	Chr5	20209999	20210374	376	0.947729284558774	0.903291745025314	0.841099325358669
BG_LTR_like_15301	Strict non-ONSEN TE background	Chr5	20400286	20401456	1171	0.957552433785568	0.947758038804088	0.878461175460298
BG_LTR_like_15302	Strict non-ONSEN TE background	Chr5	20408154	20408430	277	0.925362625658487	0.893740456558817	0.820540478188194
BG_LTR_like_15364	Strict non-ONSEN TE background	Chr5	21123099	21123539	441	0.830279101540242	0.817531177670797	0.778184784858582
BG_LTR_like_15367	Strict non-ONSEN TE background	Chr5	21148158	21148774	617	0.892687946311799	0.888513455788232	0.858043473624224
BG_LTR_like_15368	Strict non-ONSEN TE background	Chr5	21162772	21163127	356	0.925362625658487	0.901193752444245	0.8222088932647
BG_LTR_like_15418	Strict non-ONSEN TE background	Chr5	21851493	21852224	732	0.978131699864756	0.961809115373943	0.846080954805451
BG_LTR_like_15573	Strict non-ONSEN TE background	Chr5	22956222	22957218	997	1	0.961377421268428	0.886722157626647
BG_LTR_like_15790	Strict non-ONSEN TE background	Chr5	25716291	25716629	339	0.897933220272539	0.864637633983959	0.734784971498177
BG_LTR_like_15819	Strict non-ONSEN TE background	Chr5	26258474	26260064	1591	0.936888323873096	0.909148109941385	0.881124592159738
BG_LTR_like_15888	Strict non-ONSEN TE background	Chr5	26415607	26415807	201	0.889089485063815	0.851113372089183	0.816737679038973
